<?xml version = '1.0' encoding = 'UTF-8'?>
<Diagram class="oracle.dbtools.crest.swingui.relational.DPVRelational" name="DDL" id="6D5EC5CD-CCEE-47A6-ABBE-1A727D024227">
<createdBy>renatoaravena</createdBy>
<modifiedBy>renatoaravena</modifiedBy>
<createdTime>2025-10-13 01:46:14 UTC</createdTime>
<autoRoute>false</autoRoute>
<boxInbox>true</boxInbox>
<showLegend>false</showLegend>
<showLabels>false</showLabels>
<showRelAttributes>false</showRelAttributes>
<gridEnabled>false</gridEnabled>
<showGrid>false</showGrid>
<diagramColor>-1</diagramColor>
<display>false</display>
<notation>1</notation>
<objectViews>
<OView class="oracle.dbtools.crest.swingui.relational.TVTable" oid="04492001-0E24-E2E5-EAA0-7F22CABE3D69" otype="Table" vid="D116559F-ADD4-DC64-A2E1-2AD0102865DF">
<hideElementsInCurrentOnly>false</hideElementsInCurrentOnly>
<bounds x="623" y="578" width="237" height="102"/>
</OView>
<OView class="oracle.dbtools.crest.swingui.relational.TVTable" oid="052EE2BE-F725-EF58-2445-9F4F5A2D32DE" otype="Table" vid="2B9AE4EF-3F89-1EA3-BAA8-E1837BFCC139">
<hideElementsInCurrentOnly>false</hideElementsInCurrentOnly>
<bounds x="1315" y="796" width="213" height="102"/>
</OView>
<OView class="oracle.dbtools.crest.swingui.relational.TVTable" oid="25AF289F-7A62-7281-3377-074FEEE1A26F" otype="Table" vid="39D59303-719D-913D-61A5-B6475C136010">
<hideElementsInCurrentOnly>false</hideElementsInCurrentOnly>
<bounds x="321" y="578" width="222" height="115"/>
</OView>
<OView class="oracle.dbtools.crest.swingui.relational.TVTable" oid="2754095D-99EE-B457-A7D3-1F282058C7AF" otype="Table" vid="76A08D3A-FCE7-662D-DFC5-AF5A1BCB671D">
<hideElementsInCurrentOnly>false</hideElementsInCurrentOnly>
<bounds x="1527" y="273" width="238" height="141"/>
</OView>
<OView class="oracle.dbtools.crest.swingui.relational.TVTable" oid="3991BA70-0DF3-3F20-96A9-444AA612605C" otype="Table" vid="8762C0AE-2A89-302E-EED2-0936ED432BB5">
<hideElementsInCurrentOnly>false</hideElementsInCurrentOnly>
<bounds x="1246" y="376" width="201" height="83"/>
</OView>
<OView class="oracle.dbtools.crest.swingui.relational.TVTable" oid="3B6F5F54-4B76-13E6-530A-FB7C233CFD11" otype="Table" vid="1BDF6714-5FF2-0AEA-0B72-C6F4C07D0ABA">
<hideElementsInCurrentOnly>false</hideElementsInCurrentOnly>
<bounds x="940" y="20" width="293" height="193"/>
</OView>
<OView class="oracle.dbtools.crest.swingui.relational.TVTable" oid="3DF1CFDA-699D-7934-C501-05ADC3638271" otype="Table" vid="39E20B48-FFD0-E406-3589-39EC6AE2D5D3">
<hideElementsInCurrentOnly>false</hideElementsInCurrentOnly>
<bounds x="1616" y="804" width="207" height="83"/>
</OView>
<OView class="oracle.dbtools.crest.swingui.relational.TVTable" oid="40BCF2C2-6C35-D41A-A050-27AD577C2DCB" otype="Table" vid="E5DE45E0-2CFB-DDE1-13E0-98940CD50C7A">
<hideElementsInCurrentOnly>false</hideElementsInCurrentOnly>
<bounds x="20" y="578" width="221" height="115"/>
</OView>
<OView class="oracle.dbtools.crest.swingui.relational.TVTable" oid="7A46A6E2-0073-F6CC-1F5C-7986EE4FE848" otype="Table" vid="6C103CF1-B6B8-DE77-721F-9A4665803CC0">
<hideElementsInCurrentOnly>false</hideElementsInCurrentOnly>
<bounds x="941" y="578" width="212" height="115"/>
</OView>
<OView class="oracle.dbtools.crest.swingui.relational.TVTable" oid="9E0CC62E-2F6E-AA9D-8307-CC4CAFF5846A" otype="Table" vid="6A5E7847-B8E8-D04C-C7FC-4A02A1513E86">
<hideElementsInCurrentOnly>false</hideElementsInCurrentOnly>
<bounds x="940" y="273" width="226" height="245"/>
</OView>
<OView class="oracle.dbtools.crest.swingui.relational.TVTable" oid="B701FC22-C8E8-C32D-8F73-0EA9B3A1330C" otype="Table" vid="5D6B159D-D956-9D60-BD9C-1230F66E0FC1">
<hideElementsInCurrentOnly>false</hideElementsInCurrentOnly>
<bounds x="1313" y="20" width="201" height="109"/>
</OView>
<OView class="oracle.dbtools.crest.swingui.relational.TVTable" oid="C5596C95-F560-AE31-E837-010D82B46D6A" otype="Table" vid="989293BF-0915-4191-5D12-D37FA950745D">
<hideElementsInCurrentOnly>false</hideElementsInCurrentOnly>
<bounds x="1246" y="273" width="191" height="83"/>
</OView>
<OView class="oracle.dbtools.crest.swingui.relational.TVTable" oid="CB1DDD19-1E87-D0C4-74D3-4DB6FF21B401" otype="Table" vid="2FDB2E36-E21D-9A56-EFB8-2577C0C55091">
<hideElementsInCurrentOnly>false</hideElementsInCurrentOnly>
<bounds x="1528" y="474" width="230" height="83"/>
</OView>
<OView class="oracle.dbtools.crest.swingui.relational.TVTable" oid="E6D46D50-0F90-5BFA-A338-77F0E16284A8" otype="Table" vid="B347F0E1-6283-9D17-8560-B5C8BE8A16E3">
<hideElementsInCurrentOnly>false</hideElementsInCurrentOnly>
<bounds x="762" y="822" width="269" height="167"/>
</OView>
</objectViews>
<connectors>
<Connector class="oracle.dbtools.crest.swingui.relational.TVFKRelation" oid="18C384AF-B24B-8207-B210-B850DDF32A37" otype="FKIndexAssociation" vid_source="E5DE45E0-2CFB-DDE1-13E0-98940CD50C7A" vid_target="B347F0E1-6283-9D17-8560-B5C8BE8A16E3">
<hideElementsInCurrentOnly>false</hideElementsInCurrentOnly>
<backgroundColor>-16777216</backgroundColor>
<lineWidth>1</lineWidth>
<points>
<point x="241" y="674"/>
<point x="762" y="858"/>
</points>
</Connector>
<Connector class="oracle.dbtools.crest.swingui.relational.TVFKRelation" oid="1FE89E33-7D6E-C4C1-0A42-6EA2BE37A928" otype="FKIndexAssociation" vid_source="6C103CF1-B6B8-DE77-721F-9A4665803CC0" vid_target="76A08D3A-FCE7-662D-DFC5-AF5A1BCB671D">
<hideElementsInCurrentOnly>false</hideElementsInCurrentOnly>
<backgroundColor>-16777216</backgroundColor>
<lineWidth>1</lineWidth>
<points>
<point x="1153" y="583"/>
<point x="1527" y="401"/>
</points>
</Connector>
<Connector class="oracle.dbtools.crest.swingui.relational.TVFKRelation" oid="3ED4DDB1-83FF-B25A-43B0-AFEAF2D85DB8" otype="FKIndexAssociation" vid_source="6A5E7847-B8E8-D04C-C7FC-4A02A1513E86" vid_target="39D59303-719D-913D-61A5-B6475C136010">
<hideElementsInCurrentOnly>false</hideElementsInCurrentOnly>
<backgroundColor>-16777216</backgroundColor>
<lineWidth>1</lineWidth>
<points>
<point x="940" y="439"/>
<point x="543" y="592"/>
</points>
</Connector>
<Connector class="oracle.dbtools.crest.swingui.relational.TVFKRelation" oid="5876529B-B219-8D4F-6952-49BEDE5CA66F" otype="FKIndexAssociation" vid_source="5D6B159D-D956-9D60-BD9C-1230F66E0FC1" vid_target="1BDF6714-5FF2-0AEA-0B72-C6F4C07D0ABA">
<hideElementsInCurrentOnly>false</hideElementsInCurrentOnly>
<backgroundColor>-16777216</backgroundColor>
<lineWidth>1</lineWidth>
<points>
<point x="1313" y="74"/>
<point x="1233" y="74"/>
</points>
</Connector>
<Connector class="oracle.dbtools.crest.swingui.relational.TVFKRelation" oid="63DE7866-B961-D891-9A88-045316643294" otype="FKIndexAssociation" vid_source="6A5E7847-B8E8-D04C-C7FC-4A02A1513E86" vid_target="D116559F-ADD4-DC64-A2E1-2AD0102865DF">
<hideElementsInCurrentOnly>false</hideElementsInCurrentOnly>
<backgroundColor>-16777216</backgroundColor>
<lineWidth>1</lineWidth>
<points>
<point x="940" y="480"/>
<point x="809" y="578"/>
</points>
</Connector>
<Connector class="oracle.dbtools.crest.swingui.relational.TVFKRelation" oid="7B849642-5844-020E-6716-A2E42E35C108" otype="FKIndexAssociation" vid_source="8762C0AE-2A89-302E-EED2-0936ED432BB5" vid_target="6A5E7847-B8E8-D04C-C7FC-4A02A1513E86">
<hideElementsInCurrentOnly>false</hideElementsInCurrentOnly>
<backgroundColor>-16777216</backgroundColor>
<lineWidth>1</lineWidth>
<points>
<point x="1246" y="417"/>
<point x="1166" y="417"/>
</points>
</Connector>
<Connector class="oracle.dbtools.crest.swingui.relational.TVFKRelation" oid="816C4D5D-7ADD-AE55-171B-78321DE090F3" otype="FKIndexAssociation" vid_source="6C103CF1-B6B8-DE77-721F-9A4665803CC0" vid_target="6A5E7847-B8E8-D04C-C7FC-4A02A1513E86">
<hideElementsInCurrentOnly>false</hideElementsInCurrentOnly>
<backgroundColor>-16777216</backgroundColor>
<lineWidth>1</lineWidth>
<points>
<point x="1047" y="578"/>
<point x="1047" y="518"/>
</points>
</Connector>
<Connector class="oracle.dbtools.crest.swingui.relational.TVFKRelation" oid="8AC0B4AD-C9A7-2A31-CDC4-AB7FC1EB9932" otype="FKIndexAssociation" vid_source="39E20B48-FFD0-E406-3589-39EC6AE2D5D3" vid_target="2B9AE4EF-3F89-1EA3-BAA8-E1837BFCC139">
<hideElementsInCurrentOnly>false</hideElementsInCurrentOnly>
<backgroundColor>-16777216</backgroundColor>
<lineWidth>1</lineWidth>
<points>
<point x="1616" y="845"/>
<point x="1528" y="845"/>
</points>
</Connector>
<Connector class="oracle.dbtools.crest.swingui.relational.TVFKRelation" oid="9BFA1951-3EDF-B31E-545A-2D906CE381C1" otype="FKIndexAssociation" vid_source="6A5E7847-B8E8-D04C-C7FC-4A02A1513E86" vid_target="1BDF6714-5FF2-0AEA-0B72-C6F4C07D0ABA">
<hideElementsInCurrentOnly>false</hideElementsInCurrentOnly>
<backgroundColor>-16777216</backgroundColor>
<lineWidth>1</lineWidth>
<points>
<point x="1053" y="273"/>
<point x="1053" y="213"/>
</points>
</Connector>
<Connector class="oracle.dbtools.crest.swingui.relational.TVFKRelation" oid="A95DF43F-8D5E-848C-EDD4-77C739BADFEC" otype="FKIndexAssociation" vid_source="6A5E7847-B8E8-D04C-C7FC-4A02A1513E86" vid_target="6A5E7847-B8E8-D04C-C7FC-4A02A1513E86">
<hideElementsInCurrentOnly>false</hideElementsInCurrentOnly>
<backgroundColor>-16777216</backgroundColor>
<lineWidth>1</lineWidth>
<points>
<point x="1166" y="417"/>
<point x="1191" y="417"/>
<point x="1191" y="543"/>
<point x="1072" y="543"/>
<point x="1072" y="518"/>
</points>
</Connector>
<Connector class="oracle.dbtools.crest.swingui.relational.TVFKRelation" oid="ABDB24B9-9A8E-D373-DF66-87E13C9D308B" otype="FKIndexAssociation" vid_source="6A5E7847-B8E8-D04C-C7FC-4A02A1513E86" vid_target="E5DE45E0-2CFB-DDE1-13E0-98940CD50C7A">
<hideElementsInCurrentOnly>false</hideElementsInCurrentOnly>
<backgroundColor>-16777216</backgroundColor>
<lineWidth>1</lineWidth>
<points>
<point x="940" y="424"/>
<point x="241" y="606"/>
</points>
</Connector>
<Connector class="oracle.dbtools.crest.swingui.relational.TVFKRelation" oid="AED57F85-A121-1D80-175D-42C462BA7351" otype="FKIndexAssociation" vid_source="76A08D3A-FCE7-662D-DFC5-AF5A1BCB671D" vid_target="1BDF6714-5FF2-0AEA-0B72-C6F4C07D0ABA">
<hideElementsInCurrentOnly>false</hideElementsInCurrentOnly>
<backgroundColor>-16777216</backgroundColor>
<lineWidth>1</lineWidth>
<points>
<point x="1527" y="295"/>
<point x="1233" y="175"/>
</points>
</Connector>
<Connector class="oracle.dbtools.crest.swingui.relational.TVFKRelation" oid="C6DFD60F-1C4B-E489-DA3F-B381D29CC4E6" otype="FKIndexAssociation" vid_source="2B9AE4EF-3F89-1EA3-BAA8-E1837BFCC139" vid_target="6C103CF1-B6B8-DE77-721F-9A4665803CC0">
<hideElementsInCurrentOnly>false</hideElementsInCurrentOnly>
<backgroundColor>-16777216</backgroundColor>
<lineWidth>1</lineWidth>
<points>
<point x="1331" y="796"/>
<point x="1148" y="693"/>
</points>
</Connector>
<Connector class="oracle.dbtools.crest.swingui.relational.TVFKRelation" oid="CB055773-4B8B-F145-9A1A-DAA88A22DC4F" otype="FKIndexAssociation" vid_source="2FDB2E36-E21D-9A56-EFB8-2577C0C55091" vid_target="76A08D3A-FCE7-662D-DFC5-AF5A1BCB671D">
<hideElementsInCurrentOnly>false</hideElementsInCurrentOnly>
<backgroundColor>-16777216</backgroundColor>
<lineWidth>1</lineWidth>
<points>
<point x="1643" y="474"/>
<point x="1643" y="414"/>
</points>
</Connector>
<Connector class="oracle.dbtools.crest.swingui.relational.TVFKRelation" oid="D4845C6C-BE1C-B9A7-B8CA-65216E6C209E" otype="FKIndexAssociation" vid_source="76A08D3A-FCE7-662D-DFC5-AF5A1BCB671D" vid_target="B347F0E1-6283-9D17-8560-B5C8BE8A16E3">
<hideElementsInCurrentOnly>false</hideElementsInCurrentOnly>
<backgroundColor>-16777216</backgroundColor>
<lineWidth>1</lineWidth>
<points>
<point x="1551" y="414"/>
<point x="1007" y="822"/>
</points>
</Connector>
<Connector class="oracle.dbtools.crest.swingui.relational.TVFKRelation" oid="F516F214-FC16-E5E1-6BE5-CFE4A61F9F26" otype="FKIndexAssociation" vid_source="989293BF-0915-4191-5D12-D37FA950745D" vid_target="6A5E7847-B8E8-D04C-C7FC-4A02A1513E86">
<hideElementsInCurrentOnly>false</hideElementsInCurrentOnly>
<backgroundColor>-16777216</backgroundColor>
<lineWidth>1</lineWidth>
<points>
<point x="1246" y="314"/>
<point x="1166" y="314"/>
</points>
</Connector>
</connectors>
</Diagram>