<?xml version = '1.0' encoding = 'UTF-8'?>
<Relation class="oracle.dbtools.crest.model.design.logical.Relation" name="Relation_3" directorySegmentName="seg_0" id="AF916E33-44A2-1EEF-36F4-F1279D872E93">
<createdBy>renatoaravena</createdBy>
<createdTime>2025-08-19 02:46:18 UTC</createdTime>
<ownerDesignName>Entrega1BaseDeDatos</ownerDesignName>
<engineerTo>
<item key="4BB2E06E-728F-1164-A3E1-32FA0911BEC4" value="true"/>
</engineerTo>
<sourcePk>5CD7FD00-7A06-5910-E97B-7F867FBCB795</sourcePk>
<identifying>false</identifying>
<optionalSource>true</optionalSource>
<optionalTarget>false</optionalTarget>
<sourceCardinality>1</sourceCardinality>
<sourceEntity>EA7F78D0-C6A4-25BF-15DC-6E6469E74157</sourceEntity>
<targetCardinalityString>*</targetCardinalityString>
<targetEntity>9E85224A-FCF2-08AC-5698-A352C4BAB7CB</targetEntity>
<transferable>true</transferable>
<deleteRule>NO ACTION</deleteRule>
</Relation>