<?xml version = '1.0' encoding = 'UTF-8'?>
<Diagram class="oracle.dbtools.crest.swingui.logical.DPVLogical" name="Logical" id="9F525DF9-2569-F056-0822-2E41C49756D4">
<createdBy>renatoaravena</createdBy>
<modifiedBy>renatoaravena</modifiedBy>
<createdTime>2025-10-13 02:12:50 UTC</createdTime>
<autoRoute>false</autoRoute>
<boxInbox>true</boxInbox>
<showLegend>false</showLegend>
<showLabels>false</showLabels>
<showRelAttributes>false</showRelAttributes>
<gridEnabled>false</gridEnabled>
<showGrid>false</showGrid>
<diagramColor>-1</diagramColor>
<display>false</display>
<notation>1</notation>
<objectViews>
<OView class="oracle.dbtools.crest.swingui.logical.TVEntity" oid="00CC3DAE-45D5-98B7-4F55-8E9E63BEC83D" otype="Entity" vid="B9DEE28A-21E5-8BA0-9E0E-BB008426E139">
<hideElementsInCurrentOnly>false</hideElementsInCurrentOnly>
<bounds x="580" y="32" width="237" height="102"/>
</OView>
<OView class="oracle.dbtools.crest.swingui.logical.TVEntity" oid="0BE2D0D1-EA49-DAE0-FEE0-2876E7CF2DF5" otype="Entity" vid="355ABC35-EA9C-5B34-2DA7-312B48BFAAB9">
<hideElementsInCurrentOnly>false</hideElementsInCurrentOnly>
<bounds x="1394" y="18" width="191" height="83"/>
</OView>
<OView class="oracle.dbtools.crest.swingui.logical.TVEntity" oid="14FF45B4-6B24-A115-AD18-D69A5DE1BBF8" otype="Entity" vid="6C9E87BE-F7D5-DC15-15AD-1A4E67721C8C">
<hideElementsInCurrentOnly>false</hideElementsInCurrentOnly>
<bounds x="171" y="1009" width="230" height="83"/>
</OView>
<OView class="oracle.dbtools.crest.swingui.logical.TVEntity" oid="20F9208B-E4E3-FD09-296C-0662A41232F3" otype="Entity" vid="29832DCC-FE92-5010-2639-645FF2A0E0A9">
<hideElementsInCurrentOnly>false</hideElementsInCurrentOnly>
<bounds x="159" y="805" width="238" height="141"/>
</OView>
<OView class="oracle.dbtools.crest.swingui.logical.TVEntity" oid="28AFF4A9-E72C-0408-CBC4-B7E732F6D2E7" otype="Entity" vid="0C8C5561-0680-3D03-EBD4-55A5A3913DF7">
<hideElementsInCurrentOnly>false</hideElementsInCurrentOnly>
<bounds x="1407" y="311" width="213" height="102"/>
</OView>
<OView class="oracle.dbtools.crest.swingui.logical.TVEntity" oid="2E82139F-0BD2-88A7-B839-CAF17016F17A" otype="Entity" vid="3B9217B0-9C3C-DEC7-BA0B-0CCD1AB810E4">
<hideElementsInCurrentOnly>false</hideElementsInCurrentOnly>
<bounds x="85" y="32" width="201" height="109"/>
</OView>
<OView class="oracle.dbtools.crest.swingui.logical.TVEntity" oid="50C879B4-6117-58FB-2DFB-553567EBAAC5" otype="Entity" vid="7484463D-074B-776F-04C1-84A862AEA50A">
<hideElementsInCurrentOnly>false</hideElementsInCurrentOnly>
<bounds x="944" y="25" width="226" height="245"/>
</OView>
<OView class="oracle.dbtools.crest.swingui.logical.TVEntity" oid="61D2362D-912E-AD66-3F57-84C674708C6F" otype="Entity" vid="44C8E6A4-C1B5-6C09-D6CE-F1EC551C2D42">
<hideElementsInCurrentOnly>false</hideElementsInCurrentOnly>
<bounds x="693" y="440" width="221" height="115"/>
</OView>
<OView class="oracle.dbtools.crest.swingui.logical.TVEntity" oid="6D8B64A1-B2ED-88B7-E4D4-30C67D2BF9FF" otype="Entity" vid="CE16FA77-E04D-08E9-5C96-7149AF958275">
<hideElementsInCurrentOnly>false</hideElementsInCurrentOnly>
<bounds x="144" y="197" width="293" height="193"/>
</OView>
<OView class="oracle.dbtools.crest.swingui.logical.TVEntity" oid="A075B6A3-0880-2663-2011-3A81EB836B93" otype="Entity" vid="47BE50EB-BCEE-9A2E-1C72-F6C2F6303910">
<hideElementsInCurrentOnly>false</hideElementsInCurrentOnly>
<bounds x="962" y="435" width="222" height="115"/>
</OView>
<OView class="oracle.dbtools.crest.swingui.logical.TVEntity" oid="B53C45E5-092B-2D20-3D0C-2B110ECBB334" otype="Entity" vid="A84F7AD1-5E67-767D-8329-EE72E5B65CE7">
<hideElementsInCurrentOnly>false</hideElementsInCurrentOnly>
<bounds x="795" y="812" width="269" height="167"/>
</OView>
<OView class="oracle.dbtools.crest.swingui.logical.TVEntity" oid="B6E5F6DF-940F-2EEE-213F-81A5CBB2257F" otype="Entity" vid="E3CFF7B5-E554-1B93-A850-5E8AC9E771F8">
<hideElementsInCurrentOnly>false</hideElementsInCurrentOnly>
<bounds x="263" y="475" width="221" height="115"/>
</OView>
<OView class="oracle.dbtools.crest.swingui.logical.TVEntity" oid="C35CFD92-B7AA-67AE-26D9-0012A1B35646" otype="Entity" vid="C33162C2-FE4B-02E9-C814-3A1223DA537D">
<hideElementsInCurrentOnly>false</hideElementsInCurrentOnly>
<bounds x="1716" y="309" width="207" height="83"/>
</OView>
<OView class="oracle.dbtools.crest.swingui.logical.TVEntity" oid="C6FEFE41-BEB6-8737-E881-523EEC53A954" otype="Entity" vid="7F7AB0D5-313F-2B04-2D0E-EE302033C834">
<hideElementsInCurrentOnly>false</hideElementsInCurrentOnly>
<bounds x="1361" y="484" width="212" height="115"/>
</OView>
<OView class="oracle.dbtools.crest.swingui.logical.TVEntity" oid="D159117D-C848-6477-6DE7-4188766E6901" otype="Entity" vid="B8ADA2C9-EF30-2858-6FB2-54050AD35BD7">
<hideElementsInCurrentOnly>false</hideElementsInCurrentOnly>
<bounds x="1386" y="162" width="201" height="83"/>
</OView>
</objectViews>
<connectors>
<Connector class="oracle.dbtools.crest.swingui.logical.TVRelation" oid="1408F12A-98B0-2BF3-0DF9-1095A0A61A5A" otype="Relation" vid_source="3B9217B0-9C3C-DEC7-BA0B-0CCD1AB810E4" vid_target="CE16FA77-E04D-08E9-5C96-7149AF958275">
<hideElementsInCurrentOnly>false</hideElementsInCurrentOnly>
<backgroundColor>-16777216</backgroundColor>
<lineWidth>1</lineWidth>
<points>
<point x="230" y="141"/>
<point x="230" y="197"/>
</points>
</Connector>
<Connector class="oracle.dbtools.crest.swingui.logical.TVRelation" oid="4CB133F4-1BB2-0EAF-4F39-4FDB181DF361" otype="Relation" vid_source="B8ADA2C9-EF30-2858-6FB2-54050AD35BD7" vid_target="7484463D-074B-776F-04C1-84A862AEA50A">
<hideElementsInCurrentOnly>false</hideElementsInCurrentOnly>
<backgroundColor>-16777216</backgroundColor>
<lineWidth>1</lineWidth>
<points>
<point x="1386" y="203"/>
<point x="1170" y="203"/>
</points>
</Connector>
<Connector class="oracle.dbtools.crest.swingui.logical.TVRelation" oid="4DE16A8F-49A8-2747-19F3-1871AF3BDA57" otype="Relation" vid_source="7F7AB0D5-313F-2B04-2D0E-EE302033C834" vid_target="7484463D-074B-776F-04C1-84A862AEA50A">
<hideElementsInCurrentOnly>false</hideElementsInCurrentOnly>
<backgroundColor>-16777216</backgroundColor>
<lineWidth>1</lineWidth>
<points>
<point x="1407" y="484"/>
<point x="1155" y="270"/>
</points>
</Connector>
<Connector class="oracle.dbtools.crest.swingui.logical.TVRelation" oid="7E7DA1C7-55C7-98A3-2271-819CEE3D0A6F" otype="Relation" vid_source="7484463D-074B-776F-04C1-84A862AEA50A" vid_target="44C8E6A4-C1B5-6C09-D6CE-F1EC551C2D42">
<hideElementsInCurrentOnly>false</hideElementsInCurrentOnly>
<backgroundColor>-16777216</backgroundColor>
<lineWidth>1</lineWidth>
<points>
<point x="968" y="270"/>
<point x="830" y="440"/>
</points>
</Connector>
<Connector class="oracle.dbtools.crest.swingui.logical.TVRelation" oid="89AB75C6-DC59-7BCD-F847-917F3E28B65A" otype="Relation" vid_source="0C8C5561-0680-3D03-EBD4-55A5A3913DF7" vid_target="7F7AB0D5-313F-2B04-2D0E-EE302033C834">
<hideElementsInCurrentOnly>false</hideElementsInCurrentOnly>
<backgroundColor>-16777216</backgroundColor>
<lineWidth>1</lineWidth>
<points>
<point x="1490" y="413"/>
<point x="1490" y="484"/>
</points>
</Connector>
<Connector class="oracle.dbtools.crest.swingui.logical.TVRelation" oid="8A27583F-28BC-F585-37A2-4672B976DAC9" otype="Relation" vid_source="7484463D-074B-776F-04C1-84A862AEA50A" vid_target="B9DEE28A-21E5-8BA0-9E0E-BB008426E139">
<hideElementsInCurrentOnly>false</hideElementsInCurrentOnly>
<backgroundColor>-16777216</backgroundColor>
<lineWidth>1</lineWidth>
<points>
<point x="944" y="83"/>
<point x="817" y="83"/>
</points>
</Connector>
<Connector class="oracle.dbtools.crest.swingui.logical.TVRelation" oid="95C6B50B-0444-5A52-2D67-238E038DEBFD" otype="Relation" vid_source="C33162C2-FE4B-02E9-C814-3A1223DA537D" vid_target="0C8C5561-0680-3D03-EBD4-55A5A3913DF7">
<hideElementsInCurrentOnly>false</hideElementsInCurrentOnly>
<backgroundColor>-16777216</backgroundColor>
<lineWidth>1</lineWidth>
<points>
<point x="1716" y="351"/>
<point x="1620" y="351"/>
</points>
</Connector>
<Connector class="oracle.dbtools.crest.swingui.logical.TVRelation" oid="9C263235-C719-64E2-9ECE-B04813E76EB6" otype="Relation" vid_source="7F7AB0D5-313F-2B04-2D0E-EE302033C834" vid_target="29832DCC-FE92-5010-2639-645FF2A0E0A9">
<hideElementsInCurrentOnly>false</hideElementsInCurrentOnly>
<backgroundColor>-16777216</backgroundColor>
<lineWidth>1</lineWidth>
<points>
<point x="1361" y="571"/>
<point x="397" y="842"/>
</points>
</Connector>
<Connector class="oracle.dbtools.crest.swingui.logical.TVRelation" oid="A48C2836-F072-C6FE-866F-2DD2E8905D26" otype="Relation" vid_source="29832DCC-FE92-5010-2639-645FF2A0E0A9" vid_target="CE16FA77-E04D-08E9-5C96-7149AF958275">
<hideElementsInCurrentOnly>false</hideElementsInCurrentOnly>
<backgroundColor>-16777216</backgroundColor>
<lineWidth>1</lineWidth>
<points>
<point x="278" y="805"/>
<point x="278" y="390"/>
</points>
</Connector>
<Connector class="oracle.dbtools.crest.swingui.logical.TVRelation" oid="BCA2B9BF-29F5-DDEC-AAEF-420AF1DCB01F" otype="Relation" vid_source="E3CFF7B5-E554-1B93-A850-5E8AC9E771F8" vid_target="A84F7AD1-5E67-767D-8329-EE72E5B65CE7">
<hideElementsInCurrentOnly>false</hideElementsInCurrentOnly>
<backgroundColor>-16777216</backgroundColor>
<lineWidth>1</lineWidth>
<points>
<point x="461" y="590"/>
<point x="816" y="812"/>
</points>
</Connector>
<Connector class="oracle.dbtools.crest.swingui.logical.TVRelation" oid="BCC3B9F4-4300-030C-0D0B-770D2A1DDA4F" otype="Relation" vid_source="7484463D-074B-776F-04C1-84A862AEA50A" vid_target="47BE50EB-BCEE-9A2E-1C72-F6C2F6303910">
<hideElementsInCurrentOnly>false</hideElementsInCurrentOnly>
<backgroundColor>-16777216</backgroundColor>
<lineWidth>1</lineWidth>
<points>
<point x="1066" y="270"/>
<point x="1066" y="435"/>
</points>
</Connector>
<Connector class="oracle.dbtools.crest.swingui.logical.TVRelation" oid="CAB19328-8F6F-D958-EF38-341A8CCEEB4B" otype="Relation" vid_source="355ABC35-EA9C-5B34-2DA7-312B48BFAAB9" vid_target="7484463D-074B-776F-04C1-84A862AEA50A">
<hideElementsInCurrentOnly>false</hideElementsInCurrentOnly>
<backgroundColor>-16777216</backgroundColor>
<lineWidth>1</lineWidth>
<points>
<point x="1394" y="63"/>
<point x="1170" y="63"/>
</points>
</Connector>
<Connector class="oracle.dbtools.crest.swingui.logical.TVRelation" oid="DC7CDA69-A37D-36DA-BFC3-7D6B2C31C958" otype="Relation" vid_source="7484463D-074B-776F-04C1-84A862AEA50A" vid_target="E3CFF7B5-E554-1B93-A850-5E8AC9E771F8">
<hideElementsInCurrentOnly>false</hideElementsInCurrentOnly>
<backgroundColor>-16777216</backgroundColor>
<lineWidth>1</lineWidth>
<points>
<point x="944" y="211"/>
<point x="460" y="475"/>
</points>
</Connector>
<Connector class="oracle.dbtools.crest.swingui.logical.TVRelation" oid="DEE75470-5C8F-AA72-184B-B2C3ACEDBC5F" otype="Relation" vid_source="7484463D-074B-776F-04C1-84A862AEA50A" vid_target="CE16FA77-E04D-08E9-5C96-7149AF958275">
<hideElementsInCurrentOnly>false</hideElementsInCurrentOnly>
<backgroundColor>-16777216</backgroundColor>
<lineWidth>1</lineWidth>
<points>
<point x="944" y="233"/>
<point x="437" y="233"/>
</points>
</Connector>
<Connector class="oracle.dbtools.crest.swingui.logical.TVRelation" oid="E6EA5CE5-63DA-FD6C-92C6-E99728DC2BCC" otype="Relation" vid_source="7484463D-074B-776F-04C1-84A862AEA50A" vid_target="7484463D-074B-776F-04C1-84A862AEA50A">
<hideElementsInCurrentOnly>false</hideElementsInCurrentOnly>
<backgroundColor>-16777216</backgroundColor>
<lineWidth>1</lineWidth>
<points>
<point x="1170" y="169"/>
<point x="1220" y="169"/>
<point x="1220" y="320"/>
<point x="1076" y="320"/>
<point x="1076" y="270"/>
</points>
</Connector>
<Connector class="oracle.dbtools.crest.swingui.logical.TVRelation" oid="F065F7ED-89FF-B1AC-FB63-AAFD43EC7A40" otype="Relation" vid_source="29832DCC-FE92-5010-2639-645FF2A0E0A9" vid_target="A84F7AD1-5E67-767D-8329-EE72E5B65CE7">
<hideElementsInCurrentOnly>false</hideElementsInCurrentOnly>
<backgroundColor>-16777216</backgroundColor>
<lineWidth>1</lineWidth>
<points>
<point x="397" y="879"/>
<point x="795" y="879"/>
</points>
</Connector>
<Connector class="oracle.dbtools.crest.swingui.logical.TVRelation" oid="F1F8C3BB-A2CD-A7E6-EAAF-8B895A3F662A" otype="Relation" vid_source="6C9E87BE-F7D5-DC15-15AD-1A4E67721C8C" vid_target="29832DCC-FE92-5010-2639-645FF2A0E0A9">
<hideElementsInCurrentOnly>false</hideElementsInCurrentOnly>
<backgroundColor>-16777216</backgroundColor>
<lineWidth>1</lineWidth>
<points>
<point x="284" y="1009"/>
<point x="284" y="946"/>
</points>
</Connector>
</connectors>
</Diagram>