<?xml version = '1.0' encoding = 'UTF-8'?>
<Diagram class="oracle.dbtools.crest.swingui.logical.DPVLogical" name="Logical" id="7A3DB2D0-AEE7-100D-68FD-EE503CFEE06C">
<createdBy>renatoaravena</createdBy>
<modifiedBy>renatoaravena</modifiedBy>
<createdTime>2025-09-16 00:14:19 UTC</createdTime>
<autoRoute>false</autoRoute>
<boxInbox>true</boxInbox>
<showLegend>false</showLegend>
<showLabels>true</showLabels>
<showRelAttributes>false</showRelAttributes>
<gridEnabled>false</gridEnabled>
<showGrid>false</showGrid>
<diagramColor>-1</diagramColor>
<display>false</display>
<notation>1</notation>
<objectViews>
<OView class="oracle.dbtools.crest.swingui.logical.TVEntity" oid="401724D8-4B1C-550E-E6DF-0961277C3B98" otype="Entity" vid="04D87039-4471-903A-A9F0-C31FD0E718E8">
<hideElementsInCurrentOnly>false</hideElementsInCurrentOnly>
<bounds x="1063" y="220" width="201" height="129"/>
</OView>
<OView class="oracle.dbtools.crest.swingui.logical.TVEntity" oid="483740BC-ADF8-8DB4-BAB6-94A32B9580CC" otype="Entity" vid="1C22FE89-409D-3948-1C9D-2C98368FA18D">
<hideElementsInCurrentOnly>false</hideElementsInCurrentOnly>
<bounds x="32" y="50" width="210" height="176"/>
</OView>
<OView class="oracle.dbtools.crest.swingui.logical.TVEntity" oid="5D83DE59-0590-1BEA-EFD2-A72011728617" otype="Entity" vid="6D5DD527-327F-3926-2EEF-F4A5734B516F">
<hideElementsInCurrentOnly>false</hideElementsInCurrentOnly>
<bounds x="698" y="39" width="169" height="185"/>
</OView>
<OView class="oracle.dbtools.crest.swingui.logical.TVEntity" oid="7D0804E3-E6CE-4273-02CE-E6C8FCABFC58" otype="Entity" vid="B354E438-A81E-A2B6-7C91-1919E3C64F41">
<hideElementsInCurrentOnly>false</hideElementsInCurrentOnly>
<bounds x="603" y="775" width="188" height="189"/>
</OView>
<OView class="oracle.dbtools.crest.swingui.logical.TVEntity" oid="9892548B-C9C4-102F-DE6A-5294F737EBFA" otype="Entity" vid="B26DB3D9-61F3-8BD9-D6E3-7781991AA49C">
<hideElementsInCurrentOnly>false</hideElementsInCurrentOnly>
<bounds x="220" y="393" width="198" height="224"/>
</OView>
<OView class="oracle.dbtools.crest.swingui.logical.TVEntity" oid="BBA5D072-15AF-6824-DBF7-AF2FDDB70C69" otype="Entity" vid="1050B5C1-3CC3-AFDE-74E2-ED935CE41CAA">
<hideElementsInCurrentOnly>false</hideElementsInCurrentOnly>
<bounds x="1095" y="444" width="195" height="197"/>
</OView>
<OView class="oracle.dbtools.crest.swingui.logical.TVEntity" oid="D0D8854F-A32D-4D9A-4503-9458223BECFC" otype="Entity" vid="E07A6049-AA47-8B70-EF84-488F45D85AD0">
<hideElementsInCurrentOnly>false</hideElementsInCurrentOnly>
<bounds x="347" y="773" width="184" height="192"/>
</OView>
<OView class="oracle.dbtools.crest.swingui.logical.TVEntity" oid="D1FD576E-3A49-4857-09C6-1E267F671B5B" otype="Entity" vid="3A3B049D-D0EC-8D1D-F8E2-17D11692E912">
<hideElementsInCurrentOnly>false</hideElementsInCurrentOnly>
<bounds x="99" y="770" width="185" height="196"/>
</OView>
<OView class="oracle.dbtools.crest.swingui.logical.TVEntity" oid="DBB6C72F-3584-4B52-D724-764762EACC47" otype="Entity" vid="0D565A79-2FE4-F9C0-590A-4F3109E0B790">
<hideElementsInCurrentOnly>false</hideElementsInCurrentOnly>
<bounds x="366" y="53" width="186" height="178"/>
</OView>
<OView class="oracle.dbtools.crest.swingui.logical.TVEntity" oid="DBCEA5A3-DE01-7E94-B295-C3BF69F2FA9C" otype="Entity" vid="FDEDCBA3-F086-E7C6-AC31-AEC6BAD7083E">
<hideElementsInCurrentOnly>false</hideElementsInCurrentOnly>
<bounds x="783" y="443" width="175" height="189"/>
</OView>
<OView class="oracle.dbtools.crest.swingui.logical.TVEntity" oid="E9A07635-2477-D141-4F81-42F943EA46AB" otype="Entity" vid="45198BE3-DDD0-9305-196F-B746CB7AEF72">
<hideElementsInCurrentOnly>false</hideElementsInCurrentOnly>
<bounds x="1057" y="25" width="192" height="116"/>
</OView>
</objectViews>
<connectors>
<Connector class="oracle.dbtools.crest.swingui.logical.TVRelation" oid="174A54CA-8F44-1F12-1AC2-132DE1AB321B" otype="Relation" vid_source="3A3B049D-D0EC-8D1D-F8E2-17D11692E912" vid_target="B26DB3D9-61F3-8BD9-D6E3-7781991AA49C">
<hideElementsInCurrentOnly>false</hideElementsInCurrentOnly>
<backgroundColor>-16777216</backgroundColor>
<lineWidth>1</lineWidth>
<points>
<point x="185" y="770"/>
<point x="252" y="617"/>
</points>
</Connector>
<Connector class="oracle.dbtools.crest.swingui.logical.TVRelation" oid="18E902AB-0F03-3253-DFFD-5CC4E1016D5E" otype="Relation" vid_source="B26DB3D9-61F3-8BD9-D6E3-7781991AA49C" vid_target="0D565A79-2FE4-F9C0-590A-4F3109E0B790">
<hideElementsInCurrentOnly>false</hideElementsInCurrentOnly>
<backgroundColor>-16777216</backgroundColor>
<lineWidth>1</lineWidth>
<points>
<point x="407" y="393"/>
<point x="407" y="231"/>
</points>
</Connector>
<Connector class="oracle.dbtools.crest.swingui.logical.TVRelation" oid="20ED27D5-CAC8-4DB5-C73B-D03BC0837D6D" otype="Relation" vid_source="1050B5C1-3CC3-AFDE-74E2-ED935CE41CAA" vid_target="FDEDCBA3-F086-E7C6-AC31-AEC6BAD7083E">
<hideElementsInCurrentOnly>false</hideElementsInCurrentOnly>
<backgroundColor>-16777216</backgroundColor>
<lineWidth>1</lineWidth>
<points>
<point x="1095" y="538"/>
<point x="958" y="538"/>
</points>
</Connector>
<Connector class="oracle.dbtools.crest.swingui.logical.TVRelation" oid="44A27CDF-6207-FFA3-4084-C7AA7907BEBB" otype="Relation" vid_source="1C22FE89-409D-3948-1C9D-2C98368FA18D" vid_target="0D565A79-2FE4-F9C0-590A-4F3109E0B790">
<hideElementsInCurrentOnly>false</hideElementsInCurrentOnly>
<backgroundColor>-16777216</backgroundColor>
<lineWidth>1</lineWidth>
<points>
<point x="242" y="139"/>
<point x="366" y="139"/>
</points>
</Connector>
<Connector class="oracle.dbtools.crest.swingui.logical.TVRelation" oid="66E784A2-CA89-77BC-0477-A518D567EFA4" otype="Relation" vid_source="6D5DD527-327F-3926-2EEF-F4A5734B516F" vid_target="0D565A79-2FE4-F9C0-590A-4F3109E0B790">
<hideElementsInCurrentOnly>false</hideElementsInCurrentOnly>
<backgroundColor>-16777216</backgroundColor>
<lineWidth>1</lineWidth>
<points>
<point x="698" y="153"/>
<point x="552" y="153"/>
</points>
</Connector>
<Connector class="oracle.dbtools.crest.swingui.logical.TVRelation" oid="8F6ED8C2-C089-15FB-0765-BC996C233B4B" otype="Relation" vid_source="B354E438-A81E-A2B6-7C91-1919E3C64F41" vid_target="0D565A79-2FE4-F9C0-590A-4F3109E0B790">
<hideElementsInCurrentOnly>false</hideElementsInCurrentOnly>
<backgroundColor>-16777216</backgroundColor>
<lineWidth>1</lineWidth>
<points>
<point x="688" y="775"/>
<point x="488" y="231"/>
</points>
</Connector>
<Connector class="oracle.dbtools.crest.swingui.logical.TVRelation" oid="A0FD4128-4D79-781C-580B-1BBEBFF7E58B" otype="Relation" vid_source="B26DB3D9-61F3-8BD9-D6E3-7781991AA49C" vid_target="B26DB3D9-61F3-8BD9-D6E3-7781991AA49C">
<hideElementsInCurrentOnly>false</hideElementsInCurrentOnly>
<backgroundColor>-16777216</backgroundColor>
<lineWidth>1</lineWidth>
<points>
<point x="220" y="515"/>
<point x="153" y="515"/>
<point x="152" y="332"/>
<point x="283" y="330"/>
<point x="283" y="393"/>
</points>
</Connector>
<Connector class="oracle.dbtools.crest.swingui.logical.TVRelation" oid="AABEEEDB-4D87-D7F0-117D-7451394EB970" otype="Relation" vid_source="E07A6049-AA47-8B70-EF84-488F45D85AD0" vid_target="B26DB3D9-61F3-8BD9-D6E3-7781991AA49C">
<hideElementsInCurrentOnly>false</hideElementsInCurrentOnly>
<backgroundColor>-16777216</backgroundColor>
<lineWidth>1</lineWidth>
<points>
<point x="438" y="773"/>
<point x="342" y="617"/>
</points>
</Connector>
<Connector class="oracle.dbtools.crest.swingui.logical.TVRelation" oid="B4E1E9CE-B11E-C939-85B0-B0F82C867298" otype="Relation" vid_source="45198BE3-DDD0-9305-196F-B746CB7AEF72" vid_target="04D87039-4471-903A-A9F0-C31FD0E718E8">
<hideElementsInCurrentOnly>false</hideElementsInCurrentOnly>
<backgroundColor>-16777216</backgroundColor>
<lineWidth>1</lineWidth>
<points>
<point x="1156" y="141"/>
<point x="1156" y="220"/>
</points>
</Connector>
<Connector class="oracle.dbtools.crest.swingui.logical.TVRelation" oid="BFE04A77-5214-3F7D-229F-8D05EEF09F9F" otype="Relation" vid_source="04D87039-4471-903A-A9F0-C31FD0E718E8" vid_target="6D5DD527-327F-3926-2EEF-F4A5734B516F">
<hideElementsInCurrentOnly>false</hideElementsInCurrentOnly>
<backgroundColor>-16777216</backgroundColor>
<lineWidth>1</lineWidth>
<points>
<point x="1063" y="222"/>
<point x="867" y="138"/>
</points>
</Connector>
<Connector class="oracle.dbtools.crest.swingui.logical.TVRelation" oid="DF2B04D6-0409-14F2-598D-B7D2F2FCDB21" otype="Relation" vid_source="B354E438-A81E-A2B6-7C91-1919E3C64F41" vid_target="B26DB3D9-61F3-8BD9-D6E3-7781991AA49C">
<hideElementsInCurrentOnly>false</hideElementsInCurrentOnly>
<backgroundColor>-16777216</backgroundColor>
<lineWidth>1</lineWidth>
<points>
<point x="634" y="775"/>
<point x="418" y="600"/>
</points>
</Connector>
<Connector class="oracle.dbtools.crest.swingui.logical.TVRelation" oid="E16823FD-C9F7-C1BF-7946-21832616CC6C" otype="Relation" vid_source="0D565A79-2FE4-F9C0-590A-4F3109E0B790" vid_target="FDEDCBA3-F086-E7C6-AC31-AEC6BAD7083E">
<hideElementsInCurrentOnly>false</hideElementsInCurrentOnly>
<backgroundColor>-16777216</backgroundColor>
<lineWidth>1</lineWidth>
<points>
<point x="551" y="231"/>
<point x="798" y="443"/>
</points>
</Connector>
</connectors>
</Diagram>