<?xml version = '1.0' encoding = 'UTF-8'?>
<Diagram class="oracle.dbtools.crest.swingui.relational.DPVRelational" name="DDL(2)" id="6B482964-28EC-0D5B-9BEE-493ECD4189BA">
<createdBy>renatoaravena</createdBy>
<modifiedBy>renatoaravena</modifiedBy>
<createdTime>2025-10-13 02:04:12 UTC</createdTime>
<autoRoute>false</autoRoute>
<boxInbox>true</boxInbox>
<showLegend>false</showLegend>
<showLabels>false</showLabels>
<showRelAttributes>false</showRelAttributes>
<gridEnabled>false</gridEnabled>
<showGrid>false</showGrid>
<diagramColor>-1</diagramColor>
<display>false</display>
<notation>1</notation>
<objectViews>
<OView class="oracle.dbtools.crest.swingui.relational.TVTable" oid="134D2889-1D8C-5CC0-0AA2-38FA62DBA305" otype="Table" vid="4452969F-D7A2-9FAA-5C1F-4F3A2C61CD18">
<hideElementsInCurrentOnly>false</hideElementsInCurrentOnly>
<bounds x="2878" y="828" width="191" height="102"/>
</OView>
<OView class="oracle.dbtools.crest.swingui.relational.TVTable" oid="14F1226A-F6E1-771B-AA74-F1457E80310A" otype="Table" vid="0EDFCB17-E6C6-F8BD-893C-C5B28CF5AB9F">
<hideElementsInCurrentOnly>false</hideElementsInCurrentOnly>
<bounds x="2854" y="513" width="213" height="102"/>
</OView>
<OView class="oracle.dbtools.crest.swingui.relational.TVTable" oid="1664BF39-61C4-E2E3-D956-5AFC7483634D" otype="Table" vid="F0693E38-242E-E37E-13CF-2A2F53703213">
<hideElementsInCurrentOnly>false</hideElementsInCurrentOnly>
<bounds x="2853" y="338" width="212" height="115"/>
</OView>
<OView class="oracle.dbtools.crest.swingui.relational.TVTable" oid="23BAC6A3-149B-7DE7-88D3-96966A951914" otype="Table" vid="569B5894-61DB-3A42-8CC3-12D87E52BB3F">
<hideElementsInCurrentOnly>false</hideElementsInCurrentOnly>
<bounds x="2859" y="20" width="201" height="83"/>
</OView>
<OView class="oracle.dbtools.crest.swingui.relational.TVTable" oid="2596651E-DB1F-A787-DBB3-EAC225145C2D" otype="Table" vid="C7170784-E35F-9988-7660-74375D9E82A6">
<hideElementsInCurrentOnly>false</hideElementsInCurrentOnly>
<bounds x="1640" y="1074" width="179" height="83"/>
</OView>
<OView class="oracle.dbtools.crest.swingui.relational.TVTable" oid="261359EB-D545-A2EE-0A85-EC029466D41F" otype="Table" vid="F429B0F5-AE46-D0B8-0C16-A1B056ACAC7C">
<hideElementsInCurrentOnly>false</hideElementsInCurrentOnly>
<bounds x="695" y="818" width="269" height="167"/>
</OView>
<OView class="oracle.dbtools.crest.swingui.relational.TVTable" oid="265E3B42-83CD-6C8E-0A71-84A8A85DC0F8" otype="Table" vid="1E753561-098D-92DB-D4C9-043C103A4972">
<hideElementsInCurrentOnly>false</hideElementsInCurrentOnly>
<bounds x="1418" y="1201" width="198" height="109"/>
</OView>
<OView class="oracle.dbtools.crest.swingui.relational.TVTable" oid="2C1DDBAF-4B08-B978-CC55-0363AC9CF2F5" otype="Table" vid="F5EA9417-29AD-51CC-7AFF-2A7911B39C02">
<hideElementsInCurrentOnly>false</hideElementsInCurrentOnly>
<bounds x="1843" y="543" width="237" height="102"/>
</OView>
<OView class="oracle.dbtools.crest.swingui.relational.TVTable" oid="36589E3E-ED8D-EC1F-7674-B9C7898FE8B4" otype="Table" vid="148819C7-C8C9-3B19-1C27-4C21F2184D46">
<hideElementsInCurrentOnly>false</hideElementsInCurrentOnly>
<bounds x="3207" y="338" width="191" height="83"/>
</OView>
<OView class="oracle.dbtools.crest.swingui.relational.TVTable" oid="3C0A55F7-97CC-AC61-6397-F7F884070ED4" otype="Table" vid="484F3F49-7563-3A6C-D14E-452799F4E1CC">
<hideElementsInCurrentOnly>false</hideElementsInCurrentOnly>
<bounds x="2547" y="20" width="232" height="258"/>
</OView>
<OView class="oracle.dbtools.crest.swingui.relational.TVTable" oid="3FA5DF2F-C25B-CF7B-4D8C-B8F2848231C7" otype="Table" vid="53606574-032C-069E-553C-7F1350D9D201">
<hideElementsInCurrentOnly>false</hideElementsInCurrentOnly>
<bounds x="2891" y="680" width="207" height="83"/>
</OView>
<OView class="oracle.dbtools.crest.swingui.relational.TVTable" oid="45AF1755-15A8-FFE9-1E65-88878ADB7AAE" otype="Table" vid="90F3AA30-5CC0-92DB-55D0-13BF917DACDC">
<hideElementsInCurrentOnly>false</hideElementsInCurrentOnly>
<bounds x="782" y="332" width="222" height="167"/>
</OView>
<OView class="oracle.dbtools.crest.swingui.relational.TVTable" oid="51D6407E-953A-BE97-E9C5-D3DF7E6693CD" otype="Table" vid="A99DF64B-01EF-E237-1FDB-4FFA8C2BD2F4">
<hideElementsInCurrentOnly>false</hideElementsInCurrentOnly>
<bounds x="1145" y="1055" width="219" height="83"/>
</OView>
<OView class="oracle.dbtools.crest.swingui.relational.TVTable" oid="61021F71-1FBE-BEE0-3D2D-7538224B9491" otype="Table" vid="CD1A285E-A532-94CD-92C0-AF722A3E2429">
<hideElementsInCurrentOnly>false</hideElementsInCurrentOnly>
<bounds x="417" y="290" width="201" height="109"/>
</OView>
<OView class="oracle.dbtools.crest.swingui.relational.TVTable" oid="6B5D0E55-148B-911A-EC24-95DBFD6CF9AD" otype="Table" vid="0322D93C-C7BD-E90E-0F7D-32533E91F805">
<hideElementsInCurrentOnly>false</hideElementsInCurrentOnly>
<bounds x="1421" y="1068" width="184" height="83"/>
</OView>
<OView class="oracle.dbtools.crest.swingui.relational.TVTable" oid="6E207570-CBD5-9205-6FEB-DC36FCAE2A2F" otype="Table" vid="6D14249A-5EA0-17DC-18F0-1278CA19CE81">
<hideElementsInCurrentOnly>false</hideElementsInCurrentOnly>
<bounds x="702" y="605" width="221" height="115"/>
</OView>
<OView class="oracle.dbtools.crest.swingui.relational.TVTable" oid="72B734EB-3BC8-D679-7695-134999CBD05A" otype="Table" vid="8DB72D27-BF55-8263-52CF-6F4EF07B4055">
<hideElementsInCurrentOnly>false</hideElementsInCurrentOnly>
<bounds x="2623" y="805" width="185" height="115"/>
</OView>
<OView class="oracle.dbtools.crest.swingui.relational.TVTable" oid="918611E2-0CD5-A2AE-76B3-FCC1D352B11F" otype="Table" vid="DE240945-E0C6-BB60-176D-FFFE8150B151">
<hideElementsInCurrentOnly>false</hideElementsInCurrentOnly>
<bounds x="2439" y="1015" width="230" height="83"/>
</OView>
<OView class="oracle.dbtools.crest.swingui.relational.TVTable" oid="98423005-8CD9-28F1-BE49-B20EF8DD78F7" otype="Table" vid="4D603AF0-0F29-1981-0253-2B12E850A44D">
<hideElementsInCurrentOnly>false</hideElementsInCurrentOnly>
<bounds x="2529" y="513" width="244" height="167"/>
</OView>
<OView class="oracle.dbtools.crest.swingui.relational.TVTable" oid="9E6DBDAB-07D3-3DD2-85A1-1E1B0D5F944A" otype="Table" vid="0FD0F632-2541-1685-34AF-A4262DB17DB9">
<hideElementsInCurrentOnly>false</hideElementsInCurrentOnly>
<bounds x="1309" y="569" width="222" height="115"/>
</OView>
<OView class="oracle.dbtools.crest.swingui.relational.TVTable" oid="A4494D6B-99A6-96E2-ED3F-B32F1B31F3CB" otype="Table" vid="A9254414-D9D0-6BFC-B859-FEFBC7D8581A">
<hideElementsInCurrentOnly>false</hideElementsInCurrentOnly>
<bounds x="1599" y="559" width="228" height="115"/>
</OView>
<OView class="oracle.dbtools.crest.swingui.relational.TVTable" oid="AB2FDDF4-FF26-47C0-706B-6233864A0C27" otype="Table" vid="64067EAA-7F6C-7B1A-92FC-F0A98204E1EB">
<hideElementsInCurrentOnly>false</hideElementsInCurrentOnly>
<bounds x="1182" y="1205" width="169" height="83"/>
</OView>
<OView class="oracle.dbtools.crest.swingui.relational.TVTable" oid="B9715CB6-9B77-B316-6326-0F7E3A21C968" otype="Table" vid="67F48548-166B-AB6D-EDB6-1FB1D09C2333">
<hideElementsInCurrentOnly>false</hideElementsInCurrentOnly>
<bounds x="1557" y="99" width="226" height="245"/>
</OView>
<OView class="oracle.dbtools.crest.swingui.relational.TVTable" oid="BBF4FFDE-5888-5DEF-CCA4-2680A572BDDB" otype="Table" vid="7132F26F-C30E-CA70-3580-4A92D04B8E46">
<hideElementsInCurrentOnly>false</hideElementsInCurrentOnly>
<bounds x="996" y="818" width="236" height="141"/>
</OView>
<OView class="oracle.dbtools.crest.swingui.relational.TVTable" oid="BF21C36D-19B1-0F0F-A4FC-1E721431F469" otype="Table" vid="37A63317-28E5-16F1-4E56-EE50135B24E9">
<hideElementsInCurrentOnly>false</hideElementsInCurrentOnly>
<bounds x="2116" y="479" width="243" height="102"/>
</OView>
<OView class="oracle.dbtools.crest.swingui.relational.TVTable" oid="CDD9932C-A1F4-CEE7-FD87-C36B6DD9B3B9" otype="Table" vid="2BFD5F46-648C-0551-CA7A-5BA1182F3C6B">
<hideElementsInCurrentOnly>false</hideElementsInCurrentOnly>
<bounds x="991" y="598" width="221" height="115"/>
</OView>
<OView class="oracle.dbtools.crest.swingui.relational.TVTable" oid="CDEF440B-298C-3915-D616-E043D68EA3D8" otype="Table" vid="B1174C09-0BD8-C382-5FEA-662C971FF0F4">
<hideElementsInCurrentOnly>false</hideElementsInCurrentOnly>
<bounds x="763" y="75" width="293" height="193"/>
</OView>
<OView class="oracle.dbtools.crest.swingui.relational.TVTable" oid="ECD6EB8B-587C-C6CA-D777-5DE2A8B975A5" otype="Table" vid="DCD8B815-EAB4-B0B7-BE2C-652907ACA0F8">
<hideElementsInCurrentOnly>false</hideElementsInCurrentOnly>
<bounds x="1810" y="834" width="238" height="141"/>
</OView>
</objectViews>
<connectors>
<Connector class="oracle.dbtools.crest.swingui.relational.TVFKRelation" oid="0DA9511C-BB2E-78FE-97CB-4AA4C0BF8757" otype="FKIndexAssociation" vid_source="CD1A285E-A532-94CD-92C0-AF722A3E2429" vid_target="90F3AA30-5CC0-92DB-55D0-13BF917DACDC">
<hideElementsInCurrentOnly>false</hideElementsInCurrentOnly>
<backgroundColor>-16777216</backgroundColor>
<lineWidth>1</lineWidth>
<points>
<point x="618" y="365"/>
<point x="782" y="365"/>
</points>
</Connector>
<Connector class="oracle.dbtools.crest.swingui.relational.TVFKRelation" oid="1575BB7E-06A1-25B4-568E-583304DA41E6" otype="FKIndexAssociation" vid_source="67F48548-166B-AB6D-EDB6-1FB1D09C2333" vid_target="67F48548-166B-AB6D-EDB6-1FB1D09C2333">
<hideElementsInCurrentOnly>false</hideElementsInCurrentOnly>
<backgroundColor>-16777216</backgroundColor>
<lineWidth>1</lineWidth>
<points>
<point x="1783" y="243"/>
<point x="1808" y="243"/>
<point x="1808" y="369"/>
<point x="1689" y="369"/>
<point x="1689" y="344"/>
</points>
</Connector>
<Connector class="oracle.dbtools.crest.swingui.relational.TVFKRelation" oid="19C498F8-8786-8F8C-8A3A-E51798EAFC38" otype="FKIndexAssociation" vid_source="F0693E38-242E-E37E-13CF-2A2F53703213" vid_target="67F48548-166B-AB6D-EDB6-1FB1D09C2333">
<hideElementsInCurrentOnly>false</hideElementsInCurrentOnly>
<backgroundColor>-16777216</backgroundColor>
<lineWidth>1</lineWidth>
<points>
<point x="2853" y="341"/>
<point x="1783" y="341"/>
</points>
</Connector>
<Connector class="oracle.dbtools.crest.swingui.relational.TVFKRelation" oid="246A7ADC-ECB2-D8CF-B093-97DE580C78E3" otype="FKIndexAssociation" vid_source="6D14249A-5EA0-17DC-18F0-1278CA19CE81" vid_target="F429B0F5-AE46-D0B8-0C16-A1B056ACAC7C">
<hideElementsInCurrentOnly>false</hideElementsInCurrentOnly>
<backgroundColor>-16777216</backgroundColor>
<lineWidth>1</lineWidth>
<points>
<point x="812" y="720"/>
<point x="812" y="818"/>
</points>
</Connector>
<Connector class="oracle.dbtools.crest.swingui.relational.TVFKRelation" oid="2AF4C89D-D516-53D3-A01D-E6357EEE4FB7" otype="FKIndexAssociation" vid_source="DCD8B815-EAB4-B0B7-BE2C-652907ACA0F8" vid_target="F429B0F5-AE46-D0B8-0C16-A1B056ACAC7C">
<hideElementsInCurrentOnly>false</hideElementsInCurrentOnly>
<backgroundColor>-16777216</backgroundColor>
<lineWidth>1</lineWidth>
<points>
<point x="1810" y="904"/>
<point x="964" y="904"/>
</points>
</Connector>
<Connector class="oracle.dbtools.crest.swingui.relational.TVFKRelation" oid="3DF9CD2C-BA17-BA51-9167-E1601336614C" otype="FKIndexAssociation" vid_source="67F48548-166B-AB6D-EDB6-1FB1D09C2333" vid_target="B1174C09-0BD8-C382-5FEA-662C971FF0F4">
<hideElementsInCurrentOnly>false</hideElementsInCurrentOnly>
<backgroundColor>-16777216</backgroundColor>
<lineWidth>1</lineWidth>
<points>
<point x="1557" y="183"/>
<point x="1056" y="183"/>
</points>
</Connector>
<Connector class="oracle.dbtools.crest.swingui.relational.TVFKRelation" oid="507795AD-F54D-7E53-3F63-75AB6391C806" otype="FKIndexAssociation" vid_source="F0693E38-242E-E37E-13CF-2A2F53703213" vid_target="484F3F49-7563-3A6C-D14E-452799F4E1CC">
<hideElementsInCurrentOnly>false</hideElementsInCurrentOnly>
<backgroundColor>-16777216</backgroundColor>
<lineWidth>1</lineWidth>
<points>
<point x="2889" y="338"/>
<point x="2779" y="245"/>
</points>
</Connector>
<Connector class="oracle.dbtools.crest.swingui.relational.TVFKRelation" oid="5268A7C1-09AB-B76A-B564-230E32D67AD3" otype="FKIndexAssociation" vid_source="67F48548-166B-AB6D-EDB6-1FB1D09C2333" vid_target="F5EA9417-29AD-51CC-7AFF-2A7911B39C02">
<hideElementsInCurrentOnly>false</hideElementsInCurrentOnly>
<backgroundColor>-16777216</backgroundColor>
<lineWidth>1</lineWidth>
<points>
<point x="1765" y="344"/>
<point x="1921" y="543"/>
</points>
</Connector>
<Connector class="oracle.dbtools.crest.swingui.relational.TVFKRelation" oid="5332AC08-6F47-133A-D38A-78E2CFD0630E" otype="FKIndexAssociation" vid_source="0EDFCB17-E6C6-F8BD-893C-C5B28CF5AB9F" vid_target="F0693E38-242E-E37E-13CF-2A2F53703213">
<hideElementsInCurrentOnly>false</hideElementsInCurrentOnly>
<backgroundColor>-16777216</backgroundColor>
<lineWidth>1</lineWidth>
<points>
<point x="2959" y="513"/>
<point x="2959" y="453"/>
</points>
</Connector>
<Connector class="oracle.dbtools.crest.swingui.relational.TVFKRelation" oid="562D524B-2F48-595A-CD1F-373B59ECBB74" otype="FKIndexAssociation" vid_source="67F48548-166B-AB6D-EDB6-1FB1D09C2333" vid_target="0FD0F632-2541-1685-34AF-A4262DB17DB9">
<hideElementsInCurrentOnly>false</hideElementsInCurrentOnly>
<backgroundColor>-16777216</backgroundColor>
<lineWidth>1</lineWidth>
<points>
<point x="1594" y="344"/>
<point x="1455" y="569"/>
</points>
</Connector>
<Connector class="oracle.dbtools.crest.swingui.relational.TVFKRelation" oid="59C5BC4C-D6DD-B1DC-AB65-D98FB5C7FA9E" otype="FKIndexAssociation" vid_source="67F48548-166B-AB6D-EDB6-1FB1D09C2333" vid_target="90F3AA30-5CC0-92DB-55D0-13BF917DACDC">
<hideElementsInCurrentOnly>false</hideElementsInCurrentOnly>
<backgroundColor>-16777216</backgroundColor>
<lineWidth>1</lineWidth>
<points>
<point x="1557" y="338"/>
<point x="1004" y="338"/>
</points>
</Connector>
<Connector class="oracle.dbtools.crest.swingui.relational.TVFKRelation" oid="725A8524-9C38-CF77-74BD-80C761A57C9B" otype="FKIndexAssociation" vid_source="67F48548-166B-AB6D-EDB6-1FB1D09C2333" vid_target="A9254414-D9D0-6BFC-B859-FEFBC7D8581A">
<hideElementsInCurrentOnly>false</hideElementsInCurrentOnly>
<backgroundColor>-16777216</backgroundColor>
<lineWidth>1</lineWidth>
<points>
<point x="1706" y="344"/>
<point x="1706" y="559"/>
</points>
</Connector>
<Connector class="oracle.dbtools.crest.swingui.relational.TVFKRelation" oid="7373797A-3BC1-BE3D-3F2B-18BEFC436B54" otype="FKIndexAssociation" vid_source="148819C7-C8C9-3B19-1C27-4C21F2184D46" vid_target="484F3F49-7563-3A6C-D14E-452799F4E1CC">
<hideElementsInCurrentOnly>false</hideElementsInCurrentOnly>
<backgroundColor>-16777216</backgroundColor>
<lineWidth>1</lineWidth>
<points>
<point x="3207" y="345"/>
<point x="2779" y="190"/>
</points>
</Connector>
<Connector class="oracle.dbtools.crest.swingui.relational.TVFKRelation" oid="84AF12D7-BDFE-C2E5-C3F2-2FA417116738" otype="FKIndexAssociation" vid_source="2BFD5F46-648C-0551-CA7A-5BA1182F3C6B" vid_target="7132F26F-C30E-CA70-3580-4A92D04B8E46">
<hideElementsInCurrentOnly>false</hideElementsInCurrentOnly>
<backgroundColor>-16777216</backgroundColor>
<lineWidth>1</lineWidth>
<points>
<point x="1104" y="713"/>
<point x="1104" y="818"/>
</points>
</Connector>
<Connector class="oracle.dbtools.crest.swingui.relational.TVFKRelation" oid="8EA98FC4-A583-0128-DCF8-D8EF69F2C30C" otype="FKIndexAssociation" vid_source="53606574-032C-069E-553C-7F1350D9D201" vid_target="0EDFCB17-E6C6-F8BD-893C-C5B28CF5AB9F">
<hideElementsInCurrentOnly>false</hideElementsInCurrentOnly>
<backgroundColor>-16777216</backgroundColor>
<lineWidth>1</lineWidth>
<points>
<point x="2979" y="680"/>
<point x="2979" y="615"/>
</points>
</Connector>
<Connector class="oracle.dbtools.crest.swingui.relational.TVFKRelation" oid="9650C57E-9CE7-8379-F8AE-74F1CD37B771" otype="FKIndexAssociation" vid_source="F0693E38-242E-E37E-13CF-2A2F53703213" vid_target="DCD8B815-EAB4-B0B7-BE2C-652907ACA0F8">
<hideElementsInCurrentOnly>false</hideElementsInCurrentOnly>
<backgroundColor>-16777216</backgroundColor>
<lineWidth>1</lineWidth>
<points>
<point x="2853" y="447"/>
<point x="2048" y="845"/>
</points>
</Connector>
<Connector class="oracle.dbtools.crest.swingui.relational.TVFKRelation" oid="97B67D3C-4340-2125-8DC7-EBFA6C61ABDE" otype="FKIndexAssociation" vid_source="569B5894-61DB-3A42-8CC3-12D87E52BB3F" vid_target="67F48548-166B-AB6D-EDB6-1FB1D09C2333">
<hideElementsInCurrentOnly>false</hideElementsInCurrentOnly>
<backgroundColor>-16777216</backgroundColor>
<lineWidth>1</lineWidth>
<points>
<point x="2859" y="101"/>
<point x="1783" y="101"/>
</points>
</Connector>
<Connector class="oracle.dbtools.crest.swingui.relational.TVFKRelation" oid="997AA9AD-4D3F-FA9A-0E60-06E34B7A3B9B" otype="FKIndexAssociation" vid_source="53606574-032C-069E-553C-7F1350D9D201" vid_target="4452969F-D7A2-9FAA-5C1F-4F3A2C61CD18">
<hideElementsInCurrentOnly>false</hideElementsInCurrentOnly>
<backgroundColor>-16777216</backgroundColor>
<lineWidth>1</lineWidth>
<points>
<point x="2980" y="763"/>
<point x="2980" y="828"/>
</points>
</Connector>
<Connector class="oracle.dbtools.crest.swingui.relational.TVFKRelation" oid="9C7DF19A-785D-8BDB-AE63-461DBA5F969A" otype="FKIndexAssociation" vid_source="569B5894-61DB-3A42-8CC3-12D87E52BB3F" vid_target="484F3F49-7563-3A6C-D14E-452799F4E1CC">
<hideElementsInCurrentOnly>false</hideElementsInCurrentOnly>
<backgroundColor>-16777216</backgroundColor>
<lineWidth>1</lineWidth>
<points>
<point x="2859" y="61"/>
<point x="2779" y="61"/>
</points>
</Connector>
<Connector class="oracle.dbtools.crest.swingui.relational.TVFKRelation" oid="9CB54412-7488-35C3-5571-B1EA43D5C110" otype="FKIndexAssociation" vid_source="67F48548-166B-AB6D-EDB6-1FB1D09C2333" vid_target="484F3F49-7563-3A6C-D14E-452799F4E1CC">
<hideElementsInCurrentOnly>false</hideElementsInCurrentOnly>
<backgroundColor>-16777216</backgroundColor>
<lineWidth>1</lineWidth>
<points>
<point x="1783" y="188"/>
<point x="2547" y="188"/>
</points>
</Connector>
<Connector class="oracle.dbtools.crest.swingui.relational.TVFKRelation" oid="A6A21669-1B97-73B7-E484-EF6A02882EF6" otype="FKIndexAssociation" vid_source="67F48548-166B-AB6D-EDB6-1FB1D09C2333" vid_target="6D14249A-5EA0-17DC-18F0-1278CA19CE81">
<hideElementsInCurrentOnly>false</hideElementsInCurrentOnly>
<backgroundColor>-16777216</backgroundColor>
<lineWidth>1</lineWidth>
<points>
<point x="1557" y="279"/>
<point x="923" y="605"/>
</points>
</Connector>
<Connector class="oracle.dbtools.crest.swingui.relational.TVFKRelation" oid="B475DEB5-86E6-6E93-C1CB-A200147D4EE3" otype="FKIndexAssociation" vid_source="DCD8B815-EAB4-B0B7-BE2C-652907ACA0F8" vid_target="B1174C09-0BD8-C382-5FEA-662C971FF0F4">
<hideElementsInCurrentOnly>false</hideElementsInCurrentOnly>
<backgroundColor>-16777216</backgroundColor>
<lineWidth>1</lineWidth>
<points>
<point x="1830" y="834"/>
<point x="1043" y="268"/>
</points>
</Connector>
<Connector class="oracle.dbtools.crest.swingui.relational.TVFKRelation" oid="B571BFA7-CC13-E47E-A9D5-818DC641C0E1" otype="FKIndexAssociation" vid_source="67F48548-166B-AB6D-EDB6-1FB1D09C2333" vid_target="2BFD5F46-648C-0551-CA7A-5BA1182F3C6B">
<hideElementsInCurrentOnly>false</hideElementsInCurrentOnly>
<backgroundColor>-16777216</backgroundColor>
<lineWidth>1</lineWidth>
<points>
<point x="1557" y="307"/>
<point x="1176" y="598"/>
</points>
</Connector>
<Connector class="oracle.dbtools.crest.swingui.relational.TVFKRelation" oid="E1C1D96C-6AAE-3A4A-0530-4B1E51F845EE" otype="FKIndexAssociation" vid_source="DE240945-E0C6-BB60-176D-FFFE8150B151" vid_target="4D603AF0-0F29-1981-0253-2B12E850A44D">
<hideElementsInCurrentOnly>false</hideElementsInCurrentOnly>
<backgroundColor>-16777216</backgroundColor>
<lineWidth>1</lineWidth>
<points>
<point x="2599" y="1015"/>
<point x="2599" y="680"/>
</points>
</Connector>
<Connector class="oracle.dbtools.crest.swingui.relational.TVFKRelation" oid="E5ECBFC7-8703-A416-4B6C-1020E9C3F297" otype="FKIndexAssociation" vid_source="0EDFCB17-E6C6-F8BD-893C-C5B28CF5AB9F" vid_target="8DB72D27-BF55-8263-52CF-6F4EF07B4055">
<hideElementsInCurrentOnly>false</hideElementsInCurrentOnly>
<backgroundColor>-16777216</backgroundColor>
<lineWidth>1</lineWidth>
<points>
<point x="2918" y="615"/>
<point x="2762" y="805"/>
</points>
</Connector>
<Connector class="oracle.dbtools.crest.swingui.relational.TVFKRelation" oid="E8ABC24A-5C21-3EB2-EB10-8E6A06111445" otype="FKIndexAssociation" vid_source="148819C7-C8C9-3B19-1C27-4C21F2184D46" vid_target="67F48548-166B-AB6D-EDB6-1FB1D09C2333">
<hideElementsInCurrentOnly>false</hideElementsInCurrentOnly>
<backgroundColor>-16777216</backgroundColor>
<lineWidth>1</lineWidth>
<points>
<point x="3207" y="341"/>
<point x="1783" y="341"/>
</points>
</Connector>
<Connector class="oracle.dbtools.crest.swingui.relational.TVFKRelation" oid="EA80C14A-A176-02FE-8CA8-552A19CAB2E6" otype="FKIndexAssociation" vid_source="F0693E38-242E-E37E-13CF-2A2F53703213" vid_target="4D603AF0-0F29-1981-0253-2B12E850A44D">
<hideElementsInCurrentOnly>false</hideElementsInCurrentOnly>
<backgroundColor>-16777216</backgroundColor>
<lineWidth>1</lineWidth>
<points>
<point x="2870" y="453"/>
<point x="2773" y="516"/>
</points>
</Connector>
<Connector class="oracle.dbtools.crest.swingui.relational.TVFKRelation" oid="F6BFF4AE-D277-BA83-421D-2C2A167D2FDA" otype="FKIndexAssociation" vid_source="CD1A285E-A532-94CD-92C0-AF722A3E2429" vid_target="B1174C09-0BD8-C382-5FEA-662C971FF0F4">
<hideElementsInCurrentOnly>false</hideElementsInCurrentOnly>
<backgroundColor>-16777216</backgroundColor>
<lineWidth>1</lineWidth>
<points>
<point x="618" y="300"/>
<point x="763" y="236"/>
</points>
</Connector>
<Connector class="oracle.dbtools.crest.swingui.relational.TVFKRelation" oid="FA08D1E9-54F1-A327-EA2D-467BBDE5A5D8" otype="FKIndexAssociation" vid_source="DE240945-E0C6-BB60-176D-FFFE8150B151" vid_target="DCD8B815-EAB4-B0B7-BE2C-652907ACA0F8">
<hideElementsInCurrentOnly>false</hideElementsInCurrentOnly>
<backgroundColor>-16777216</backgroundColor>
<lineWidth>1</lineWidth>
<points>
<point x="2439" y="1028"/>
<point x="2048" y="933"/>
</points>
</Connector>
<Connector class="oracle.dbtools.crest.swingui.relational.TVFKRelation" oid="FEAC8E6A-E5EE-7E2F-9E14-328DFCA2B0E2" otype="FKIndexAssociation" vid_source="67F48548-166B-AB6D-EDB6-1FB1D09C2333" vid_target="37A63317-28E5-16F1-4E56-EE50135B24E9">
<hideElementsInCurrentOnly>false</hideElementsInCurrentOnly>
<backgroundColor>-16777216</backgroundColor>
<lineWidth>1</lineWidth>
<points>
<point x="1783" y="282"/>
<point x="2143" y="479"/>
</points>
</Connector>
</connectors>
</Diagram>