<?xml version = '1.0' encoding = 'UTF-8'?>
<Entity class="oracle.dbtools.crest.model.design.logical.Entity" directorySegmentName="seg_0" id="092A1DF8-D25B-3952-BD22-D7B30EABF4A2" name="PERSONAL">
<createdBy>renatoaravena</createdBy>
<createdTime>2025-09-02 01:33:51 UTC</createdTime>
<ownerDesignName>Entrega3BaseDeDatos</ownerDesignName>
<engineerTo>
<item key="3C180099-B98B-914C-E843-52A2C04C4588" value="true"/>
</engineerTo>
<adequatelyNormalized>NO</adequatelyNormalized>
<expectedVolumes>0</expectedVolumes>
<fwdEngineeringStrategyName>Single Table</fwdEngineeringStrategyName>
<growthPercent>0</growthPercent>
<growthType>Year</growthType>
<hierarchicalParent>18BF8C81-4A2E-54C9-E6B2-4A35B5C46BC8</hierarchicalParent>
<maxVolumes>9999999</maxVolumes>
<minVolumes>0</minVolumes>
<normalForm>Third</normalForm>
<attributes itemClass="oracle.dbtools.crest.model.design.logical.Attribute">
<Attribute name="id_personal" id="99ACC520-09BD-C2C3-4508-D30F501F0C29">
<createdBy>renatoaravena</createdBy>
<createdTime>2025-09-02 01:34:04 UTC</createdTime>
<ownerDesignName>Entrega3BaseDeDatos</ownerDesignName>
<engineerTo>
<item key="3C180099-B98B-914C-E843-52A2C04C4588" value="true"/>
</engineerTo>
<useDomainConstraints>false</useDomainConstraints>
<use>1</use>
<logicalDatatype>LOGDT019</logicalDatatype>
<ownDataTypeParameters>,,</ownDataTypeParameters>
</Attribute>
<Attribute name="fecha_ingreso" id="97230681-F4FF-9E44-A82F-28463D6E49E5">
<createdBy>renatoaravena</createdBy>
<createdTime>2025-09-02 02:12:02 UTC</createdTime>
<ownerDesignName>Entrega3BaseDeDatos</ownerDesignName>
<engineerTo>
<item key="3C180099-B98B-914C-E843-52A2C04C4588" value="true"/>
</engineerTo>
<useDomainConstraints>false</useDomainConstraints>
<use>1</use>
<logicalDatatype>LOGDT007</logicalDatatype>
<ownDataTypeParameters>,,</ownDataTypeParameters>
</Attribute>
<Attribute name="id_medico" id="1E6CAF2D-D65D-7166-3618-95C43F1BAC95">
<createdBy>renatoaravena</createdBy>
<createdTime>2025-09-02 02:34:57 UTC</createdTime>
<generatorID>005DB269-70D3-4A14-4223-74234EA0C756</generatorID>
<ownerDesignName>Entrega3BaseDeDatos</ownerDesignName>
<engineerTo>
<item key="3C180099-B98B-914C-E843-52A2C04C4588" value="true"/>
</engineerTo>
<referedAttribute>28DEF96C-7146-6D9C-94DB-6937573F9273</referedAttribute>
<useDomainConstraints>false</useDomainConstraints>
<use>1</use>
<logicalDatatype>LOGDT019</logicalDatatype>
<ownDataTypeParameters>,,</ownDataTypeParameters>
</Attribute>
<Attribute name="id_cuidador" id="ACAAD10D-34C6-3693-DA84-B2F2F010FA0C">
<createdBy>renatoaravena</createdBy>
<createdTime>2025-09-02 02:35:30 UTC</createdTime>
<generatorID>F12CF415-775E-0A2C-2634-41AD62CBE7C0</generatorID>
<ownerDesignName>Entrega3BaseDeDatos</ownerDesignName>
<engineerTo>
<item key="3C180099-B98B-914C-E843-52A2C04C4588" value="true"/>
</engineerTo>
<referedAttribute>DC5B28BC-F51F-FC4A-F570-C92DBF9C4B34</referedAttribute>
<useDomainConstraints>false</useDomainConstraints>
<use>1</use>
<logicalDatatype>LOGDT019</logicalDatatype>
<ownDataTypeParameters>,,</ownDataTypeParameters>
</Attribute>
<Attribute name="id_residencia" id="92227A35-C0EF-EE58-E9C4-0B6BBD591564">
<createdBy>renatoaravena</createdBy>
<createdTime>2025-09-02 02:40:55 UTC</createdTime>
<generatorID>50DBAAE9-0992-7257-DF75-86D684E933BB</generatorID>
<ownerDesignName>Entrega3BaseDeDatos</ownerDesignName>
<engineerTo>
<item key="3C180099-B98B-914C-E843-52A2C04C4588" value="true"/>
</engineerTo>
<referedAttribute>67D130B8-91CC-45EA-33E1-E76ED7912815</referedAttribute>
<useDomainConstraints>false</useDomainConstraints>
<use>1</use>
<logicalDatatype>LOGDT019</logicalDatatype>
<ownDataTypeParameters>,,</ownDataTypeParameters>
</Attribute>
<Attribute name="id_persona" id="70035836-E506-AF07-21A9-CD13BDAE4CA9">
<createdBy>renatoaravena</createdBy>
<createdTime>2025-09-02 02:56:26 UTC</createdTime>
<generatorID>9601962A-819F-3923-2EF6-F255195A240D</generatorID>
<ownerDesignName>Entrega3BaseDeDatos</ownerDesignName>
<engineerTo>
<item key="3C180099-B98B-914C-E843-52A2C04C4588" value="true"/>
</engineerTo>
<referedAttribute>51956482-D3C1-315B-7AF5-A1396B538C9D</referedAttribute>
<useDomainConstraints>false</useDomainConstraints>
<use>1</use>
<logicalDatatype>LOGDT019</logicalDatatype>
<ownDataTypeParameters>,,</ownDataTypeParameters>
</Attribute>
</attributes>
<identifiers itemClass="oracle.dbtools.crest.model.design.logical.CandidateKey">
<identifier id="376743EB-462F-4EC3-3D61-FFEAC8FA02EE" name="PERSONAL PK">
<createdBy>renatoaravena</createdBy>
<createdTime>2025-09-02 01:49:32 UTC</createdTime>
<ownerDesignName>Entrega3BaseDeDatos</ownerDesignName>
<engineerTo>
<item key="3C180099-B98B-914C-E843-52A2C04C4588" value="true"/>
</engineerTo>
<pk>true</pk>
<usedAttributes>
<attributeRef>99ACC520-09BD-C2C3-4508-D30F501F0C29</attributeRef>
</usedAttributes>
</identifier>
</identifiers>
</Entity>