<?xml version = '1.0' encoding = 'UTF-8'?>
<Entity class="oracle.dbtools.crest.model.design.logical.Entity" directorySegmentName="seg_0" id="2F6C5A8D-A6D7-7579-3D97-90C6D927B043" name="RESIDENTE_TEMPORAL">
<createdBy>renatoaravena</createdBy>
<createdTime>2025-09-02 02:10:31 UTC</createdTime>
<ownerDesignName>Entrega3BaseDeDatos</ownerDesignName>
<shouldEngineer>false</shouldEngineer>
<engineerTo>
<item key="3C180099-B98B-914C-E843-52A2C04C4588" value="false"/>
</engineerTo>
<adequatelyNormalized>NO</adequatelyNormalized>
<expectedVolumes>0</expectedVolumes>
<fwdEngineeringStrategyName>Single Table</fwdEngineeringStrategyName>
<growthPercent>0</growthPercent>
<growthType>Year</growthType>
<hierarchicalParent>CA3B7C0F-74F8-641A-9EEE-8A0B768E01D7</hierarchicalParent>
<maxVolumes>9999999</maxVolumes>
<minVolumes>0</minVolumes>
<normalForm>Third</normalForm>
<attributes itemClass="oracle.dbtools.crest.model.design.logical.Attribute">
<Attribute name="dias_estadia_previstos" id="D5389CCD-CDEF-C959-30E3-BA68B8873F84">
<createdBy>renatoaravena</createdBy>
<createdTime>2025-09-02 02:10:52 UTC</createdTime>
<ownerDesignName>Entrega3BaseDeDatos</ownerDesignName>
<engineerTo>
<item key="3C180099-B98B-914C-E843-52A2C04C4588" value="true"/>
</engineerTo>
<useDomainConstraints>false</useDomainConstraints>
<use>1</use>
<logicalDatatype>LOGDT019</logicalDatatype>
<ownDataTypeParameters>,,</ownDataTypeParameters>
</Attribute>
<Attribute name="id_residente" id="4F12667F-5B80-62A1-B8DD-F9F695B3950E">
<createdBy>renatoaravena</createdBy>
<createdTime>2025-09-02 02:56:37 UTC</createdTime>
<generatorID>159162F2-8E1D-5772-20B3-ED67438C936C</generatorID>
<ownerDesignName>Entrega3BaseDeDatos</ownerDesignName>
<engineerTo>
<item key="3C180099-B98B-914C-E843-52A2C04C4588" value="true"/>
</engineerTo>
<referedAttribute>3CF8A4C3-CB25-214D-19F5-13EF8179B85C</referedAttribute>
<useDomainConstraints>false</useDomainConstraints>
<use>1</use>
<logicalDatatype>LOGDT019</logicalDatatype>
<ownDataTypeParameters>,,</ownDataTypeParameters>
</Attribute>
</attributes>
</Entity>