<?xml version = '1.0' encoding = 'UTF-8'?>
<Entity class="oracle.dbtools.crest.model.design.logical.Entity" directorySegmentName="seg_0" id="33F7F83A-6BF0-4DCF-5020-FBD3C5C9D04A" name="CUIDADOR">
<createdBy>renatoaravena</createdBy>
<createdTime>2025-09-02 02:12:56 UTC</createdTime>
<ownerDesignName>Entrega3BaseDeDatos</ownerDesignName>
<shouldEngineer>false</shouldEngineer>
<engineerTo>
<item key="3C180099-B98B-914C-E843-52A2C04C4588" value="false"/>
</engineerTo>
<adequatelyNormalized>NO</adequatelyNormalized>
<expectedVolumes>0</expectedVolumes>
<fwdEngineeringStrategyName>Single Table</fwdEngineeringStrategyName>
<growthPercent>0</growthPercent>
<growthType>Year</growthType>
<hierarchicalParent>092A1DF8-D25B-3952-BD22-D7B30EABF4A2</hierarchicalParent>
<maxVolumes>9999999</maxVolumes>
<minVolumes>0</minVolumes>
<normalForm>Third</normalForm>
<attributes itemClass="oracle.dbtools.crest.model.design.logical.Attribute">
<Attribute name="id_cuidador" id="DC5B28BC-F51F-FC4A-F570-C92DBF9C4B34">
<createdBy>renatoaravena</createdBy>
<createdTime>2025-09-02 02:13:03 UTC</createdTime>
<ownerDesignName>Entrega3BaseDeDatos</ownerDesignName>
<engineerTo>
<item key="3C180099-B98B-914C-E843-52A2C04C4588" value="true"/>
</engineerTo>
<useDomainConstraints>false</useDomainConstraints>
<use>1</use>
<logicalDatatype>LOGDT019</logicalDatatype>
<ownDataTypeParameters>,,</ownDataTypeParameters>
</Attribute>
<Attribute name="id_personal" id="6E0B7E60-AD60-1F87-71B4-A7821CF39078">
<createdBy>renatoaravena</createdBy>
<createdTime>2025-09-02 02:55:28 UTC</createdTime>
<generatorID>F12CF415-775E-0A2C-2634-41AD62CBE7C0</generatorID>
<ownerDesignName>Entrega3BaseDeDatos</ownerDesignName>
<engineerTo>
<item key="3C180099-B98B-914C-E843-52A2C04C4588" value="true"/>
</engineerTo>
<referedAttribute>99ACC520-09BD-C2C3-4508-D30F501F0C29</referedAttribute>
<useDomainConstraints>false</useDomainConstraints>
<use>1</use>
<logicalDatatype>LOGDT019</logicalDatatype>
<ownDataTypeParameters>,,</ownDataTypeParameters>
</Attribute>
</attributes>
<identifiers itemClass="oracle.dbtools.crest.model.design.logical.CandidateKey">
<identifier id="B6DC1FA7-269F-3F4F-379B-28F22A9247BC" name="CUIDADOR PK">
<createdBy>renatoaravena</createdBy>
<createdTime>2025-09-02 02:13:14 UTC</createdTime>
<ownerDesignName>Entrega3BaseDeDatos</ownerDesignName>
<engineerTo>
<item key="3C180099-B98B-914C-E843-52A2C04C4588" value="true"/>
</engineerTo>
<pk>true</pk>
<usedAttributes>
<attributeRef>DC5B28BC-F51F-FC4A-F570-C92DBF9C4B34</attributeRef>
</usedAttributes>
</identifier>
</identifiers>
</Entity>