<?xml version = '1.0' encoding = 'UTF-8'?>
<Entity class="oracle.dbtools.crest.model.design.logical.Entity" directorySegmentName="seg_0" id="5EE2F35A-20F8-1E10-B670-FB8A1DB18188" name="MEDICO">
<createdBy>renatoaravena</createdBy>
<createdTime>2025-09-02 01:39:06 UTC</createdTime>
<ownerDesignName>Entrega3BaseDeDatos</ownerDesignName>
<shouldEngineer>false</shouldEngineer>
<engineerTo>
<item key="3C180099-B98B-914C-E843-52A2C04C4588" value="false"/>
</engineerTo>
<adequatelyNormalized>NO</adequatelyNormalized>
<expectedVolumes>0</expectedVolumes>
<fwdEngineeringStrategyName>Single Table</fwdEngineeringStrategyName>
<growthPercent>0</growthPercent>
<growthType>Year</growthType>
<hierarchicalParent>092A1DF8-D25B-3952-BD22-D7B30EABF4A2</hierarchicalParent>
<maxVolumes>9999999</maxVolumes>
<minVolumes>0</minVolumes>
<normalForm>Third</normalForm>
<attributes itemClass="oracle.dbtools.crest.model.design.logical.Attribute">
<Attribute name="id_medico" id="28DEF96C-7146-6D9C-94DB-6937573F9273">
<createdBy>renatoaravena</createdBy>
<createdTime>2025-09-02 01:39:18 UTC</createdTime>
<ownerDesignName>Entrega3BaseDeDatos</ownerDesignName>
<engineerTo>
<item key="3C180099-B98B-914C-E843-52A2C04C4588" value="true"/>
</engineerTo>
<useDomainConstraints>false</useDomainConstraints>
<use>1</use>
<logicalDatatype>LOGDT019</logicalDatatype>
<ownDataTypeParameters>,,</ownDataTypeParameters>
</Attribute>
<Attribute name="especialidad" id="916F60A5-D2D9-AB5C-129D-F5D76E538173">
<createdBy>renatoaravena</createdBy>
<createdTime>2025-09-02 02:12:28 UTC</createdTime>
<ownerDesignName>Entrega3BaseDeDatos</ownerDesignName>
<engineerTo>
<item key="3C180099-B98B-914C-E843-52A2C04C4588" value="true"/>
</engineerTo>
<nullsAllowed>true</nullsAllowed>
<useDomainConstraints>false</useDomainConstraints>
<use>1</use>
<logicalDatatype>LOGDT024</logicalDatatype>
<dataTypeSize>100</dataTypeSize>
<ownDataTypeParameters>100,,</ownDataTypeParameters>
</Attribute>
<Attribute name="id_medico1" id="243E915B-E328-C821-549F-930907984BC3">
<createdBy>renatoaravena</createdBy>
<createdTime>2025-09-02 02:40:15 UTC</createdTime>
<generatorID>903C699C-4383-C781-0A36-F0CBC914E863</generatorID>
<ownerDesignName>Entrega3BaseDeDatos</ownerDesignName>
<engineerTo>
<item key="3C180099-B98B-914C-E843-52A2C04C4588" value="true"/>
</engineerTo>
<nullsAllowed>true</nullsAllowed>
<referedAttribute>28DEF96C-7146-6D9C-94DB-6937573F9273</referedAttribute>
<useDomainConstraints>false</useDomainConstraints>
<use>1</use>
<logicalDatatype>LOGDT019</logicalDatatype>
<ownDataTypeParameters>,,</ownDataTypeParameters>
</Attribute>
<Attribute name="id_personal" id="F4E40666-CE04-4059-0C17-A553C45EEFD1">
<createdBy>renatoaravena</createdBy>
<createdTime>2025-09-02 02:55:38 UTC</createdTime>
<generatorID>005DB269-70D3-4A14-4223-74234EA0C756</generatorID>
<ownerDesignName>Entrega3BaseDeDatos</ownerDesignName>
<engineerTo>
<item key="3C180099-B98B-914C-E843-52A2C04C4588" value="true"/>
</engineerTo>
<referedAttribute>99ACC520-09BD-C2C3-4508-D30F501F0C29</referedAttribute>
<useDomainConstraints>false</useDomainConstraints>
<use>1</use>
<logicalDatatype>LOGDT019</logicalDatatype>
<ownDataTypeParameters>,,</ownDataTypeParameters>
</Attribute>
</attributes>
<identifiers itemClass="oracle.dbtools.crest.model.design.logical.CandidateKey">
<identifier id="FD643937-4BAA-61BA-67E5-976AECD7CA1A" name="MEDICO PK">
<createdBy>renatoaravena</createdBy>
<createdTime>2025-09-02 01:49:19 UTC</createdTime>
<ownerDesignName>Entrega3BaseDeDatos</ownerDesignName>
<engineerTo>
<item key="3C180099-B98B-914C-E843-52A2C04C4588" value="true"/>
</engineerTo>
<pk>true</pk>
<usedAttributes>
<attributeRef>28DEF96C-7146-6D9C-94DB-6937573F9273</attributeRef>
</usedAttributes>
</identifier>
</identifiers>
</Entity>