<?xml version = '1.0' encoding = 'UTF-8'?>
<Entity class="oracle.dbtools.crest.model.design.logical.Entity" directorySegmentName="seg_0" id="CA3B7C0F-74F8-641A-9EEE-8A0B768E01D7" name="RESIDENTE">
<createdBy>renatoaravena</createdBy>
<createdTime>2025-09-02 01:23:35 UTC</createdTime>
<ownerDesignName>Entrega3BaseDeDatos</ownerDesignName>
<engineerTo>
<item key="3C180099-B98B-914C-E843-52A2C04C4588" value="true"/>
</engineerTo>
<adequatelyNormalized>NO</adequatelyNormalized>
<expectedVolumes>0</expectedVolumes>
<fwdEngineeringStrategyName>Single Table</fwdEngineeringStrategyName>
<growthPercent>0</growthPercent>
<growthType>Year</growthType>
<hierarchicalParent>18BF8C81-4A2E-54C9-E6B2-4A35B5C46BC8</hierarchicalParent>
<maxVolumes>9999999</maxVolumes>
<minVolumes>0</minVolumes>
<normalForm>Third</normalForm>
<attributes itemClass="oracle.dbtools.crest.model.design.logical.Attribute">
<Attribute name="id_residente" id="3CF8A4C3-CB25-214D-19F5-13EF8179B85C">
<createdBy>renatoaravena</createdBy>
<createdTime>2025-09-02 01:23:51 UTC</createdTime>
<ownerDesignName>Entrega3BaseDeDatos</ownerDesignName>
<engineerTo>
<item key="3C180099-B98B-914C-E843-52A2C04C4588" value="true"/>
</engineerTo>
<useDomainConstraints>false</useDomainConstraints>
<use>1</use>
<logicalDatatype>LOGDT019</logicalDatatype>
<ownDataTypeParameters>,,</ownDataTypeParameters>
</Attribute>
<Attribute name="autonomia" id="A482F75E-F4C5-8AC6-8DBE-E64BA4A5A5F7">
<createdBy>renatoaravena</createdBy>
<createdTime>2025-09-02 02:10:08 UTC</createdTime>
<ownerDesignName>Entrega3BaseDeDatos</ownerDesignName>
<engineerTo>
<item key="3C180099-B98B-914C-E843-52A2C04C4588" value="true"/>
</engineerTo>
<useDomainConstraints>false</useDomainConstraints>
<use>1</use>
<logicalDatatype>LOGDT024</logicalDatatype>
<dataTypeSize>2</dataTypeSize>
<ownDataTypeParameters>2,,</ownDataTypeParameters>
</Attribute>
<Attribute name="id_residente1" id="3D900612-0853-4073-A854-69140A34D4C7">
<createdBy>renatoaravena</createdBy>
<createdTime>2025-09-02 02:33:31 UTC</createdTime>
<generatorID>159162F2-8E1D-5772-20B3-ED67438C936C</generatorID>
<ownerDesignName>Entrega3BaseDeDatos</ownerDesignName>
<engineerTo>
<item key="3C180099-B98B-914C-E843-52A2C04C4588" value="true"/>
</engineerTo>
<referedAttribute>3CF8A4C3-CB25-214D-19F5-13EF8179B85C</referedAttribute>
<useDomainConstraints>false</useDomainConstraints>
<use>1</use>
<logicalDatatype>LOGDT019</logicalDatatype>
<ownDataTypeParameters>,,</ownDataTypeParameters>
</Attribute>
<Attribute name="id_residente2" id="C904AC13-AAF6-F6D0-0C4A-5A4BB0371786">
<createdBy>renatoaravena</createdBy>
<createdTime>2025-09-02 02:34:15 UTC</createdTime>
<generatorID>0DB355A6-CA2B-1890-E073-81B3C812046C</generatorID>
<ownerDesignName>Entrega3BaseDeDatos</ownerDesignName>
<engineerTo>
<item key="3C180099-B98B-914C-E843-52A2C04C4588" value="true"/>
</engineerTo>
<referedAttribute>3CF8A4C3-CB25-214D-19F5-13EF8179B85C</referedAttribute>
<useDomainConstraints>false</useDomainConstraints>
<use>1</use>
<logicalDatatype>LOGDT019</logicalDatatype>
<ownDataTypeParameters>,,</ownDataTypeParameters>
</Attribute>
<Attribute name="id_anexo" id="E987C0FD-42DA-91C9-3700-C20B42BE2371">
<createdBy>renatoaravena</createdBy>
<createdTime>2025-09-02 02:38:07 UTC</createdTime>
<generatorID>4B97EB10-8828-0730-D16D-689051251DBE</generatorID>
<ownerDesignName>Entrega3BaseDeDatos</ownerDesignName>
<engineerTo>
<item key="3C180099-B98B-914C-E843-52A2C04C4588" value="true"/>
</engineerTo>
<referedAttribute>30B8B100-EF43-D139-66CB-23CC593B9049</referedAttribute>
<useDomainConstraints>false</useDomainConstraints>
<use>1</use>
<logicalDatatype>LOGDT019</logicalDatatype>
<ownDataTypeParameters>,,</ownDataTypeParameters>
</Attribute>
<Attribute name="id_habitacion" id="DB961ACC-DB55-4267-45B7-A7B2EFB21185">
<createdBy>renatoaravena</createdBy>
<createdTime>2025-09-02 02:48:37 UTC</createdTime>
<generatorID>C94E6A46-BDFD-20F0-2A0B-33D129DFCAE3</generatorID>
<ownerDesignName>Entrega3BaseDeDatos</ownerDesignName>
<engineerTo>
<item key="3C180099-B98B-914C-E843-52A2C04C4588" value="true"/>
</engineerTo>
<referedAttribute>3095FD65-A0F4-E329-F589-87CF0B5D2B47</referedAttribute>
<useDomainConstraints>false</useDomainConstraints>
<use>1</use>
<logicalDatatype>LOGDT019</logicalDatatype>
<ownDataTypeParameters>,,</ownDataTypeParameters>
</Attribute>
<Attribute name="id_persona" id="31FF2D14-4355-22AE-FDB9-3CB308CB8218">
<createdBy>renatoaravena</createdBy>
<createdTime>2025-09-02 02:56:22 UTC</createdTime>
<generatorID>3F9DBC3E-37A3-20DC-233F-220EF84AA3D1</generatorID>
<ownerDesignName>Entrega3BaseDeDatos</ownerDesignName>
<engineerTo>
<item key="3C180099-B98B-914C-E843-52A2C04C4588" value="true"/>
</engineerTo>
<referedAttribute>51956482-D3C1-315B-7AF5-A1396B538C9D</referedAttribute>
<useDomainConstraints>false</useDomainConstraints>
<use>1</use>
<logicalDatatype>LOGDT019</logicalDatatype>
<ownDataTypeParameters>,,</ownDataTypeParameters>
</Attribute>
</attributes>
<identifiers itemClass="oracle.dbtools.crest.model.design.logical.CandidateKey">
<identifier id="76FB3DFE-BAFE-A7C3-F72F-7097C42050B2" name="Residente PK">
<createdBy>renatoaravena</createdBy>
<createdTime>2025-09-02 01:26:18 UTC</createdTime>
<ownerDesignName>Entrega3BaseDeDatos</ownerDesignName>
<engineerTo>
<item key="3C180099-B98B-914C-E843-52A2C04C4588" value="true"/>
</engineerTo>
<pk>true</pk>
<usedAttributes>
<attributeRef>3CF8A4C3-CB25-214D-19F5-13EF8179B85C</attributeRef>
</usedAttributes>
</identifier>
</identifiers>
</Entity>