<?xml version = '1.0' encoding = 'UTF-8'?>
<Entity class="oracle.dbtools.crest.model.design.logical.Entity" directorySegmentName="seg_0" id="D9D8FED7-A001-FB07-44D5-7DC9DD752902" name="ANEXO">
<createdBy>renatoaravena</createdBy>
<createdTime>2025-09-02 01:47:46 UTC</createdTime>
<ownerDesignName>Entrega3BaseDeDatos</ownerDesignName>
<engineerTo>
<item key="3C180099-B98B-914C-E843-52A2C04C4588" value="true"/>
</engineerTo>
<adequatelyNormalized>NO</adequatelyNormalized>
<expectedVolumes>0</expectedVolumes>
<fwdEngineeringStrategyName>Single Table</fwdEngineeringStrategyName>
<growthPercent>0</growthPercent>
<growthType>Year</growthType>
<maxVolumes>9999999</maxVolumes>
<minVolumes>0</minVolumes>
<normalForm>Third</normalForm>
<attributes itemClass="oracle.dbtools.crest.model.design.logical.Attribute">
<Attribute name="id_anexo" id="30B8B100-EF43-D139-66CB-23CC593B9049">
<createdBy>renatoaravena</createdBy>
<createdTime>2025-09-02 01:47:52 UTC</createdTime>
<ownerDesignName>Entrega3BaseDeDatos</ownerDesignName>
<engineerTo>
<item key="3C180099-B98B-914C-E843-52A2C04C4588" value="true"/>
</engineerTo>
<useDomainConstraints>false</useDomainConstraints>
<use>1</use>
<logicalDatatype>LOGDT019</logicalDatatype>
<ownDataTypeParameters>,,</ownDataTypeParameters>
</Attribute>
<Attribute name="tipo" id="1C317FD5-FF46-5F98-7CAA-15F8A34028F8">
<createdBy>renatoaravena</createdBy>
<createdTime>2025-09-02 01:47:52 UTC</createdTime>
<ownerDesignName>Entrega3BaseDeDatos</ownerDesignName>
<engineerTo>
<item key="3C180099-B98B-914C-E843-52A2C04C4588" value="true"/>
</engineerTo>
<useDomainConstraints>false</useDomainConstraints>
<use>1</use>
<logicalDatatype>LOGDT024</logicalDatatype>
<dataTypeSize>100</dataTypeSize>
<ownDataTypeParameters>100,,</ownDataTypeParameters>
</Attribute>
<Attribute name="fecha" id="3D11FB54-33D1-8BF3-CBA5-3669CE264F31">
<createdBy>renatoaravena</createdBy>
<createdTime>2025-09-02 01:47:53 UTC</createdTime>
<ownerDesignName>Entrega3BaseDeDatos</ownerDesignName>
<engineerTo>
<item key="3C180099-B98B-914C-E843-52A2C04C4588" value="true"/>
</engineerTo>
<useDomainConstraints>false</useDomainConstraints>
<use>1</use>
<logicalDatatype>LOGDT007</logicalDatatype>
<ownDataTypeParameters>,,</ownDataTypeParameters>
</Attribute>
<Attribute name="id_contrato" id="9C187672-3DC2-7D5C-3CF7-E3A05F517082">
<createdBy>renatoaravena</createdBy>
<createdTime>2025-09-02 02:37:17 UTC</createdTime>
<generatorID>FA92EC83-96A2-7694-3180-F70706F471D6</generatorID>
<ownerDesignName>Entrega3BaseDeDatos</ownerDesignName>
<engineerTo>
<item key="3C180099-B98B-914C-E843-52A2C04C4588" value="true"/>
</engineerTo>
<referedAttribute>DD88356C-856F-5FF4-EFCD-F601C0F4C1A8</referedAttribute>
<useDomainConstraints>false</useDomainConstraints>
<use>1</use>
<logicalDatatype>LOGDT019</logicalDatatype>
<ownDataTypeParameters>,,</ownDataTypeParameters>
</Attribute>
<Attribute name="id_residente" id="D4F8D7DB-D8AE-F200-2939-102726156066">
<createdBy>renatoaravena</createdBy>
<createdTime>2025-09-02 02:38:15 UTC</createdTime>
<generatorID>4B97EB10-8828-0730-D16D-689051251DBE</generatorID>
<ownerDesignName>Entrega3BaseDeDatos</ownerDesignName>
<engineerTo>
<item key="3C180099-B98B-914C-E843-52A2C04C4588" value="true"/>
</engineerTo>
<referedAttribute>3CF8A4C3-CB25-214D-19F5-13EF8179B85C</referedAttribute>
<useDomainConstraints>false</useDomainConstraints>
<use>1</use>
<logicalDatatype>LOGDT019</logicalDatatype>
<ownDataTypeParameters>,,</ownDataTypeParameters>
</Attribute>
</attributes>
<identifiers itemClass="oracle.dbtools.crest.model.design.logical.CandidateKey">
<identifier id="B069BFF3-AA8E-BBED-A68E-B376CB68B186" name="ANEXO PK">
<createdBy>renatoaravena</createdBy>
<createdTime>2025-09-02 01:48:24 UTC</createdTime>
<ownerDesignName>Entrega3BaseDeDatos</ownerDesignName>
<engineerTo>
<item key="3C180099-B98B-914C-E843-52A2C04C4588" value="true"/>
</engineerTo>
<pk>true</pk>
<usedAttributes>
<attributeRef>30B8B100-EF43-D139-66CB-23CC593B9049</attributeRef>
</usedAttributes>
</identifier>
</identifiers>
</Entity>