<?xml version = '1.0' encoding = 'UTF-8'?>
<Entity class="oracle.dbtools.crest.model.design.logical.Entity" directorySegmentName="seg_0" id="DEB707F7-E806-3BCE-2DB0-1F295EF77C2E" name="ASIGNACION_HABITACION">
<createdBy>renatoaravena</createdBy>
<createdTime>2025-09-02 02:14:26 UTC</createdTime>
<ownerDesignName>Entrega3BaseDeDatos</ownerDesignName>
<engineerTo>
<item key="3C180099-B98B-914C-E843-52A2C04C4588" value="true"/>
</engineerTo>
<adequatelyNormalized>NO</adequatelyNormalized>
<expectedVolumes>0</expectedVolumes>
<fwdEngineeringStrategyName>Single Table</fwdEngineeringStrategyName>
<growthPercent>0</growthPercent>
<growthType>Year</growthType>
<maxVolumes>9999999</maxVolumes>
<minVolumes>0</minVolumes>
<normalForm>Third</normalForm>
<attributes itemClass="oracle.dbtools.crest.model.design.logical.Attribute">
<Attribute name="id_asignacion" id="F3970AB4-0FFA-936E-DAA0-4E1B48DBC2B6">
<createdBy>renatoaravena</createdBy>
<createdTime>2025-09-02 02:14:44 UTC</createdTime>
<ownerDesignName>Entrega3BaseDeDatos</ownerDesignName>
<engineerTo>
<item key="3C180099-B98B-914C-E843-52A2C04C4588" value="true"/>
</engineerTo>
<useDomainConstraints>false</useDomainConstraints>
<use>1</use>
<logicalDatatype>LOGDT019</logicalDatatype>
<ownDataTypeParameters>,,</ownDataTypeParameters>
</Attribute>
<Attribute name="fecha_inicio" id="E9964C83-9B40-4CC7-22ED-88AC6647FC91">
<createdBy>renatoaravena</createdBy>
<createdTime>2025-09-02 02:14:56 UTC</createdTime>
<ownerDesignName>Entrega3BaseDeDatos</ownerDesignName>
<engineerTo>
<item key="3C180099-B98B-914C-E843-52A2C04C4588" value="true"/>
</engineerTo>
<useDomainConstraints>false</useDomainConstraints>
<use>1</use>
<logicalDatatype>LOGDT007</logicalDatatype>
<ownDataTypeParameters>,,</ownDataTypeParameters>
</Attribute>
<Attribute name="fecha_termino" id="0557F7E0-FE7D-09F7-334E-A1BD42579371">
<createdBy>renatoaravena</createdBy>
<createdTime>2025-09-02 02:15:07 UTC</createdTime>
<ownerDesignName>Entrega3BaseDeDatos</ownerDesignName>
<engineerTo>
<item key="3C180099-B98B-914C-E843-52A2C04C4588" value="true"/>
</engineerTo>
<nullsAllowed>true</nullsAllowed>
<useDomainConstraints>false</useDomainConstraints>
<use>1</use>
<logicalDatatype>LOGDT007</logicalDatatype>
<ownDataTypeParameters>,,</ownDataTypeParameters>
</Attribute>
<Attribute name="id_habitacion" id="11E6B7D8-25FE-F446-09E4-84E38ADCBA32">
<createdBy>renatoaravena</createdBy>
<createdTime>2025-09-02 02:38:57 UTC</createdTime>
<generatorID>E0C0F1EA-F8D5-3541-291E-4AAE03EB7F22</generatorID>
<ownerDesignName>Entrega3BaseDeDatos</ownerDesignName>
<engineerTo>
<item key="3C180099-B98B-914C-E843-52A2C04C4588" value="true"/>
</engineerTo>
<nullsAllowed>true</nullsAllowed>
<referedAttribute>3095FD65-A0F4-E329-F589-87CF0B5D2B47</referedAttribute>
<useDomainConstraints>false</useDomainConstraints>
<use>1</use>
<logicalDatatype>LOGDT019</logicalDatatype>
<ownDataTypeParameters>,,</ownDataTypeParameters>
</Attribute>
<Attribute name="id_residente" id="7D76A236-E09E-EAC5-B5EB-85AB3AA80FD5">
<createdBy>renatoaravena</createdBy>
<createdTime>2025-09-02 02:39:46 UTC</createdTime>
<generatorID>E26C2D9A-4531-BDA1-BA0A-C87663000949</generatorID>
<ownerDesignName>Entrega3BaseDeDatos</ownerDesignName>
<engineerTo>
<item key="3C180099-B98B-914C-E843-52A2C04C4588" value="true"/>
</engineerTo>
<referedAttribute>3CF8A4C3-CB25-214D-19F5-13EF8179B85C</referedAttribute>
<useDomainConstraints>false</useDomainConstraints>
<use>1</use>
<logicalDatatype>LOGDT019</logicalDatatype>
<ownDataTypeParameters>,,</ownDataTypeParameters>
</Attribute>
</attributes>
<identifiers itemClass="oracle.dbtools.crest.model.design.logical.CandidateKey">
<identifier id="63E44E43-B523-6ED6-F1E6-BC3151877375" name="ASIGNACION_HABITACION PK">
<createdBy>renatoaravena</createdBy>
<createdTime>2025-09-02 02:14:55 UTC</createdTime>
<ownerDesignName>Entrega3BaseDeDatos</ownerDesignName>
<engineerTo>
<item key="3C180099-B98B-914C-E843-52A2C04C4588" value="true"/>
</engineerTo>
<pk>true</pk>
<usedAttributes>
<attributeRef>F3970AB4-0FFA-936E-DAA0-4E1B48DBC2B6</attributeRef>
</usedAttributes>
</identifier>
</identifiers>
</Entity>