<?xml version = '1.0' encoding = 'UTF-8'?>
<relationalModel class="oracle.dbtools.crest.model.design.relational.RelationalDesign" name="Relational_1" id="A6AC035E-4658-4050-F7E2-5456EF39F274" mainViewID="7AC816A6-965A-3D17-ED4C-7FA0373923F7">
<createdBy>renatoaravena</createdBy>
<createdTime>2025-10-13 01:28:04 UTC</createdTime>
<ownerDesignName>BaseDeDatosEFT</ownerDesignName>
<shouldBeOpen>false</shouldBeOpen>
<selectedRDBMSSite>01F6E6D1-21D0-CFBD-ABDD-3988D1813575</selectedRDBMSSite>
</relationalModel>