<?xml version = '1.0' encoding = 'UTF-8'?>
<relationalModel class="oracle.dbtools.crest.model.design.relational.RelationalDesign" name="DDL(2)" id="C7D0942A-9EA4-B3FC-EE99-B1A39958C271" mainViewID="6B482964-28EC-0D5B-9BEE-493ECD4189BA">
<createdBy>renatoaravena</createdBy>
<createdTime>2025-10-13 02:04:12 UTC</createdTime>
<ownerDesignName>BaseDeDatosEFT</ownerDesignName>
<shouldBeOpen>false</shouldBeOpen>
<selectedRDBMSSite>01F6E6D1-21D0-CFBD-ABDD-3988D1813575</selectedRDBMSSite>
<importDDLFileStamps>
<importDDLFileStamp class="oracle.dbtools.crest.imports.DDLFileStamp">
<fileName>DDL.SQL</fileName>
<pathName>/Users/renatoaravena/Desktop</pathName>
<dbType>17</dbType>
</importDDLFileStamp>
<importDDLFileStamp class="oracle.dbtools.crest.imports.DDLFileStamp">
<fileName>MER_E_Cristaleria_Andina.sql</fileName>
<pathName>/Users/renatoaravena/Desktop</pathName>
<dbType>17</dbType>
</importDDLFileStamp>
</importDDLFileStamps>
</relationalModel>