<?xml version = '1.0' encoding = 'UTF-8'?>
<relationalModel class="oracle.dbtools.crest.model.design.relational.RelationalDesign" name="DDL(3)" id="D790768E-D2C3-1567-40BC-AC9528424510" mainViewID="74E45313-F0C6-3DBB-DDAF-BF46942DBFDD">
<createdBy>renatoaravena</createdBy>
<createdTime>2025-10-13 02:07:10 UTC</createdTime>
<ownerDesignName>BaseDeDatosEFT</ownerDesignName>
<shouldBeOpen>false</shouldBeOpen>
<selectedRDBMSSite>01F6E6D1-21D0-CFBD-ABDD-3988D1813575</selectedRDBMSSite>
<importDDLFileStamps>
<importDDLFileStamp class="oracle.dbtools.crest.imports.DDLFileStamp">
<fileName>DDL.SQL</fileName>
<pathName>/Users/renatoaravena/Desktop</pathName>
<dbType>17</dbType>
</importDDLFileStamp>
<importDDLFileStamp class="oracle.dbtools.crest.imports.DDLFileStamp">
<fileName>MER_E_Cristaleria_Andina.sql</fileName>
<pathName>/Users/renatoaravena/Desktop</pathName>
<dbType>17</dbType>
</importDDLFileStamp>
</importDDLFileStamps>
</relationalModel>