<?xml version = '1.0' encoding = 'UTF-8'?>
<FKIndexAssociation class="oracle.dbtools.crest.model.design.relational.FKIndexAssociation" directorySegmentName="seg_0" id="18C384AF-B24B-8207-B210-B850DDF32A37" containerWithKeyObject="E6D46D50-0F90-5BFA-A338-77F0E16284A8" localFKIndex="3A961565-B263-2509-5343-01727850AE89" name="fk_orden_tecnico">
<sourceDDLFile>DDL.SQL</sourceDDLFile>
<createdBy>renatoaravena</createdBy>
<createdTime>2025-10-13 01:46:14 UTC</createdTime>
<ownerDesignName>BaseDeDatosEFT</ownerDesignName>
<referredTableLongName>tecnico_mantencion</referredTableLongName>
<deleteRule>NO ACTION</deleteRule>
<referredTableID>40BCF2C2-6C35-D41A-A050-27AD577C2DCB</referredTableID>
<keyObject>ED2B2B50-1B45-7099-5E03-7DBA98837681</keyObject>
<referredKeyID>ED2B2B50-1B45-7099-5E03-7DBA98837681</referredKeyID>
<mandatory>true</mandatory>
<refColNames>id_empleado</refColNames>
<transferable>true</transferable>
<rely>false</rely>
<columnDependencyConstraintGenerateInDDL>true</columnDependencyConstraintGenerateInDDL>
</FKIndexAssociation>