<?xml version = '1.0' encoding = 'UTF-8'?>
<FKIndexAssociation class="oracle.dbtools.crest.model.design.relational.FKIndexAssociation" directorySegmentName="seg_0" id="1FE89E33-7D6E-C4C1-0A42-6EA2BE37A928" containerWithKeyObject="2754095D-99EE-B457-A7D3-1F282058C7AF" localFKIndex="7891A369-F0C5-BBD3-31BA-3C260FF51884" name="fk_maquina_planta">
<sourceDDLFile>DDL.SQL</sourceDDLFile>
<createdBy>renatoaravena</createdBy>
<createdTime>2025-10-13 01:46:14 UTC</createdTime>
<ownerDesignName>BaseDeDatosEFT</ownerDesignName>
<referredTableLongName>planta</referredTableLongName>
<deleteRule>NO ACTION</deleteRule>
<referredTableID>7A46A6E2-0073-F6CC-1F5C-7986EE4FE848</referredTableID>
<keyObject>644C90B7-2EEF-875C-7FC9-FB359CD07DF4</keyObject>
<referredKeyID>644C90B7-2EEF-875C-7FC9-FB359CD07DF4</referredKeyID>
<mandatory>true</mandatory>
<refColNames>id_planta</refColNames>
<transferable>true</transferable>
<rely>false</rely>
<columnDependencyConstraintGenerateInDDL>true</columnDependencyConstraintGenerateInDDL>
</FKIndexAssociation>