<?xml version = '1.0' encoding = 'UTF-8'?>
<FKIndexAssociation class="oracle.dbtools.crest.model.design.relational.FKIndexAssociation" directorySegmentName="seg_0" id="3ED4DDB1-83FF-B25A-43B0-AFEAF2D85DB8" containerWithKeyObject="25AF289F-7A62-7281-3377-074FEEE1A26F" localFKIndex="9A0F0CF3-5C6F-7BE5-82A8-378BDDCBA246" name="fk_operario_empleado">
<sourceDDLFile>DDL.SQL</sourceDDLFile>
<createdBy>renatoaravena</createdBy>
<createdTime>2025-10-13 01:46:14 UTC</createdTime>
<ownerDesignName>BaseDeDatosEFT</ownerDesignName>
<referredTableLongName>empleado</referredTableLongName>
<deleteRule>NO ACTION</deleteRule>
<referredTableID>9E0CC62E-2F6E-AA9D-8307-CC4CAFF5846A</referredTableID>
<keyObject>34542C6E-936A-25D3-C1AA-BF07911C836D</keyObject>
<referredKeyID>34542C6E-936A-25D3-C1AA-BF07911C836D</referredKeyID>
<mandatory>true</mandatory>
<refColNames>id_empleado</refColNames>
<transferable>true</transferable>
<rely>false</rely>
<columnDependencyConstraintGenerateInDDL>true</columnDependencyConstraintGenerateInDDL>
</FKIndexAssociation>