<?xml version = '1.0' encoding = 'UTF-8'?>
<FKIndexAssociation class="oracle.dbtools.crest.model.design.relational.FKIndexAssociation" directorySegmentName="seg_0" id="5876529B-B219-8D4F-6952-49BEDE5CA66F" containerWithKeyObject="3B6F5F54-4B76-13E6-530A-FB7C233CFD11" localFKIndex="B9FE5EF8-393C-F63C-FE14-62B11B1B293E" name="fk_asignacion_turno">
<sourceDDLFile>DDL.SQL</sourceDDLFile>
<createdBy>renatoaravena</createdBy>
<createdTime>2025-10-13 01:46:14 UTC</createdTime>
<ownerDesignName>BaseDeDatosEFT</ownerDesignName>
<referredTableLongName>turno</referredTableLongName>
<deleteRule>NO ACTION</deleteRule>
<referredTableID>B701FC22-C8E8-C32D-8F73-0EA9B3A1330C</referredTableID>
<keyObject>7D2CD9BD-D400-CBC8-9E12-508FFB977BBF</keyObject>
<referredKeyID>7D2CD9BD-D400-CBC8-9E12-508FFB977BBF</referredKeyID>
<mandatory>true</mandatory>
<refColNames>id_turno</refColNames>
<transferable>true</transferable>
<rely>false</rely>
<columnDependencyConstraintGenerateInDDL>true</columnDependencyConstraintGenerateInDDL>
</FKIndexAssociation>