<?xml version = '1.0' encoding = 'UTF-8'?>
<FKIndexAssociation class="oracle.dbtools.crest.model.design.relational.FKIndexAssociation" directorySegmentName="seg_0" id="63DE7866-B961-D891-9A88-045316643294" containerWithKeyObject="04492001-0E24-E2E5-EAA0-7F22CABE3D69" localFKIndex="BA1CAFD9-625D-32CB-9081-E68209C12C5F" name="fk_jefe_empleado">
<sourceDDLFile>DDL.SQL</sourceDDLFile>
<createdBy>renatoaravena</createdBy>
<createdTime>2025-10-13 01:46:14 UTC</createdTime>
<ownerDesignName>BaseDeDatosEFT</ownerDesignName>
<referredTableLongName>empleado</referredTableLongName>
<deleteRule>NO ACTION</deleteRule>
<referredTableID>9E0CC62E-2F6E-AA9D-8307-CC4CAFF5846A</referredTableID>
<keyObject>34542C6E-936A-25D3-C1AA-BF07911C836D</keyObject>
<referredKeyID>34542C6E-936A-25D3-C1AA-BF07911C836D</referredKeyID>
<mandatory>true</mandatory>
<refColNames>id_empleado</refColNames>
<transferable>true</transferable>
<rely>false</rely>
<columnDependencyConstraintGenerateInDDL>true</columnDependencyConstraintGenerateInDDL>
</FKIndexAssociation>