<?xml version = '1.0' encoding = 'UTF-8'?>
<FKIndexAssociation class="oracle.dbtools.crest.model.design.relational.FKIndexAssociation" directorySegmentName="seg_0" id="7B849642-5844-020E-6716-A2E42E35C108" containerWithKeyObject="9E0CC62E-2F6E-AA9D-8307-CC4CAFF5846A" localFKIndex="79685203-FD8E-D387-E349-8465D063F9DE" name="fk_empleado_salud">
<sourceDDLFile>DDL.SQL</sourceDDLFile>
<createdBy>renatoaravena</createdBy>
<createdTime>2025-10-13 01:46:14 UTC</createdTime>
<ownerDesignName>BaseDeDatosEFT</ownerDesignName>
<referredTableLongName>salud</referredTableLongName>
<deleteRule>NO ACTION</deleteRule>
<referredTableID>3991BA70-0DF3-3F20-96A9-444AA612605C</referredTableID>
<keyObject>C7EB9DB4-F1A9-77B8-9056-9FCC16988626</keyObject>
<referredKeyID>C7EB9DB4-F1A9-77B8-9056-9FCC16988626</referredKeyID>
<mandatory>true</mandatory>
<refColNames>id_salud</refColNames>
<transferable>true</transferable>
<rely>false</rely>
<columnDependencyConstraintGenerateInDDL>true</columnDependencyConstraintGenerateInDDL>
</FKIndexAssociation>