<?xml version = '1.0' encoding = 'UTF-8'?>
<FKIndexAssociation class="oracle.dbtools.crest.model.design.relational.FKIndexAssociation" directorySegmentName="seg_0" id="816C4D5D-7ADD-AE55-171B-78321DE090F3" containerWithKeyObject="9E0CC62E-2F6E-AA9D-8307-CC4CAFF5846A" localFKIndex="5540BF9B-9773-4E2E-7A6B-A472D9A98E02" name="fk_empleado_planta">
<sourceDDLFile>DDL.SQL</sourceDDLFile>
<createdBy>renatoaravena</createdBy>
<createdTime>2025-10-13 01:46:14 UTC</createdTime>
<ownerDesignName>BaseDeDatosEFT</ownerDesignName>
<referredTableLongName>planta</referredTableLongName>
<deleteRule>NO ACTION</deleteRule>
<referredTableID>7A46A6E2-0073-F6CC-1F5C-7986EE4FE848</referredTableID>
<keyObject>644C90B7-2EEF-875C-7FC9-FB359CD07DF4</keyObject>
<referredKeyID>644C90B7-2EEF-875C-7FC9-FB359CD07DF4</referredKeyID>
<mandatory>true</mandatory>
<refColNames>id_planta</refColNames>
<transferable>true</transferable>
<rely>false</rely>
<columnDependencyConstraintGenerateInDDL>true</columnDependencyConstraintGenerateInDDL>
</FKIndexAssociation>