<?xml version = '1.0' encoding = 'UTF-8'?>
<FKIndexAssociation class="oracle.dbtools.crest.model.design.relational.FKIndexAssociation" directorySegmentName="seg_0" id="8AC0B4AD-C9A7-2A31-CDC4-AB7FC1EB9932" containerWithKeyObject="052EE2BE-F725-EF58-2445-9F4F5A2D32DE" localFKIndex="5D8E1CC5-4C33-8F58-4DA7-93147C72C185" name="fk_comuna_region">
<sourceDDLFile>DDL.SQL</sourceDDLFile>
<createdBy>renatoaravena</createdBy>
<createdTime>2025-10-13 01:46:14 UTC</createdTime>
<ownerDesignName>BaseDeDatosEFT</ownerDesignName>
<referredTableLongName>region</referredTableLongName>
<deleteRule>NO ACTION</deleteRule>
<referredTableID>3DF1CFDA-699D-7934-C501-05ADC3638271</referredTableID>
<keyObject>12078118-FED0-619E-37ED-79ED093F1602</keyObject>
<referredKeyID>12078118-FED0-619E-37ED-79ED093F1602</referredKeyID>
<mandatory>true</mandatory>
<refColNames>id_region</refColNames>
<transferable>true</transferable>
<rely>false</rely>
<columnDependencyConstraintGenerateInDDL>true</columnDependencyConstraintGenerateInDDL>
</FKIndexAssociation>