<?xml version = '1.0' encoding = 'UTF-8'?>
<FKIndexAssociation class="oracle.dbtools.crest.model.design.relational.FKIndexAssociation" directorySegmentName="seg_0" id="9BFA1951-3EDF-B31E-545A-2D906CE381C1" containerWithKeyObject="3B6F5F54-4B76-13E6-530A-FB7C233CFD11" localFKIndex="78E2FC01-B60E-A025-41E1-D8E67FB80DEE" name="fk_asignacion_empleado">
<sourceDDLFile>DDL.SQL</sourceDDLFile>
<createdBy>renatoaravena</createdBy>
<createdTime>2025-10-13 01:46:14 UTC</createdTime>
<ownerDesignName>BaseDeDatosEFT</ownerDesignName>
<referredTableLongName>empleado</referredTableLongName>
<deleteRule>NO ACTION</deleteRule>
<referredTableID>9E0CC62E-2F6E-AA9D-8307-CC4CAFF5846A</referredTableID>
<keyObject>34542C6E-936A-25D3-C1AA-BF07911C836D</keyObject>
<referredKeyID>34542C6E-936A-25D3-C1AA-BF07911C836D</referredKeyID>
<mandatory>true</mandatory>
<refColNames>id_empleado</refColNames>
<transferable>true</transferable>
<rely>false</rely>
<columnDependencyConstraintGenerateInDDL>true</columnDependencyConstraintGenerateInDDL>
</FKIndexAssociation>