<?xml version = '1.0' encoding = 'UTF-8'?>
<FKIndexAssociation class="oracle.dbtools.crest.model.design.relational.FKIndexAssociation" directorySegmentName="seg_0" id="A95DF43F-8D5E-848C-EDD4-77C739BADFEC" containerWithKeyObject="9E0CC62E-2F6E-AA9D-8307-CC4CAFF5846A" localFKIndex="3204E275-0033-22B2-07E7-09051263C235" name="fk_empleado_jefe">
<sourceDDLFile>DDL.SQL</sourceDDLFile>
<createdBy>renatoaravena</createdBy>
<createdTime>2025-10-13 01:46:14 UTC</createdTime>
<ownerDesignName>BaseDeDatosEFT</ownerDesignName>
<referredTableLongName>empleado</referredTableLongName>
<deleteRule>NO ACTION</deleteRule>
<referredTableID>9E0CC62E-2F6E-AA9D-8307-CC4CAFF5846A</referredTableID>
<keyObject>34542C6E-936A-25D3-C1AA-BF07911C836D</keyObject>
<referredKeyID>34542C6E-936A-25D3-C1AA-BF07911C836D</referredKeyID>
<mandatory>false</mandatory>
<refColNames>id_empleado</refColNames>
<transferable>true</transferable>
<rely>false</rely>
<columnDependencyConstraintGenerateInDDL>true</columnDependencyConstraintGenerateInDDL>
</FKIndexAssociation>