<?xml version = '1.0' encoding = 'UTF-8'?>
<FKIndexAssociation class="oracle.dbtools.crest.model.design.relational.FKIndexAssociation" directorySegmentName="seg_0" id="ABDB24B9-9A8E-D373-DF66-87E13C9D308B" containerWithKeyObject="40BCF2C2-6C35-D41A-A050-27AD577C2DCB" localFKIndex="D69628B3-91DD-9FAC-DCCC-7D3B34E5E10A" name="fk_tecnico_empleado">
<sourceDDLFile>DDL.SQL</sourceDDLFile>
<createdBy>renatoaravena</createdBy>
<createdTime>2025-10-13 01:46:14 UTC</createdTime>
<ownerDesignName>BaseDeDatosEFT</ownerDesignName>
<referredTableLongName>empleado</referredTableLongName>
<deleteRule>NO ACTION</deleteRule>
<referredTableID>9E0CC62E-2F6E-AA9D-8307-CC4CAFF5846A</referredTableID>
<keyObject>34542C6E-936A-25D3-C1AA-BF07911C836D</keyObject>
<referredKeyID>34542C6E-936A-25D3-C1AA-BF07911C836D</referredKeyID>
<mandatory>true</mandatory>
<refColNames>id_empleado</refColNames>
<transferable>true</transferable>
<rely>false</rely>
<columnDependencyConstraintGenerateInDDL>true</columnDependencyConstraintGenerateInDDL>
</FKIndexAssociation>