<?xml version = '1.0' encoding = 'UTF-8'?>
<FKIndexAssociation class="oracle.dbtools.crest.model.design.relational.FKIndexAssociation" directorySegmentName="seg_0" id="AED57F85-A121-1D80-175D-42C462BA7351" containerWithKeyObject="3B6F5F54-4B76-13E6-530A-FB7C233CFD11" localFKIndex="56F0ECC9-B143-F36E-1361-889F9BC6F7CE" name="fk_asignacion_maquina">
<sourceDDLFile>DDL.SQL</sourceDDLFile>
<createdBy>renatoaravena</createdBy>
<createdTime>2025-10-13 01:46:14 UTC</createdTime>
<ownerDesignName>BaseDeDatosEFT</ownerDesignName>
<referredTableLongName>maquina</referredTableLongName>
<deleteRule>NO ACTION</deleteRule>
<referredTableID>2754095D-99EE-B457-A7D3-1F282058C7AF</referredTableID>
<keyObject>B41E9FD7-F958-EE27-EE91-C80AC7F3C30B</keyObject>
<referredKeyID>B41E9FD7-F958-EE27-EE91-C80AC7F3C30B</referredKeyID>
<mandatory>true</mandatory>
<refColNames>numero_maquina,id_planta</refColNames>
<transferable>true</transferable>
<rely>false</rely>
<columnDependencyConstraintGenerateInDDL>true</columnDependencyConstraintGenerateInDDL>
</FKIndexAssociation>