<?xml version = '1.0' encoding = 'UTF-8'?>
<FKIndexAssociation class="oracle.dbtools.crest.model.design.relational.FKIndexAssociation" directorySegmentName="seg_0" id="C6DFD60F-1C4B-E489-DA3F-B381D29CC4E6" containerWithKeyObject="7A46A6E2-0073-F6CC-1F5C-7986EE4FE848" localFKIndex="58F4444A-D3B0-3E52-83CA-25532C3BFBB0" name="fk_planta_comuna">
<sourceDDLFile>DDL.SQL</sourceDDLFile>
<createdBy>renatoaravena</createdBy>
<createdTime>2025-10-13 01:46:14 UTC</createdTime>
<ownerDesignName>BaseDeDatosEFT</ownerDesignName>
<referredTableLongName>comuna</referredTableLongName>
<deleteRule>NO ACTION</deleteRule>
<referredTableID>052EE2BE-F725-EF58-2445-9F4F5A2D32DE</referredTableID>
<keyObject>865B6295-D8E1-264F-7187-D6CE0F26F017</keyObject>
<referredKeyID>865B6295-D8E1-264F-7187-D6CE0F26F017</referredKeyID>
<mandatory>true</mandatory>
<refColNames>id_comuna</refColNames>
<transferable>true</transferable>
<rely>false</rely>
<columnDependencyConstraintGenerateInDDL>true</columnDependencyConstraintGenerateInDDL>
</FKIndexAssociation>