<?xml version = '1.0' encoding = 'UTF-8'?>
<FKIndexAssociation class="oracle.dbtools.crest.model.design.relational.FKIndexAssociation" directorySegmentName="seg_0" id="CB055773-4B8B-F145-9A1A-DAA88A22DC4F" containerWithKeyObject="2754095D-99EE-B457-A7D3-1F282058C7AF" localFKIndex="283BECBC-214C-57CD-41F3-038652562679" name="fk_maquina_tipo">
<sourceDDLFile>DDL.SQL</sourceDDLFile>
<createdBy>renatoaravena</createdBy>
<createdTime>2025-10-13 01:46:14 UTC</createdTime>
<ownerDesignName>BaseDeDatosEFT</ownerDesignName>
<referredTableLongName>tipo_maquina</referredTableLongName>
<deleteRule>NO ACTION</deleteRule>
<referredTableID>CB1DDD19-1E87-D0C4-74D3-4DB6FF21B401</referredTableID>
<keyObject>0F39CCD1-7BD8-4FD6-B06E-486AE20772EF</keyObject>
<referredKeyID>0F39CCD1-7BD8-4FD6-B06E-486AE20772EF</referredKeyID>
<mandatory>true</mandatory>
<refColNames>id_tipo_maquina</refColNames>
<transferable>true</transferable>
<rely>false</rely>
<columnDependencyConstraintGenerateInDDL>true</columnDependencyConstraintGenerateInDDL>
</FKIndexAssociation>