<?xml version = '1.0' encoding = 'UTF-8'?>
<FKIndexAssociation class="oracle.dbtools.crest.model.design.relational.FKIndexAssociation" directorySegmentName="seg_0" id="D4845C6C-BE1C-B9A7-B8CA-65216E6C209E" containerWithKeyObject="E6D46D50-0F90-5BFA-A338-77F0E16284A8" localFKIndex="1EE00A33-D25E-60BF-49A0-A0B1071702B0" name="fk_orden_maquina">
<sourceDDLFile>DDL.SQL</sourceDDLFile>
<createdBy>renatoaravena</createdBy>
<createdTime>2025-10-13 01:46:14 UTC</createdTime>
<ownerDesignName>BaseDeDatosEFT</ownerDesignName>
<referredTableLongName>maquina</referredTableLongName>
<deleteRule>NO ACTION</deleteRule>
<referredTableID>2754095D-99EE-B457-A7D3-1F282058C7AF</referredTableID>
<keyObject>B41E9FD7-F958-EE27-EE91-C80AC7F3C30B</keyObject>
<referredKeyID>B41E9FD7-F958-EE27-EE91-C80AC7F3C30B</referredKeyID>
<mandatory>true</mandatory>
<refColNames>numero_maquina,id_planta</refColNames>
<transferable>true</transferable>
<rely>false</rely>
<columnDependencyConstraintGenerateInDDL>true</columnDependencyConstraintGenerateInDDL>
</FKIndexAssociation>