<?xml version = '1.0' encoding = 'UTF-8'?>
<FKIndexAssociation class="oracle.dbtools.crest.model.design.relational.FKIndexAssociation" directorySegmentName="seg_0" id="F516F214-FC16-E5E1-6BE5-CFE4A61F9F26" containerWithKeyObject="9E0CC62E-2F6E-AA9D-8307-CC4CAFF5846A" localFKIndex="DF64B778-E124-3035-9408-5FA32502B87A" name="fk_empleado_afp">
<sourceDDLFile>DDL.SQL</sourceDDLFile>
<createdBy>renatoaravena</createdBy>
<createdTime>2025-10-13 01:46:14 UTC</createdTime>
<ownerDesignName>BaseDeDatosEFT</ownerDesignName>
<referredTableLongName>afp</referredTableLongName>
<deleteRule>NO ACTION</deleteRule>
<referredTableID>C5596C95-F560-AE31-E837-010D82B46D6A</referredTableID>
<keyObject>FC1B19B4-E46D-E8E4-415F-A9376B4EA7AE</keyObject>
<referredKeyID>FC1B19B4-E46D-E8E4-415F-A9376B4EA7AE</referredKeyID>
<mandatory>true</mandatory>
<refColNames>id_afp</refColNames>
<transferable>true</transferable>
<rely>false</rely>
<columnDependencyConstraintGenerateInDDL>true</columnDependencyConstraintGenerateInDDL>
</FKIndexAssociation>