<?xml version = '1.0' encoding = 'UTF-8'?>
<Diagram class="oracle.dbtools.crest.swingui.relational.DPVRelational" name="DDL(3)" id="74E45313-F0C6-3DBB-DDAF-BF46942DBFDD">
<createdBy>renatoaravena</createdBy>
<modifiedBy>renatoaravena</modifiedBy>
<createdTime>2025-10-13 02:07:10 UTC</createdTime>
<autoRoute>false</autoRoute>
<boxInbox>true</boxInbox>
<showLegend>false</showLegend>
<showLabels>false</showLabels>
<showRelAttributes>false</showRelAttributes>
<gridEnabled>false</gridEnabled>
<showGrid>false</showGrid>
<diagramColor>-1</diagramColor>
<display>false</display>
<notation>1</notation>
<objectViews>
<OView class="oracle.dbtools.crest.swingui.relational.TVTable" oid="01FA8B36-A328-A218-601D-9310A704671C" otype="Table" vid="5D9ECB47-8CF7-E549-0C24-0A0EA303EF01">
<hideElementsInCurrentOnly>false</hideElementsInCurrentOnly>
<bounds x="1361" y="484" width="212" height="115"/>
</OView>
<OView class="oracle.dbtools.crest.swingui.relational.TVTable" oid="07A8727D-F3D2-FA2A-F35E-DB5CEF639D1D" otype="Table" vid="303156DE-C857-2217-46B0-75EBC2E2A58A">
<hideElementsInCurrentOnly>false</hideElementsInCurrentOnly>
<bounds x="1394" y="18" width="191" height="83"/>
</OView>
<OView class="oracle.dbtools.crest.swingui.relational.TVTable" oid="1B173EFD-DC27-89FA-C60C-26E15C735884" otype="Table" vid="774A6C6C-07B6-7B99-27B3-C074D662233C">
<hideElementsInCurrentOnly>false</hideElementsInCurrentOnly>
<bounds x="962" y="435" width="222" height="115"/>
</OView>
<OView class="oracle.dbtools.crest.swingui.relational.TVTable" oid="4448A232-A9C6-A106-D351-70F818E964E1" otype="Table" vid="6CCC55F0-46B9-41E4-5C94-5F77B9255CDA">
<hideElementsInCurrentOnly>false</hideElementsInCurrentOnly>
<bounds x="144" y="197" width="293" height="193"/>
</OView>
<OView class="oracle.dbtools.crest.swingui.relational.TVTable" oid="4E9DB384-0AB3-EC26-ED9B-2B49812DF065" otype="Table" vid="7F64F7EE-2CCE-1B35-7059-2C0440C90BFF">
<hideElementsInCurrentOnly>false</hideElementsInCurrentOnly>
<bounds x="944" y="25" width="226" height="245"/>
</OView>
<OView class="oracle.dbtools.crest.swingui.relational.TVTable" oid="56F05587-06C1-C313-C973-9C7186534838" otype="Table" vid="F6F1F10A-8C70-0BD6-83EB-1A65086510F8">
<hideElementsInCurrentOnly>false</hideElementsInCurrentOnly>
<bounds x="263" y="475" width="221" height="115"/>
</OView>
<OView class="oracle.dbtools.crest.swingui.relational.TVTable" oid="8A187FB7-C2A6-4F50-FAFF-A4B2EF1BCDB4" otype="Table" vid="35CCEC25-F138-6A7C-635D-CAFD056BD63F">
<hideElementsInCurrentOnly>false</hideElementsInCurrentOnly>
<bounds x="1386" y="162" width="201" height="83"/>
</OView>
<OView class="oracle.dbtools.crest.swingui.relational.TVTable" oid="9DC7AF0D-C1CE-82AC-6B0B-E4813D6524D4" otype="Table" vid="B9EB1818-B487-8B1A-4258-EF1E187F54FD">
<hideElementsInCurrentOnly>false</hideElementsInCurrentOnly>
<bounds x="159" y="805" width="238" height="141"/>
</OView>
<OView class="oracle.dbtools.crest.swingui.relational.TVTable" oid="A408572C-2218-8663-F2D5-86DB263D409D" otype="Table" vid="97009B36-F96D-A772-EC30-02CF810241EF">
<hideElementsInCurrentOnly>false</hideElementsInCurrentOnly>
<bounds x="580" y="32" width="237" height="102"/>
</OView>
<OView class="oracle.dbtools.crest.swingui.relational.TVTable" oid="A79600FE-9986-A51D-4AF3-641C8522E780" otype="Table" vid="D58058F6-76E5-534F-F393-0872A8CB831F">
<hideElementsInCurrentOnly>false</hideElementsInCurrentOnly>
<bounds x="1407" y="311" width="213" height="102"/>
</OView>
<OView class="oracle.dbtools.crest.swingui.relational.TVTable" oid="B339B27C-4FF1-FF1D-F8EF-7199459DB8B9" otype="Table" vid="578D5DFA-C2BE-20A8-42F0-2F508153DD83">
<hideElementsInCurrentOnly>false</hideElementsInCurrentOnly>
<bounds x="85" y="32" width="201" height="109"/>
</OView>
<OView class="oracle.dbtools.crest.swingui.relational.TVTable" oid="B6680CB5-AFE7-1C4F-00B3-E97C6AE77EDA" otype="Table" vid="4F0396ED-F6E7-B478-757A-04421B0D1313">
<hideElementsInCurrentOnly>false</hideElementsInCurrentOnly>
<bounds x="693" y="440" width="221" height="115"/>
</OView>
<OView class="oracle.dbtools.crest.swingui.relational.TVTable" oid="DB37346A-B1CD-D65F-6B9A-A034C40C3EE8" otype="Table" vid="2FFCED6C-EB9E-0D12-20C5-A0C7170D8F14">
<hideElementsInCurrentOnly>false</hideElementsInCurrentOnly>
<bounds x="1716" y="309" width="207" height="83"/>
</OView>
<OView class="oracle.dbtools.crest.swingui.relational.TVTable" oid="E1D75F3F-C791-7785-D343-3BF8AA41C5B1" otype="Table" vid="3D14A8CD-96ED-E1F9-FAE5-72B46660CF3D">
<hideElementsInCurrentOnly>false</hideElementsInCurrentOnly>
<bounds x="171" y="1009" width="230" height="83"/>
</OView>
<OView class="oracle.dbtools.crest.swingui.relational.TVTable" oid="F3341F28-2581-F766-6B71-B1E8119130C7" otype="Table" vid="CD62B2C2-9098-6D86-1EDD-5189DA7184FF">
<hideElementsInCurrentOnly>false</hideElementsInCurrentOnly>
<bounds x="795" y="812" width="269" height="167"/>
</OView>
</objectViews>
<connectors>
<Connector class="oracle.dbtools.crest.swingui.relational.TVFKRelation" oid="007068AE-AD78-6FD4-77C7-5F5F189D87A3" otype="FKIndexAssociation" vid_source="7F64F7EE-2CCE-1B35-7059-2C0440C90BFF" vid_target="97009B36-F96D-A772-EC30-02CF810241EF">
<hideElementsInCurrentOnly>false</hideElementsInCurrentOnly>
<backgroundColor>-16777216</backgroundColor>
<lineWidth>1</lineWidth>
<points>
<point x="944" y="83"/>
<point x="817" y="83"/>
</points>
</Connector>
<Connector class="oracle.dbtools.crest.swingui.relational.TVFKRelation" oid="276E71C9-131C-9B32-ED33-3CD218C791B1" otype="FKIndexAssociation" vid_source="F6F1F10A-8C70-0BD6-83EB-1A65086510F8" vid_target="CD62B2C2-9098-6D86-1EDD-5189DA7184FF">
<hideElementsInCurrentOnly>false</hideElementsInCurrentOnly>
<backgroundColor>-16777216</backgroundColor>
<lineWidth>1</lineWidth>
<points>
<point x="461" y="590"/>
<point x="801" y="812"/>
</points>
</Connector>
<Connector class="oracle.dbtools.crest.swingui.relational.TVFKRelation" oid="68217FA0-48CE-FCA8-8AE2-082583DEF1C3" otype="FKIndexAssociation" vid_source="303156DE-C857-2217-46B0-75EBC2E2A58A" vid_target="7F64F7EE-2CCE-1B35-7059-2C0440C90BFF">
<hideElementsInCurrentOnly>false</hideElementsInCurrentOnly>
<backgroundColor>-16777216</backgroundColor>
<lineWidth>1</lineWidth>
<points>
<point x="1394" y="63"/>
<point x="1170" y="63"/>
</points>
</Connector>
<Connector class="oracle.dbtools.crest.swingui.relational.TVFKRelation" oid="6A8C1815-584C-0129-3E00-8E158BC1D571" otype="FKIndexAssociation" vid_source="578D5DFA-C2BE-20A8-42F0-2F508153DD83" vid_target="6CCC55F0-46B9-41E4-5C94-5F77B9255CDA">
<hideElementsInCurrentOnly>false</hideElementsInCurrentOnly>
<backgroundColor>-16777216</backgroundColor>
<lineWidth>1</lineWidth>
<points>
<point x="230" y="141"/>
<point x="230" y="197"/>
</points>
</Connector>
<Connector class="oracle.dbtools.crest.swingui.relational.TVFKRelation" oid="72806F48-F8DD-B577-B07C-355AC7DBDFB1" otype="FKIndexAssociation" vid_source="D58058F6-76E5-534F-F393-0872A8CB831F" vid_target="5D9ECB47-8CF7-E549-0C24-0A0EA303EF01">
<hideElementsInCurrentOnly>false</hideElementsInCurrentOnly>
<backgroundColor>-16777216</backgroundColor>
<lineWidth>1</lineWidth>
<points>
<point x="1490" y="413"/>
<point x="1490" y="484"/>
</points>
</Connector>
<Connector class="oracle.dbtools.crest.swingui.relational.TVFKRelation" oid="7C1B12D9-4F2F-B723-BD21-0C6A2852275D" otype="FKIndexAssociation" vid_source="7F64F7EE-2CCE-1B35-7059-2C0440C90BFF" vid_target="4F0396ED-F6E7-B478-757A-04421B0D1313">
<hideElementsInCurrentOnly>false</hideElementsInCurrentOnly>
<backgroundColor>-16777216</backgroundColor>
<lineWidth>1</lineWidth>
<points>
<point x="968" y="270"/>
<point x="845" y="440"/>
</points>
</Connector>
<Connector class="oracle.dbtools.crest.swingui.relational.TVFKRelation" oid="86EBCBAC-6E23-8169-1E11-2C8C1CD1E10C" otype="FKIndexAssociation" vid_source="35CCEC25-F138-6A7C-635D-CAFD056BD63F" vid_target="7F64F7EE-2CCE-1B35-7059-2C0440C90BFF">
<hideElementsInCurrentOnly>false</hideElementsInCurrentOnly>
<backgroundColor>-16777216</backgroundColor>
<lineWidth>1</lineWidth>
<points>
<point x="1386" y="203"/>
<point x="1170" y="203"/>
</points>
</Connector>
<Connector class="oracle.dbtools.crest.swingui.relational.TVFKRelation" oid="90470B36-3B90-FC10-43D4-062CB2E9BE56" otype="FKIndexAssociation" vid_source="5D9ECB47-8CF7-E549-0C24-0A0EA303EF01" vid_target="B9EB1818-B487-8B1A-4258-EF1E187F54FD">
<hideElementsInCurrentOnly>false</hideElementsInCurrentOnly>
<backgroundColor>-16777216</backgroundColor>
<lineWidth>1</lineWidth>
<points>
<point x="1361" y="571"/>
<point x="397" y="842"/>
</points>
</Connector>
<Connector class="oracle.dbtools.crest.swingui.relational.TVFKRelation" oid="90E890FE-96F4-6D22-C2CE-CA52EFFF582C" otype="FKIndexAssociation" vid_source="7F64F7EE-2CCE-1B35-7059-2C0440C90BFF" vid_target="F6F1F10A-8C70-0BD6-83EB-1A65086510F8">
<hideElementsInCurrentOnly>false</hideElementsInCurrentOnly>
<backgroundColor>-16777216</backgroundColor>
<lineWidth>1</lineWidth>
<points>
<point x="944" y="211"/>
<point x="475" y="475"/>
</points>
</Connector>
<Connector class="oracle.dbtools.crest.swingui.relational.TVFKRelation" oid="B6194760-6D5B-0D76-19C6-153DFAD75D4A" otype="FKIndexAssociation" vid_source="3D14A8CD-96ED-E1F9-FAE5-72B46660CF3D" vid_target="B9EB1818-B487-8B1A-4258-EF1E187F54FD">
<hideElementsInCurrentOnly>false</hideElementsInCurrentOnly>
<backgroundColor>-16777216</backgroundColor>
<lineWidth>1</lineWidth>
<points>
<point x="284" y="1009"/>
<point x="284" y="946"/>
</points>
</Connector>
<Connector class="oracle.dbtools.crest.swingui.relational.TVFKRelation" oid="BC1E0DC1-710C-B8FB-49FC-B656089F51D4" otype="FKIndexAssociation" vid_source="5D9ECB47-8CF7-E549-0C24-0A0EA303EF01" vid_target="7F64F7EE-2CCE-1B35-7059-2C0440C90BFF">
<hideElementsInCurrentOnly>false</hideElementsInCurrentOnly>
<backgroundColor>-16777216</backgroundColor>
<lineWidth>1</lineWidth>
<points>
<point x="1407" y="484"/>
<point x="1170" y="256"/>
</points>
</Connector>
<Connector class="oracle.dbtools.crest.swingui.relational.TVFKRelation" oid="BED2D034-6578-6072-01AC-A5BE75CAABC0" otype="FKIndexAssociation" vid_source="B9EB1818-B487-8B1A-4258-EF1E187F54FD" vid_target="CD62B2C2-9098-6D86-1EDD-5189DA7184FF">
<hideElementsInCurrentOnly>false</hideElementsInCurrentOnly>
<backgroundColor>-16777216</backgroundColor>
<lineWidth>1</lineWidth>
<points>
<point x="397" y="879"/>
<point x="795" y="879"/>
</points>
</Connector>
<Connector class="oracle.dbtools.crest.swingui.relational.TVFKRelation" oid="C41715F1-3626-8326-1772-FB8976B14432" otype="FKIndexAssociation" vid_source="7F64F7EE-2CCE-1B35-7059-2C0440C90BFF" vid_target="7F64F7EE-2CCE-1B35-7059-2C0440C90BFF">
<hideElementsInCurrentOnly>false</hideElementsInCurrentOnly>
<backgroundColor>-16777216</backgroundColor>
<lineWidth>1</lineWidth>
<points>
<point x="1170" y="169"/>
<point x="1195" y="169"/>
<point x="1195" y="295"/>
<point x="1076" y="295"/>
<point x="1076" y="270"/>
</points>
</Connector>
<Connector class="oracle.dbtools.crest.swingui.relational.TVFKRelation" oid="D84B72B2-87C9-7B53-68C9-1622425BB0A0" otype="FKIndexAssociation" vid_source="2FFCED6C-EB9E-0D12-20C5-A0C7170D8F14" vid_target="D58058F6-76E5-534F-F393-0872A8CB831F">
<hideElementsInCurrentOnly>false</hideElementsInCurrentOnly>
<backgroundColor>-16777216</backgroundColor>
<lineWidth>1</lineWidth>
<points>
<point x="1716" y="351"/>
<point x="1620" y="351"/>
</points>
</Connector>
<Connector class="oracle.dbtools.crest.swingui.relational.TVFKRelation" oid="E87E0DE1-1099-1B1E-94CF-5E92456623EA" otype="FKIndexAssociation" vid_source="B9EB1818-B487-8B1A-4258-EF1E187F54FD" vid_target="6CCC55F0-46B9-41E4-5C94-5F77B9255CDA">
<hideElementsInCurrentOnly>false</hideElementsInCurrentOnly>
<backgroundColor>-16777216</backgroundColor>
<lineWidth>1</lineWidth>
<points>
<point x="278" y="805"/>
<point x="278" y="390"/>
</points>
</Connector>
<Connector class="oracle.dbtools.crest.swingui.relational.TVFKRelation" oid="F763DF21-903C-6069-B740-B783E59E36E9" otype="FKIndexAssociation" vid_source="7F64F7EE-2CCE-1B35-7059-2C0440C90BFF" vid_target="6CCC55F0-46B9-41E4-5C94-5F77B9255CDA">
<hideElementsInCurrentOnly>false</hideElementsInCurrentOnly>
<backgroundColor>-16777216</backgroundColor>
<lineWidth>1</lineWidth>
<points>
<point x="944" y="233"/>
<point x="437" y="233"/>
</points>
</Connector>
<Connector class="oracle.dbtools.crest.swingui.relational.TVFKRelation" oid="FECA4E76-E42F-EE37-3E2B-452F8A937435" otype="FKIndexAssociation" vid_source="7F64F7EE-2CCE-1B35-7059-2C0440C90BFF" vid_target="774A6C6C-07B6-7B99-27B3-C074D662233C">
<hideElementsInCurrentOnly>false</hideElementsInCurrentOnly>
<backgroundColor>-16777216</backgroundColor>
<lineWidth>1</lineWidth>
<points>
<point x="1066" y="270"/>
<point x="1066" y="435"/>
</points>
</Connector>
</connectors>
</Diagram>