<?xml version = '1.0' encoding = 'UTF-8'?>
<FKIndexAssociation class="oracle.dbtools.crest.model.design.relational.FKIndexAssociation" directorySegmentName="seg_0" id="0DA9511C-BB2E-78FE-97CB-4AA4C0BF8757" containerWithKeyObject="45AF1755-15A8-FFE9-1E65-88878ADB7AAE" localFKIndex="357BE8D6-5E30-8E2F-8CED-9B79E56C6075" name="fk_asig_turno">
<sourceDDLFile>MER_E_Cristaleria_Andina.sql</sourceDDLFile>
<createdBy>renatoaravena</createdBy>
<createdTime>2025-10-13 02:04:12 UTC</createdTime>
<ownerDesignName>BaseDeDatosEFT</ownerDesignName>
<referredTableLongName>turno</referredTableLongName>
<deleteRule>NO ACTION</deleteRule>
<referredTableID>61021F71-1FBE-BEE0-3D2D-7538224B9491</referredTableID>
<keyObject>397E2236-84B1-6FDF-968C-50DE5C04D491</keyObject>
<referredKeyID>397E2236-84B1-6FDF-968C-50DE5C04D491</referredKeyID>
<mandatory>true</mandatory>
<refColNames>id_turno</refColNames>
<transferable>true</transferable>
<rely>false</rely>
<columnDependencyConstraintGenerateInDDL>true</columnDependencyConstraintGenerateInDDL>
</FKIndexAssociation>