<?xml version = '1.0' encoding = 'UTF-8'?>
<FKIndexAssociation class="oracle.dbtools.crest.model.design.relational.FKIndexAssociation" directorySegmentName="seg_0" id="1575BB7E-06A1-25B4-568E-583304DA41E6" containerWithKeyObject="B9715CB6-9B77-B316-6326-0F7E3A21C968" localFKIndex="8ED142B5-4B61-9B86-C35C-BB56EF73C8BA" name="fk_empleado_jefe">
<sourceDDLFile>MER_E_Cristaleria_Andina.sql</sourceDDLFile>
<createdBy>renatoaravena</createdBy>
<createdTime>2025-10-13 02:04:12 UTC</createdTime>
<ownerDesignName>BaseDeDatosEFT</ownerDesignName>
<referredTableLongName>empleado</referredTableLongName>
<deleteRule>NO ACTION</deleteRule>
<referredTableID>B9715CB6-9B77-B316-6326-0F7E3A21C968</referredTableID>
<keyObject>17466FF8-D6DB-6F0A-06E0-F84C65EB7A2E</keyObject>
<referredKeyID>17466FF8-D6DB-6F0A-06E0-F84C65EB7A2E</referredKeyID>
<mandatory>false</mandatory>
<refColNames>id_empleado</refColNames>
<transferable>true</transferable>
<rely>false</rely>
<columnDependencyConstraintGenerateInDDL>true</columnDependencyConstraintGenerateInDDL>
</FKIndexAssociation>