<?xml version = '1.0' encoding = 'UTF-8'?>
<FKIndexAssociation class="oracle.dbtools.crest.model.design.relational.FKIndexAssociation" directorySegmentName="seg_0" id="19C498F8-8786-8F8C-8A3A-E51798EAFC38" containerWithKeyObject="B9715CB6-9B77-B316-6326-0F7E3A21C968" localFKIndex="C32922FA-CEC6-E6AA-7B8A-FD15DD10685A" name="fk_empleado_planta">
<sourceDDLFile>MER_E_Cristaleria_Andina.sql</sourceDDLFile>
<createdBy>renatoaravena</createdBy>
<createdTime>2025-10-13 02:04:12 UTC</createdTime>
<ownerDesignName>BaseDeDatosEFT</ownerDesignName>
<referredTableLongName>planta</referredTableLongName>
<deleteRule>NO ACTION</deleteRule>
<referredTableID>1664BF39-61C4-E2E3-D956-5AFC7483634D</referredTableID>
<keyObject>6E00F2D8-4912-21BE-27A3-7F927764515D</keyObject>
<referredKeyID>6E00F2D8-4912-21BE-27A3-7F927764515D</referredKeyID>
<mandatory>true</mandatory>
<refColNames>id_planta</refColNames>
<transferable>true</transferable>
<rely>false</rely>
<columnDependencyConstraintGenerateInDDL>true</columnDependencyConstraintGenerateInDDL>
</FKIndexAssociation>