<?xml version = '1.0' encoding = 'UTF-8'?>
<FKIndexAssociation class="oracle.dbtools.crest.model.design.relational.FKIndexAssociation" directorySegmentName="seg_0" id="246A7ADC-ECB2-D8CF-B093-97DE580C78E3" containerWithKeyObject="261359EB-D545-A2EE-0A85-EC029466D41F" localFKIndex="0C6975F0-AC78-41BB-BFD1-71EB5F7A461E" name="fk_orden_tecnico">
<sourceDDLFile>MER_E_Cristaleria_Andina.sql</sourceDDLFile>
<createdBy>renatoaravena</createdBy>
<createdTime>2025-10-13 02:04:12 UTC</createdTime>
<ownerDesignName>BaseDeDatosEFT</ownerDesignName>
<referredTableLongName>tecnico_mantencion</referredTableLongName>
<deleteRule>NO ACTION</deleteRule>
<referredTableID>6E207570-CBD5-9205-6FEB-DC36FCAE2A2F</referredTableID>
<keyObject>D6A04BB1-8781-0A0A-03CC-E79D05DA3CC5</keyObject>
<referredKeyID>D6A04BB1-8781-0A0A-03CC-E79D05DA3CC5</referredKeyID>
<mandatory>true</mandatory>
<refColNames>id_empleado</refColNames>
<transferable>true</transferable>
<rely>false</rely>
<columnDependencyConstraintGenerateInDDL>true</columnDependencyConstraintGenerateInDDL>
</FKIndexAssociation>