<?xml version = '1.0' encoding = 'UTF-8'?>
<FKIndexAssociation class="oracle.dbtools.crest.model.design.relational.FKIndexAssociation" directorySegmentName="seg_0" id="2AF4C89D-D516-53D3-A01D-E6357EEE4FB7" containerWithKeyObject="261359EB-D545-A2EE-0A85-EC029466D41F" localFKIndex="0F905A1F-0081-3AA5-F60A-34A4E4953AF4" name="fk_orden_maquina">
<sourceDDLFile>MER_E_Cristaleria_Andina.sql</sourceDDLFile>
<createdBy>renatoaravena</createdBy>
<createdTime>2025-10-13 02:04:12 UTC</createdTime>
<ownerDesignName>BaseDeDatosEFT</ownerDesignName>
<referredTableLongName>maquina</referredTableLongName>
<deleteRule>NO ACTION</deleteRule>
<referredTableID>ECD6EB8B-587C-C6CA-D777-5DE2A8B975A5</referredTableID>
<keyObject>9B142AAA-FB0C-E593-AD14-0F9BAC128E7D</keyObject>
<referredKeyID>9B142AAA-FB0C-E593-AD14-0F9BAC128E7D</referredKeyID>
<mandatory>true</mandatory>
<refColNames>numero_maquina,id_planta</refColNames>
<transferable>true</transferable>
<rely>false</rely>
<columnDependencyConstraintGenerateInDDL>true</columnDependencyConstraintGenerateInDDL>
</FKIndexAssociation>