<?xml version = '1.0' encoding = 'UTF-8'?>
<FKIndexAssociation class="oracle.dbtools.crest.model.design.relational.FKIndexAssociation" directorySegmentName="seg_0" id="507795AD-F54D-7E53-3F63-75AB6391C806" containerWithKeyObject="3C0A55F7-97CC-AC61-6397-F7F884070ED4" localFKIndex="FB2C4D91-B902-7845-DF1C-C6BD1DC60C97" name="fk_emp_planta">
<sourceDDLFile>MER_E_Cristaleria_Andina.sql</sourceDDLFile>
<createdBy>renatoaravena</createdBy>
<createdTime>2025-10-13 02:04:12 UTC</createdTime>
<ownerDesignName>BaseDeDatosEFT</ownerDesignName>
<referredTableLongName>planta</referredTableLongName>
<deleteRule>NO ACTION</deleteRule>
<referredTableID>1664BF39-61C4-E2E3-D956-5AFC7483634D</referredTableID>
<keyObject>6E00F2D8-4912-21BE-27A3-7F927764515D</keyObject>
<referredKeyID>6E00F2D8-4912-21BE-27A3-7F927764515D</referredKeyID>
<mandatory>true</mandatory>
<refColNames>id_planta</refColNames>
<transferable>true</transferable>
<rely>false</rely>
<columnDependencyConstraintGenerateInDDL>true</columnDependencyConstraintGenerateInDDL>
</FKIndexAssociation>