<?xml version = '1.0' encoding = 'UTF-8'?>
<FKIndexAssociation class="oracle.dbtools.crest.model.design.relational.FKIndexAssociation" directorySegmentName="seg_0" id="5268A7C1-09AB-B76A-B564-230E32D67AD3" containerWithKeyObject="2C1DDBAF-4B08-B978-CC55-0363AC9CF2F5" localFKIndex="3E2D4E97-E59E-DF43-6EC8-B5356BCEB81C" name="fk_jefe_empleado">
<sourceDDLFile>MER_E_Cristaleria_Andina.sql</sourceDDLFile>
<createdBy>renatoaravena</createdBy>
<createdTime>2025-10-13 02:04:12 UTC</createdTime>
<ownerDesignName>BaseDeDatosEFT</ownerDesignName>
<referredTableLongName>empleado</referredTableLongName>
<deleteRule>NO ACTION</deleteRule>
<referredTableID>B9715CB6-9B77-B316-6326-0F7E3A21C968</referredTableID>
<keyObject>17466FF8-D6DB-6F0A-06E0-F84C65EB7A2E</keyObject>
<referredKeyID>17466FF8-D6DB-6F0A-06E0-F84C65EB7A2E</referredKeyID>
<mandatory>true</mandatory>
<refColNames>id_empleado</refColNames>
<transferable>true</transferable>
<rely>false</rely>
<columnDependencyConstraintGenerateInDDL>true</columnDependencyConstraintGenerateInDDL>
</FKIndexAssociation>