<?xml version = '1.0' encoding = 'UTF-8'?>
<FKIndexAssociation class="oracle.dbtools.crest.model.design.relational.FKIndexAssociation" directorySegmentName="seg_0" id="5332AC08-6F47-133A-D38A-78E2CFD0630E" containerWithKeyObject="1664BF39-61C4-E2E3-D956-5AFC7483634D" localFKIndex="1D0ACB55-94C6-A37B-E409-7FA1EAE3D0A2" name="fk_planta_comuna">
<sourceDDLFile>MER_E_Cristaleria_Andina.sql</sourceDDLFile>
<createdBy>renatoaravena</createdBy>
<createdTime>2025-10-13 02:04:12 UTC</createdTime>
<ownerDesignName>BaseDeDatosEFT</ownerDesignName>
<referredTableLongName>comuna</referredTableLongName>
<deleteRule>NO ACTION</deleteRule>
<referredTableID>14F1226A-F6E1-771B-AA74-F1457E80310A</referredTableID>
<keyObject>41AE5EBA-F41A-165B-FB96-3CE7CBAA994A</keyObject>
<referredKeyID>41AE5EBA-F41A-165B-FB96-3CE7CBAA994A</referredKeyID>
<mandatory>true</mandatory>
<refColNames>id_comuna</refColNames>
<transferable>true</transferable>
<rely>false</rely>
<columnDependencyConstraintGenerateInDDL>true</columnDependencyConstraintGenerateInDDL>
</FKIndexAssociation>