<?xml version = '1.0' encoding = 'UTF-8'?>
<FKIndexAssociation class="oracle.dbtools.crest.model.design.relational.FKIndexAssociation" directorySegmentName="seg_0" id="59C5BC4C-D6DD-B1DC-AB65-D98FB5C7FA9E" containerWithKeyObject="45AF1755-15A8-FFE9-1E65-88878ADB7AAE" localFKIndex="87287425-B550-D40B-D7ED-0BB5B5116D62" name="fk_asig_empleado">
<sourceDDLFile>MER_E_Cristaleria_Andina.sql</sourceDDLFile>
<createdBy>renatoaravena</createdBy>
<createdTime>2025-10-13 02:04:12 UTC</createdTime>
<ownerDesignName>BaseDeDatosEFT</ownerDesignName>
<referredTableLongName>empleado</referredTableLongName>
<deleteRule>NO ACTION</deleteRule>
<referredTableID>B9715CB6-9B77-B316-6326-0F7E3A21C968</referredTableID>
<keyObject>17466FF8-D6DB-6F0A-06E0-F84C65EB7A2E</keyObject>
<referredKeyID>17466FF8-D6DB-6F0A-06E0-F84C65EB7A2E</referredKeyID>
<mandatory>true</mandatory>
<refColNames>id_empleado</refColNames>
<transferable>true</transferable>
<rely>false</rely>
<columnDependencyConstraintGenerateInDDL>true</columnDependencyConstraintGenerateInDDL>
</FKIndexAssociation>