<?xml version = '1.0' encoding = 'UTF-8'?>
<FKIndexAssociation class="oracle.dbtools.crest.model.design.relational.FKIndexAssociation" directorySegmentName="seg_0" id="725A8524-9C38-CF77-74BD-80C761A57C9B" containerWithKeyObject="A4494D6B-99A6-96E2-ED3F-B32F1B31F3CB" localFKIndex="28CECA7A-0EBC-D0B6-735B-60CBEA528C5B" name="fk_operario_empleadov1">
<sourceDDLFile>MER_E_Cristaleria_Andina.sql</sourceDDLFile>
<createdBy>renatoaravena</createdBy>
<createdTime>2025-10-13 02:04:12 UTC</createdTime>
<ownerDesignName>BaseDeDatosEFT</ownerDesignName>
<referredTableLongName>empleado</referredTableLongName>
<deleteRule>NO ACTION</deleteRule>
<referredTableID>B9715CB6-9B77-B316-6326-0F7E3A21C968</referredTableID>
<keyObject>17466FF8-D6DB-6F0A-06E0-F84C65EB7A2E</keyObject>
<referredKeyID>17466FF8-D6DB-6F0A-06E0-F84C65EB7A2E</referredKeyID>
<mandatory>true</mandatory>
<refColNames>id_empleado</refColNames>
<transferable>true</transferable>
<rely>false</rely>
<columnDependencyConstraintGenerateInDDL>true</columnDependencyConstraintGenerateInDDL>
</FKIndexAssociation>