<?xml version = '1.0' encoding = 'UTF-8'?>
<FKIndexAssociation class="oracle.dbtools.crest.model.design.relational.FKIndexAssociation" directorySegmentName="seg_0" id="7373797A-3BC1-BE3D-3F2B-18BEFC436B54" containerWithKeyObject="3C0A55F7-97CC-AC61-6397-F7F884070ED4" localFKIndex="277D3C43-28B9-52E6-18D5-4DC09305DF41" name="fk_emp_afp">
<sourceDDLFile>MER_E_Cristaleria_Andina.sql</sourceDDLFile>
<createdBy>renatoaravena</createdBy>
<createdTime>2025-10-13 02:04:12 UTC</createdTime>
<ownerDesignName>BaseDeDatosEFT</ownerDesignName>
<referredTableLongName>afp</referredTableLongName>
<deleteRule>NO ACTION</deleteRule>
<referredTableID>36589E3E-ED8D-EC1F-7674-B9C7898FE8B4</referredTableID>
<keyObject>7B61ABB9-B971-0EA8-F013-584692B642AC</keyObject>
<referredKeyID>7B61ABB9-B971-0EA8-F013-584692B642AC</referredKeyID>
<mandatory>true</mandatory>
<refColNames>id_afp</refColNames>
<transferable>true</transferable>
<rely>false</rely>
<columnDependencyConstraintGenerateInDDL>true</columnDependencyConstraintGenerateInDDL>
</FKIndexAssociation>