<?xml version = '1.0' encoding = 'UTF-8'?>
<FKIndexAssociation class="oracle.dbtools.crest.model.design.relational.FKIndexAssociation" directorySegmentName="seg_0" id="84AF12D7-BDFE-C2E5-C3F2-2FA417116738" containerWithKeyObject="BBF4FFDE-5888-5DEF-CCA4-2680A572BDDB" localFKIndex="FEB29698-3001-EAA9-A022-5088E8E29710" name="fk_orden_tecnicov1">
<sourceDDLFile>MER_E_Cristaleria_Andina.sql</sourceDDLFile>
<createdBy>renatoaravena</createdBy>
<createdTime>2025-10-13 02:04:12 UTC</createdTime>
<ownerDesignName>BaseDeDatosEFT</ownerDesignName>
<referredTableLongName>tecnico</referredTableLongName>
<deleteRule>NO ACTION</deleteRule>
<referredTableID>CDD9932C-A1F4-CEE7-FD87-C36B6DD9B3B9</referredTableID>
<keyObject>FC082FF0-44B7-5524-A747-61139AF43F03</keyObject>
<referredKeyID>FC082FF0-44B7-5524-A747-61139AF43F03</referredKeyID>
<mandatory>true</mandatory>
<refColNames>id_empleado</refColNames>
<transferable>true</transferable>
<rely>false</rely>
<columnDependencyConstraintGenerateInDDL>true</columnDependencyConstraintGenerateInDDL>
</FKIndexAssociation>