<?xml version = '1.0' encoding = 'UTF-8'?>
<FKIndexAssociation class="oracle.dbtools.crest.model.design.relational.FKIndexAssociation" directorySegmentName="seg_0" id="8EA98FC4-A583-0128-DCF8-D8EF69F2C30C" containerWithKeyObject="14F1226A-F6E1-771B-AA74-F1457E80310A" localFKIndex="5A07E30C-F699-EA6C-958D-B91021F9E288" name="fk_comuna_region">
<sourceDDLFile>MER_E_Cristaleria_Andina.sql</sourceDDLFile>
<createdBy>renatoaravena</createdBy>
<createdTime>2025-10-13 02:04:12 UTC</createdTime>
<ownerDesignName>BaseDeDatosEFT</ownerDesignName>
<referredTableLongName>region</referredTableLongName>
<deleteRule>NO ACTION</deleteRule>
<referredTableID>3FA5DF2F-C25B-CF7B-4D8C-B8F2848231C7</referredTableID>
<keyObject>EE99D9D7-BA65-F5B5-896D-42D2A361DBF2</keyObject>
<referredKeyID>EE99D9D7-BA65-F5B5-896D-42D2A361DBF2</referredKeyID>
<mandatory>true</mandatory>
<refColNames>id_region</refColNames>
<transferable>true</transferable>
<rely>false</rely>
<columnDependencyConstraintGenerateInDDL>true</columnDependencyConstraintGenerateInDDL>
</FKIndexAssociation>