<?xml version = '1.0' encoding = 'UTF-8'?>
<FKIndexAssociation class="oracle.dbtools.crest.model.design.relational.FKIndexAssociation" directorySegmentName="seg_0" id="9650C57E-9CE7-8379-F8AE-74F1CD37B771" containerWithKeyObject="ECD6EB8B-587C-C6CA-D777-5DE2A8B975A5" localFKIndex="B02249E9-6296-DC95-D5ED-A5D7F6183126" name="fk_maquina_planta">
<sourceDDLFile>MER_E_Cristaleria_Andina.sql</sourceDDLFile>
<createdBy>renatoaravena</createdBy>
<createdTime>2025-10-13 02:04:12 UTC</createdTime>
<ownerDesignName>BaseDeDatosEFT</ownerDesignName>
<referredTableLongName>planta</referredTableLongName>
<deleteRule>NO ACTION</deleteRule>
<referredTableID>1664BF39-61C4-E2E3-D956-5AFC7483634D</referredTableID>
<keyObject>6E00F2D8-4912-21BE-27A3-7F927764515D</keyObject>
<referredKeyID>6E00F2D8-4912-21BE-27A3-7F927764515D</referredKeyID>
<mandatory>true</mandatory>
<refColNames>id_planta</refColNames>
<transferable>true</transferable>
<rely>false</rely>
<columnDependencyConstraintGenerateInDDL>true</columnDependencyConstraintGenerateInDDL>
</FKIndexAssociation>