<?xml version = '1.0' encoding = 'UTF-8'?>
<FKIndexAssociation class="oracle.dbtools.crest.model.design.relational.FKIndexAssociation" directorySegmentName="seg_0" id="97B67D3C-4340-2125-8DC7-EBFA6C61ABDE" containerWithKeyObject="B9715CB6-9B77-B316-6326-0F7E3A21C968" localFKIndex="F82FF523-A400-CB05-D4A7-DA15C136474E" name="fk_empleado_salud">
<sourceDDLFile>MER_E_Cristaleria_Andina.sql</sourceDDLFile>
<createdBy>renatoaravena</createdBy>
<createdTime>2025-10-13 02:04:12 UTC</createdTime>
<ownerDesignName>BaseDeDatosEFT</ownerDesignName>
<referredTableLongName>salud</referredTableLongName>
<deleteRule>NO ACTION</deleteRule>
<referredTableID>23BAC6A3-149B-7DE7-88D3-96966A951914</referredTableID>
<keyObject>B39F2B5E-232A-8003-59D9-09650C0D146B</keyObject>
<referredKeyID>B39F2B5E-232A-8003-59D9-09650C0D146B</referredKeyID>
<mandatory>true</mandatory>
<refColNames>id_salud</refColNames>
<transferable>true</transferable>
<rely>false</rely>
<columnDependencyConstraintGenerateInDDL>true</columnDependencyConstraintGenerateInDDL>
</FKIndexAssociation>