<?xml version = '1.0' encoding = 'UTF-8'?>
<FKIndexAssociation class="oracle.dbtools.crest.model.design.relational.FKIndexAssociation" directorySegmentName="seg_0" id="997AA9AD-4D3F-FA9A-0E60-06E34B7A3B9B" containerWithKeyObject="134D2889-1D8C-5CC0-0AA2-38FA62DBA305" localFKIndex="2531193D-EDB3-DDF2-9D02-8719C5A3C370" name="fk_comuna_regionv1">
<sourceDDLFile>MER_E_Cristaleria_Andina.sql</sourceDDLFile>
<createdBy>renatoaravena</createdBy>
<createdTime>2025-10-13 02:04:12 UTC</createdTime>
<ownerDesignName>BaseDeDatosEFT</ownerDesignName>
<referredTableLongName>region</referredTableLongName>
<deleteRule>NO ACTION</deleteRule>
<referredTableID>3FA5DF2F-C25B-CF7B-4D8C-B8F2848231C7</referredTableID>
<keyObject>EE99D9D7-BA65-F5B5-896D-42D2A361DBF2</keyObject>
<referredKeyID>EE99D9D7-BA65-F5B5-896D-42D2A361DBF2</referredKeyID>
<mandatory>true</mandatory>
<refColNames>id_region</refColNames>
<transferable>true</transferable>
<rely>false</rely>
<columnDependencyConstraintGenerateInDDL>true</columnDependencyConstraintGenerateInDDL>
</FKIndexAssociation>