<?xml version = '1.0' encoding = 'UTF-8'?>
<FKIndexAssociation class="oracle.dbtools.crest.model.design.relational.FKIndexAssociation" directorySegmentName="seg_0" id="9C7DF19A-785D-8BDB-AE63-461DBA5F969A" containerWithKeyObject="3C0A55F7-97CC-AC61-6397-F7F884070ED4" localFKIndex="43055845-07BC-7F29-B139-72FEC16678E2" name="fk_emp_salud">
<sourceDDLFile>MER_E_Cristaleria_Andina.sql</sourceDDLFile>
<createdBy>renatoaravena</createdBy>
<createdTime>2025-10-13 02:04:12 UTC</createdTime>
<ownerDesignName>BaseDeDatosEFT</ownerDesignName>
<referredTableLongName>salud</referredTableLongName>
<deleteRule>NO ACTION</deleteRule>
<referredTableID>23BAC6A3-149B-7DE7-88D3-96966A951914</referredTableID>
<keyObject>B39F2B5E-232A-8003-59D9-09650C0D146B</keyObject>
<referredKeyID>B39F2B5E-232A-8003-59D9-09650C0D146B</referredKeyID>
<mandatory>true</mandatory>
<refColNames>id_salud</refColNames>
<transferable>true</transferable>
<rely>false</rely>
<columnDependencyConstraintGenerateInDDL>true</columnDependencyConstraintGenerateInDDL>
</FKIndexAssociation>