<?xml version = '1.0' encoding = 'UTF-8'?>
<FKIndexAssociation class="oracle.dbtools.crest.model.design.relational.FKIndexAssociation" directorySegmentName="seg_0" id="B475DEB5-86E6-6E93-C1CB-A200147D4EE3" containerWithKeyObject="CDEF440B-298C-3915-D616-E043D68EA3D8" localFKIndex="2FA6D12F-7CEA-5CD5-57E5-5DA7EBF6FF99" name="fk_asignacion_maquina">
<sourceDDLFile>MER_E_Cristaleria_Andina.sql</sourceDDLFile>
<createdBy>renatoaravena</createdBy>
<createdTime>2025-10-13 02:04:12 UTC</createdTime>
<ownerDesignName>BaseDeDatosEFT</ownerDesignName>
<referredTableLongName>maquina</referredTableLongName>
<deleteRule>NO ACTION</deleteRule>
<referredTableID>ECD6EB8B-587C-C6CA-D777-5DE2A8B975A5</referredTableID>
<keyObject>9B142AAA-FB0C-E593-AD14-0F9BAC128E7D</keyObject>
<referredKeyID>9B142AAA-FB0C-E593-AD14-0F9BAC128E7D</referredKeyID>
<mandatory>true</mandatory>
<refColNames>numero_maquina,id_planta</refColNames>
<transferable>true</transferable>
<rely>false</rely>
<columnDependencyConstraintGenerateInDDL>true</columnDependencyConstraintGenerateInDDL>
</FKIndexAssociation>