<?xml version = '1.0' encoding = 'UTF-8'?>
<FKIndexAssociation class="oracle.dbtools.crest.model.design.relational.FKIndexAssociation" directorySegmentName="seg_0" id="E1C1D96C-6AAE-3A4A-0530-4B1E51F845EE" containerWithKeyObject="98423005-8CD9-28F1-BE49-B20EF8DD78F7" localFKIndex="FF9DD83F-DAA0-5F72-0BA3-5DCF908A5AC6" name="fk_maquina_tipov1">
<sourceDDLFile>MER_E_Cristaleria_Andina.sql</sourceDDLFile>
<createdBy>renatoaravena</createdBy>
<createdTime>2025-10-13 02:04:12 UTC</createdTime>
<ownerDesignName>BaseDeDatosEFT</ownerDesignName>
<referredTableLongName>tipo_maquina</referredTableLongName>
<deleteRule>NO ACTION</deleteRule>
<referredTableID>918611E2-0CD5-A2AE-76B3-FCC1D352B11F</referredTableID>
<keyObject>31A8B738-94E5-372B-1070-684700E17183</keyObject>
<referredKeyID>31A8B738-94E5-372B-1070-684700E17183</referredKeyID>
<mandatory>true</mandatory>
<refColNames>id_tipo_maquina</refColNames>
<transferable>true</transferable>
<rely>false</rely>
<columnDependencyConstraintGenerateInDDL>true</columnDependencyConstraintGenerateInDDL>
</FKIndexAssociation>