<?xml version = '1.0' encoding = 'UTF-8'?>
<FKIndexAssociation class="oracle.dbtools.crest.model.design.relational.FKIndexAssociation" directorySegmentName="seg_0" id="E5ECBFC7-8703-A416-4B6C-1020E9C3F297" containerWithKeyObject="72B734EB-3BC8-D679-7695-134999CBD05A" localFKIndex="69901540-4DB0-284E-DC3F-07E272AAD5F5" name="fk_planta_comunav1">
<sourceDDLFile>MER_E_Cristaleria_Andina.sql</sourceDDLFile>
<createdBy>renatoaravena</createdBy>
<createdTime>2025-10-13 02:04:12 UTC</createdTime>
<ownerDesignName>BaseDeDatosEFT</ownerDesignName>
<referredTableLongName>comuna</referredTableLongName>
<deleteRule>NO ACTION</deleteRule>
<referredTableID>14F1226A-F6E1-771B-AA74-F1457E80310A</referredTableID>
<keyObject>41AE5EBA-F41A-165B-FB96-3CE7CBAA994A</keyObject>
<referredKeyID>41AE5EBA-F41A-165B-FB96-3CE7CBAA994A</referredKeyID>
<mandatory>true</mandatory>
<refColNames>id_comuna</refColNames>
<transferable>true</transferable>
<rely>false</rely>
<columnDependencyConstraintGenerateInDDL>true</columnDependencyConstraintGenerateInDDL>
</FKIndexAssociation>