<?xml version = '1.0' encoding = 'UTF-8'?>
<FKIndexAssociation class="oracle.dbtools.crest.model.design.relational.FKIndexAssociation" directorySegmentName="seg_0" id="E8ABC24A-5C21-3EB2-EB10-8E6A06111445" containerWithKeyObject="B9715CB6-9B77-B316-6326-0F7E3A21C968" localFKIndex="B17190B1-A2C6-AB67-0813-C305538A2CE4" name="fk_empleado_afp">
<sourceDDLFile>MER_E_Cristaleria_Andina.sql</sourceDDLFile>
<createdBy>renatoaravena</createdBy>
<createdTime>2025-10-13 02:04:12 UTC</createdTime>
<ownerDesignName>BaseDeDatosEFT</ownerDesignName>
<referredTableLongName>afp</referredTableLongName>
<deleteRule>NO ACTION</deleteRule>
<referredTableID>36589E3E-ED8D-EC1F-7674-B9C7898FE8B4</referredTableID>
<keyObject>7B61ABB9-B971-0EA8-F013-584692B642AC</keyObject>
<referredKeyID>7B61ABB9-B971-0EA8-F013-584692B642AC</referredKeyID>
<mandatory>true</mandatory>
<refColNames>id_afp</refColNames>
<transferable>true</transferable>
<rely>false</rely>
<columnDependencyConstraintGenerateInDDL>true</columnDependencyConstraintGenerateInDDL>
</FKIndexAssociation>