<?xml version = '1.0' encoding = 'UTF-8'?>
<FKIndexAssociation class="oracle.dbtools.crest.model.design.relational.FKIndexAssociation" directorySegmentName="seg_0" id="EA80C14A-A176-02FE-8CA8-552A19CAB2E6" containerWithKeyObject="98423005-8CD9-28F1-BE49-B20EF8DD78F7" localFKIndex="069D7E7E-EB9F-E253-1B80-4BB99384177F" name="fk_maquina_plantav1">
<sourceDDLFile>MER_E_Cristaleria_Andina.sql</sourceDDLFile>
<createdBy>renatoaravena</createdBy>
<createdTime>2025-10-13 02:04:12 UTC</createdTime>
<ownerDesignName>BaseDeDatosEFT</ownerDesignName>
<referredTableLongName>planta</referredTableLongName>
<deleteRule>NO ACTION</deleteRule>
<referredTableID>1664BF39-61C4-E2E3-D956-5AFC7483634D</referredTableID>
<keyObject>6E00F2D8-4912-21BE-27A3-7F927764515D</keyObject>
<referredKeyID>6E00F2D8-4912-21BE-27A3-7F927764515D</referredKeyID>
<mandatory>true</mandatory>
<refColNames>id_planta</refColNames>
<transferable>true</transferable>
<rely>false</rely>
<columnDependencyConstraintGenerateInDDL>true</columnDependencyConstraintGenerateInDDL>
</FKIndexAssociation>