<?xml version = '1.0' encoding = 'UTF-8'?>
<FKIndexAssociation class="oracle.dbtools.crest.model.design.relational.FKIndexAssociation" directorySegmentName="seg_0" id="F6BFF4AE-D277-BA83-421D-2C2A167D2FDA" containerWithKeyObject="CDEF440B-298C-3915-D616-E043D68EA3D8" localFKIndex="8A349AC3-8D49-63B0-197F-B8C9F3EEB435" name="fk_asignacion_turno">
<sourceDDLFile>MER_E_Cristaleria_Andina.sql</sourceDDLFile>
<createdBy>renatoaravena</createdBy>
<createdTime>2025-10-13 02:04:12 UTC</createdTime>
<ownerDesignName>BaseDeDatosEFT</ownerDesignName>
<referredTableLongName>turno</referredTableLongName>
<deleteRule>NO ACTION</deleteRule>
<referredTableID>61021F71-1FBE-BEE0-3D2D-7538224B9491</referredTableID>
<keyObject>397E2236-84B1-6FDF-968C-50DE5C04D491</keyObject>
<referredKeyID>397E2236-84B1-6FDF-968C-50DE5C04D491</referredKeyID>
<mandatory>true</mandatory>
<refColNames>id_turno</refColNames>
<transferable>true</transferable>
<rely>false</rely>
<columnDependencyConstraintGenerateInDDL>true</columnDependencyConstraintGenerateInDDL>
</FKIndexAssociation>