<?xml version = '1.0' encoding = 'UTF-8'?>
<FKIndexAssociation class="oracle.dbtools.crest.model.design.relational.FKIndexAssociation" directorySegmentName="seg_0" id="FA08D1E9-54F1-A327-EA2D-467BBDE5A5D8" containerWithKeyObject="ECD6EB8B-587C-C6CA-D777-5DE2A8B975A5" localFKIndex="79F2A278-0170-C44E-346E-D72639E529BE" name="fk_maquina_tipo">
<sourceDDLFile>MER_E_Cristaleria_Andina.sql</sourceDDLFile>
<createdBy>renatoaravena</createdBy>
<createdTime>2025-10-13 02:04:12 UTC</createdTime>
<ownerDesignName>BaseDeDatosEFT</ownerDesignName>
<referredTableLongName>tipo_maquina</referredTableLongName>
<deleteRule>NO ACTION</deleteRule>
<referredTableID>918611E2-0CD5-A2AE-76B3-FCC1D352B11F</referredTableID>
<keyObject>31A8B738-94E5-372B-1070-684700E17183</keyObject>
<referredKeyID>31A8B738-94E5-372B-1070-684700E17183</referredKeyID>
<mandatory>true</mandatory>
<refColNames>id_tipo_maquina</refColNames>
<transferable>true</transferable>
<rely>false</rely>
<columnDependencyConstraintGenerateInDDL>true</columnDependencyConstraintGenerateInDDL>
</FKIndexAssociation>