<?xml version = '1.0' encoding = 'UTF-8'?>
<FKIndexAssociation class="oracle.dbtools.crest.model.design.relational.FKIndexAssociation" directorySegmentName="seg_0" id="FEAC8E6A-E5EE-7E2F-9E14-328DFCA2B0E2" containerWithKeyObject="BF21C36D-19B1-0F0F-A4FC-1E721431F469" localFKIndex="929DABC1-E04E-AACE-5C63-8B2F755A8528" name="fk_jefe_empleadov1">
<sourceDDLFile>MER_E_Cristaleria_Andina.sql</sourceDDLFile>
<createdBy>renatoaravena</createdBy>
<createdTime>2025-10-13 02:04:12 UTC</createdTime>
<ownerDesignName>BaseDeDatosEFT</ownerDesignName>
<referredTableLongName>empleado</referredTableLongName>
<deleteRule>NO ACTION</deleteRule>
<referredTableID>B9715CB6-9B77-B316-6326-0F7E3A21C968</referredTableID>
<keyObject>17466FF8-D6DB-6F0A-06E0-F84C65EB7A2E</keyObject>
<referredKeyID>17466FF8-D6DB-6F0A-06E0-F84C65EB7A2E</referredKeyID>
<mandatory>true</mandatory>
<refColNames>id_empleado</refColNames>
<transferable>true</transferable>
<rely>false</rely>
<columnDependencyConstraintGenerateInDDL>true</columnDependencyConstraintGenerateInDDL>
</FKIndexAssociation>