<?xml version = '1.0' encoding = 'UTF-8'?>
<relationalModel class="oracle.dbtools.crest.model.design.relational.RelationalDesign" name="Relational_1" id="505E659E-3BDC-9FF4-68A8-FFBEE7EA92F6" mainViewID="E8C4C11A-59B3-BABE-293F-0D8066F6A04E">
<createdBy>renatoaravena</createdBy>
<createdTime>2025-09-16 00:13:44 UTC</createdTime>
<ownerDesignName>BASEDATOSSUMATIVA</ownerDesignName>
<shouldBeOpen>false</shouldBeOpen>
<selectedRDBMSSite>32076570-2523-435C-2E92-BF29817DFF70</selectedRDBMSSite>
</relationalModel>