<?xml version = '1.0' encoding = 'UTF-8'?>
<DomainFile class="oracle.dbtools.crest.model.design.DomainFileWrapper" fileName="DDL_Domains">
<domains>
<Domain class="oracle.dbtools.crest.model.design.Domain" name="NUMERIC_3_0_0v1" id="094D7053-BF3A-F3B7-9B94-D31662465CEB">
<createdBy>renatoaravena</createdBy>
<createdTime>2025-10-13 02:04:12 UTC</createdTime>
<ownerDesignName>BaseDeDatosEFT</ownerDesignName>
<avTSortOrder>0</avTSortOrder>
<dataTypePrecision>3</dataTypePrecision>
<dataTypeScale>0</dataTypeScale>
<dataTypeSize>0</dataTypeSize>
<fileName>DDL_Domains</fileName>
<logicalDatatype>LOGDT019</logicalDatatype>
</Domain>
<Domain class="oracle.dbtools.crest.model.design.Domain" name="VARCHAR_0_0_80v1" id="1B73BC40-3147-BD85-1863-27A5BE229E60">
<createdBy>renatoaravena</createdBy>
<createdTime>2025-10-13 02:04:12 UTC</createdTime>
<ownerDesignName>BaseDeDatosEFT</ownerDesignName>
<avTSortOrder>0</avTSortOrder>
<dataTypePrecision>0</dataTypePrecision>
<dataTypeScale>0</dataTypeScale>
<dataTypeSize>80</dataTypeSize>
<fileName>DDL_Domains</fileName>
<logicalDatatype>LOGDT024</logicalDatatype>
</Domain>
<Domain class="oracle.dbtools.crest.model.design.Domain" name="VARCHAR_0_0_12v1" id="1F40F370-3F65-B288-B528-704AABCC2F28">
<createdBy>renatoaravena</createdBy>
<createdTime>2025-10-13 02:04:12 UTC</createdTime>
<ownerDesignName>BaseDeDatosEFT</ownerDesignName>
<avTSortOrder>0</avTSortOrder>
<dataTypePrecision>0</dataTypePrecision>
<dataTypeScale>0</dataTypeScale>
<dataTypeSize>12</dataTypeSize>
<fileName>DDL_Domains</fileName>
<logicalDatatype>LOGDT024</logicalDatatype>
</Domain>
<Domain class="oracle.dbtools.crest.model.design.Domain" name="CHAR_0_0_5v1" id="22A18DB8-DD5F-51A0-2A16-66C084665BF1">
<createdBy>renatoaravena</createdBy>
<createdTime>2025-10-13 02:04:12 UTC</createdTime>
<ownerDesignName>BaseDeDatosEFT</ownerDesignName>
<avTSortOrder>0</avTSortOrder>
<dataTypePrecision>0</dataTypePrecision>
<dataTypeScale>0</dataTypeScale>
<dataTypeSize>5</dataTypeSize>
<fileName>DDL_Domains</fileName>
<logicalDatatype>LOGDT025</logicalDatatype>
</Domain>
<Domain class="oracle.dbtools.crest.model.design.Domain" name="VARCHAR_0_0_60v2" id="2300FA54-2175-51D1-B87D-1A7CC466F79E">
<createdBy>renatoaravena</createdBy>
<createdTime>2025-10-13 02:07:10 UTC</createdTime>
<ownerDesignName>BaseDeDatosEFT</ownerDesignName>
<avTSortOrder>0</avTSortOrder>
<dataTypePrecision>0</dataTypePrecision>
<dataTypeScale>0</dataTypeScale>
<dataTypeSize>60</dataTypeSize>
<fileName>DDL_Domains</fileName>
<logicalDatatype>LOGDT024</logicalDatatype>
</Domain>
<Domain class="oracle.dbtools.crest.model.design.Domain" name="VARCHAR_0_0_40v1" id="363AEF0E-0796-5E79-9240-C0809711B99E">
<createdBy>renatoaravena</createdBy>
<createdTime>2025-10-13 02:04:12 UTC</createdTime>
<ownerDesignName>BaseDeDatosEFT</ownerDesignName>
<avTSortOrder>0</avTSortOrder>
<dataTypePrecision>0</dataTypePrecision>
<dataTypeScale>0</dataTypeScale>
<dataTypeSize>40</dataTypeSize>
<fileName>DDL_Domains</fileName>
<logicalDatatype>LOGDT024</logicalDatatype>
</Domain>
<Domain class="oracle.dbtools.crest.model.design.Domain" name="VARCHAR_0_0_40v2" id="3A4B918D-A044-E3DA-5FB6-8F97B1220520">
<createdBy>renatoaravena</createdBy>
<createdTime>2025-10-13 02:07:10 UTC</createdTime>
<ownerDesignName>BaseDeDatosEFT</ownerDesignName>
<avTSortOrder>0</avTSortOrder>
<dataTypePrecision>0</dataTypePrecision>
<dataTypeScale>0</dataTypeScale>
<dataTypeSize>40</dataTypeSize>
<fileName>DDL_Domains</fileName>
<logicalDatatype>LOGDT024</logicalDatatype>
</Domain>
<Domain class="oracle.dbtools.crest.model.design.Domain" name="Date_0_0_0v1" id="412D10EC-75B5-81D9-43D0-F280A52F75F8">
<createdBy>renatoaravena</createdBy>
<createdTime>2025-10-13 02:04:12 UTC</createdTime>
<ownerDesignName>BaseDeDatosEFT</ownerDesignName>
<avTSortOrder>0</avTSortOrder>
<fileName>DDL_Domains</fileName>
<logicalDatatype>LOGDT007</logicalDatatype>
</Domain>
<Domain class="oracle.dbtools.crest.model.design.Domain" name="NUMERIC_3_0_0v2" id="4FD45936-27BF-8D96-601B-A285B68603AD">
<createdBy>renatoaravena</createdBy>
<createdTime>2025-10-13 02:07:10 UTC</createdTime>
<ownerDesignName>BaseDeDatosEFT</ownerDesignName>
<avTSortOrder>0</avTSortOrder>
<dataTypePrecision>3</dataTypePrecision>
<dataTypeScale>0</dataTypeScale>
<dataTypeSize>0</dataTypeSize>
<fileName>DDL_Domains</fileName>
<logicalDatatype>LOGDT019</logicalDatatype>
</Domain>
<Domain class="oracle.dbtools.crest.model.design.Domain" name="VARCHAR_0_0_50v2" id="5024765C-AC4B-E5E5-D1D5-89D8D14B260D">
<createdBy>renatoaravena</createdBy>
<createdTime>2025-10-13 02:07:10 UTC</createdTime>
<ownerDesignName>BaseDeDatosEFT</ownerDesignName>
<avTSortOrder>0</avTSortOrder>
<dataTypePrecision>0</dataTypePrecision>
<dataTypeScale>0</dataTypeScale>
<dataTypeSize>50</dataTypeSize>
<fileName>DDL_Domains</fileName>
<logicalDatatype>LOGDT024</logicalDatatype>
</Domain>
<Domain class="oracle.dbtools.crest.model.design.Domain" name="VARCHAR_0_0_30v1" id="5095DB38-5844-6319-B179-CD48BEDAB16E">
<createdBy>renatoaravena</createdBy>
<createdTime>2025-10-13 02:04:12 UTC</createdTime>
<ownerDesignName>BaseDeDatosEFT</ownerDesignName>
<avTSortOrder>0</avTSortOrder>
<dataTypePrecision>0</dataTypePrecision>
<dataTypeScale>0</dataTypeScale>
<dataTypeSize>30</dataTypeSize>
<fileName>DDL_Domains</fileName>
<logicalDatatype>LOGDT024</logicalDatatype>
</Domain>
<Domain class="oracle.dbtools.crest.model.design.Domain" name="VARCHAR_0_0_200v2" id="5366D833-E8A5-133F-A9CA-548BB4C5023F">
<createdBy>renatoaravena</createdBy>
<createdTime>2025-10-13 02:07:10 UTC</createdTime>
<ownerDesignName>BaseDeDatosEFT</ownerDesignName>
<avTSortOrder>0</avTSortOrder>
<dataTypePrecision>0</dataTypePrecision>
<dataTypeScale>0</dataTypeScale>
<dataTypeSize>200</dataTypeSize>
<fileName>DDL_Domains</fileName>
<logicalDatatype>LOGDT024</logicalDatatype>
</Domain>
<Domain class="oracle.dbtools.crest.model.design.Domain" name="VARCHAR_0_0_50v1" id="6B32523A-9387-1E5A-DF50-4773F962A0D9">
<createdBy>renatoaravena</createdBy>
<createdTime>2025-10-13 02:04:12 UTC</createdTime>
<ownerDesignName>BaseDeDatosEFT</ownerDesignName>
<avTSortOrder>0</avTSortOrder>
<dataTypePrecision>0</dataTypePrecision>
<dataTypeScale>0</dataTypeScale>
<dataTypeSize>50</dataTypeSize>
<fileName>DDL_Domains</fileName>
<logicalDatatype>LOGDT024</logicalDatatype>
</Domain>
<Domain class="oracle.dbtools.crest.model.design.Domain" name="VARCHAR_0_0_30v2" id="7F17090F-AE14-8572-98D3-914C9A311713">
<createdBy>renatoaravena</createdBy>
<createdTime>2025-10-13 02:07:10 UTC</createdTime>
<ownerDesignName>BaseDeDatosEFT</ownerDesignName>
<avTSortOrder>0</avTSortOrder>
<dataTypePrecision>0</dataTypePrecision>
<dataTypeScale>0</dataTypeScale>
<dataTypeSize>30</dataTypeSize>
<fileName>DDL_Domains</fileName>
<logicalDatatype>LOGDT024</logicalDatatype>
</Domain>
<Domain class="oracle.dbtools.crest.model.design.Domain" name="NUMERIC_10_2_0v2" id="8178FE6E-9443-5B2F-F18C-621529708F2C">
<createdBy>renatoaravena</createdBy>
<createdTime>2025-10-13 02:07:10 UTC</createdTime>
<ownerDesignName>BaseDeDatosEFT</ownerDesignName>
<avTSortOrder>0</avTSortOrder>
<dataTypePrecision>10</dataTypePrecision>
<dataTypeScale>2</dataTypeScale>
<dataTypeSize>0</dataTypeSize>
<fileName>DDL_Domains</fileName>
<logicalDatatype>LOGDT019</logicalDatatype>
</Domain>
<Domain class="oracle.dbtools.crest.model.design.Domain" name="VARCHAR_0_0_12v2" id="8A48D3F5-7065-20C5-7DAB-2D641CC07064">
<createdBy>renatoaravena</createdBy>
<createdTime>2025-10-13 02:07:10 UTC</createdTime>
<ownerDesignName>BaseDeDatosEFT</ownerDesignName>
<avTSortOrder>0</avTSortOrder>
<dataTypePrecision>0</dataTypePrecision>
<dataTypeScale>0</dataTypeScale>
<dataTypeSize>12</dataTypeSize>
<fileName>DDL_Domains</fileName>
<logicalDatatype>LOGDT024</logicalDatatype>
</Domain>
<Domain class="oracle.dbtools.crest.model.design.Domain" name="NUMERIC_0_0_0v1" id="9469DBF6-42BA-AB97-E529-57D639690EEF">
<createdBy>renatoaravena</createdBy>
<createdTime>2025-10-13 02:04:12 UTC</createdTime>
<ownerDesignName>BaseDeDatosEFT</ownerDesignName>
<avTSortOrder>0</avTSortOrder>
<fileName>DDL_Domains</fileName>
<logicalDatatype>LOGDT019</logicalDatatype>
</Domain>
<Domain class="oracle.dbtools.crest.model.design.Domain" name="NUMERIC_2_0_0v2" id="9D455252-2C7F-7295-9CC6-93A8C36FFCFB">
<createdBy>renatoaravena</createdBy>
<createdTime>2025-10-13 02:07:10 UTC</createdTime>
<ownerDesignName>BaseDeDatosEFT</ownerDesignName>
<avTSortOrder>0</avTSortOrder>
<dataTypePrecision>2</dataTypePrecision>
<dataTypeScale>0</dataTypeScale>
<dataTypeSize>0</dataTypeSize>
<fileName>DDL_Domains</fileName>
<logicalDatatype>LOGDT019</logicalDatatype>
</Domain>
<Domain class="oracle.dbtools.crest.model.design.Domain" name="VARCHAR_0_0_100v2" id="A0E338A2-AB1E-F6C2-8E70-D5104BCBD913">
<createdBy>renatoaravena</createdBy>
<createdTime>2025-10-13 02:07:10 UTC</createdTime>
<ownerDesignName>BaseDeDatosEFT</ownerDesignName>
<avTSortOrder>0</avTSortOrder>
<dataTypePrecision>0</dataTypePrecision>
<dataTypeScale>0</dataTypeScale>
<dataTypeSize>100</dataTypeSize>
<fileName>DDL_Domains</fileName>
<logicalDatatype>LOGDT024</logicalDatatype>
</Domain>
<Domain class="oracle.dbtools.crest.model.design.Domain" name="VARCHAR_0_0_4000" id="A23EF5FF-DF76-D863-AA64-C29083C457BA">
<createdBy>renatoaravena</createdBy>
<createdTime>2025-10-13 02:04:12 UTC</createdTime>
<ownerDesignName>BaseDeDatosEFT</ownerDesignName>
<avTSortOrder>0</avTSortOrder>
<dataTypePrecision>0</dataTypePrecision>
<dataTypeScale>0</dataTypeScale>
<dataTypeSize>4000</dataTypeSize>
<fileName>DDL_Domains</fileName>
<logicalDatatype>LOGDT024</logicalDatatype>
</Domain>
<Domain class="oracle.dbtools.crest.model.design.Domain" name="NUMERIC_10_2_0v1" id="A2D8BC25-76E4-7E31-A5DE-279ED27A8044">
<createdBy>renatoaravena</createdBy>
<createdTime>2025-10-13 02:04:12 UTC</createdTime>
<ownerDesignName>BaseDeDatosEFT</ownerDesignName>
<avTSortOrder>0</avTSortOrder>
<dataTypePrecision>10</dataTypePrecision>
<dataTypeScale>2</dataTypeScale>
<dataTypeSize>0</dataTypeSize>
<fileName>DDL_Domains</fileName>
<logicalDatatype>LOGDT019</logicalDatatype>
</Domain>
<Domain class="oracle.dbtools.crest.model.design.Domain" name="VARCHAR_0_0_100v1" id="AD3C5354-D946-A2AE-EECE-F8F5C9AB168A">
<createdBy>renatoaravena</createdBy>
<createdTime>2025-10-13 02:04:12 UTC</createdTime>
<ownerDesignName>BaseDeDatosEFT</ownerDesignName>
<avTSortOrder>0</avTSortOrder>
<dataTypePrecision>0</dataTypePrecision>
<dataTypeScale>0</dataTypeScale>
<dataTypeSize>100</dataTypeSize>
<fileName>DDL_Domains</fileName>
<logicalDatatype>LOGDT024</logicalDatatype>
</Domain>
<Domain class="oracle.dbtools.crest.model.design.Domain" name="VARCHAR_0_0_20v1" id="C82990FD-4053-395E-35F4-9972F8571400">
<createdBy>renatoaravena</createdBy>
<createdTime>2025-10-13 02:04:12 UTC</createdTime>
<ownerDesignName>BaseDeDatosEFT</ownerDesignName>
<avTSortOrder>0</avTSortOrder>
<dataTypePrecision>0</dataTypePrecision>
<dataTypeScale>0</dataTypeScale>
<dataTypeSize>20</dataTypeSize>
<fileName>DDL_Domains</fileName>
<logicalDatatype>LOGDT024</logicalDatatype>
</Domain>
<Domain class="oracle.dbtools.crest.model.design.Domain" name="NUMERIC_2_0_0v1" id="CA931B22-83B0-A3AB-2827-609B15CB621C">
<createdBy>renatoaravena</createdBy>
<createdTime>2025-10-13 02:04:12 UTC</createdTime>
<ownerDesignName>BaseDeDatosEFT</ownerDesignName>
<avTSortOrder>0</avTSortOrder>
<dataTypePrecision>2</dataTypePrecision>
<dataTypeScale>0</dataTypeScale>
<dataTypeSize>0</dataTypeSize>
<fileName>DDL_Domains</fileName>
<logicalDatatype>LOGDT019</logicalDatatype>
</Domain>
<Domain class="oracle.dbtools.crest.model.design.Domain" name="CHAR_0_0_1v2" id="CF2DB016-8812-41B0-31DA-854542FA0AD4">
<createdBy>renatoaravena</createdBy>
<createdTime>2025-10-13 02:07:10 UTC</createdTime>
<ownerDesignName>BaseDeDatosEFT</ownerDesignName>
<avTSortOrder>0</avTSortOrder>
<dataTypePrecision>0</dataTypePrecision>
<dataTypeScale>0</dataTypeScale>
<dataTypeSize>1</dataTypeSize>
<fileName>DDL_Domains</fileName>
<logicalDatatype>LOGDT025</logicalDatatype>
</Domain>
<Domain class="oracle.dbtools.crest.model.design.Domain" name="VARCHAR_0_0_60v1" id="DB742413-9E17-DBD7-DDFC-207604D185D7">
<createdBy>renatoaravena</createdBy>
<createdTime>2025-10-13 02:04:12 UTC</createdTime>
<ownerDesignName>BaseDeDatosEFT</ownerDesignName>
<avTSortOrder>0</avTSortOrder>
<dataTypePrecision>0</dataTypePrecision>
<dataTypeScale>0</dataTypeScale>
<dataTypeSize>60</dataTypeSize>
<fileName>DDL_Domains</fileName>
<logicalDatatype>LOGDT024</logicalDatatype>
</Domain>
<Domain class="oracle.dbtools.crest.model.design.Domain" name="CHAR_0_0_5v2" id="E21A648F-0EA9-FD7A-CC33-30A3327A5BC5">
<createdBy>renatoaravena</createdBy>
<createdTime>2025-10-13 02:07:10 UTC</createdTime>
<ownerDesignName>BaseDeDatosEFT</ownerDesignName>
<avTSortOrder>0</avTSortOrder>
<dataTypePrecision>0</dataTypePrecision>
<dataTypeScale>0</dataTypeScale>
<dataTypeSize>5</dataTypeSize>
<fileName>DDL_Domains</fileName>
<logicalDatatype>LOGDT025</logicalDatatype>
</Domain>
<Domain class="oracle.dbtools.crest.model.design.Domain" name="VARCHAR_0_0_20v2" id="E5E2377D-3689-5F8A-A9C7-97CB5653A93F">
<createdBy>renatoaravena</createdBy>
<createdTime>2025-10-13 02:07:10 UTC</createdTime>
<ownerDesignName>BaseDeDatosEFT</ownerDesignName>
<avTSortOrder>0</avTSortOrder>
<dataTypePrecision>0</dataTypePrecision>
<dataTypeScale>0</dataTypeScale>
<dataTypeSize>20</dataTypeSize>
<fileName>DDL_Domains</fileName>
<logicalDatatype>LOGDT024</logicalDatatype>
</Domain>
<Domain class="oracle.dbtools.crest.model.design.Domain" name="VARCHAR_0_0_4000v1" id="E6213D13-0F85-97BC-15F3-D763677F2A92">
<createdBy>renatoaravena</createdBy>
<createdTime>2025-10-13 02:07:10 UTC</createdTime>
<ownerDesignName>BaseDeDatosEFT</ownerDesignName>
<avTSortOrder>0</avTSortOrder>
<dataTypePrecision>0</dataTypePrecision>
<dataTypeScale>0</dataTypeScale>
<dataTypeSize>4000</dataTypeSize>
<fileName>DDL_Domains</fileName>
<logicalDatatype>LOGDT024</logicalDatatype>
</Domain>
<Domain class="oracle.dbtools.crest.model.design.Domain" name="VARCHAR_0_0_200v1" id="F08D99CC-AB39-3D8C-B3AC-7D9403F723C8">
<createdBy>renatoaravena</createdBy>
<createdTime>2025-10-13 02:04:12 UTC</createdTime>
<ownerDesignName>BaseDeDatosEFT</ownerDesignName>
<avTSortOrder>0</avTSortOrder>
<dataTypePrecision>0</dataTypePrecision>
<dataTypeScale>0</dataTypeScale>
<dataTypeSize>200</dataTypeSize>
<fileName>DDL_Domains</fileName>
<logicalDatatype>LOGDT024</logicalDatatype>
</Domain>
<Domain class="oracle.dbtools.crest.model.design.Domain" name="Date_0_0_0v2" id="F10EA9C4-774A-370C-54E6-1BEABA48AD81">
<createdBy>renatoaravena</createdBy>
<createdTime>2025-10-13 02:07:10 UTC</createdTime>
<ownerDesignName>BaseDeDatosEFT</ownerDesignName>
<avTSortOrder>0</avTSortOrder>
<fileName>DDL_Domains</fileName>
<logicalDatatype>LOGDT007</logicalDatatype>
</Domain>
<Domain class="oracle.dbtools.crest.model.design.Domain" name="CHAR_0_0_1v1" id="F2B86E5A-2EAD-03E7-60FF-D8B3EFC8C0F1">
<createdBy>renatoaravena</createdBy>
<createdTime>2025-10-13 02:04:12 UTC</createdTime>
<ownerDesignName>BaseDeDatosEFT</ownerDesignName>
<avTSortOrder>0</avTSortOrder>
<dataTypePrecision>0</dataTypePrecision>
<dataTypeScale>0</dataTypeScale>
<dataTypeSize>1</dataTypeSize>
<fileName>DDL_Domains</fileName>
<logicalDatatype>LOGDT025</logicalDatatype>
</Domain>
<Domain class="oracle.dbtools.crest.model.design.Domain" name="NUMERIC_0_0_0v2" id="F7E90F9F-EFEE-25C3-A8CF-5A1405D54304">
<createdBy>renatoaravena</createdBy>
<createdTime>2025-10-13 02:07:10 UTC</createdTime>
<ownerDesignName>BaseDeDatosEFT</ownerDesignName>
<avTSortOrder>0</avTSortOrder>
<fileName>DDL_Domains</fileName>
<logicalDatatype>LOGDT019</logicalDatatype>
</Domain>
<Domain class="oracle.dbtools.crest.model.design.Domain" name="VARCHAR_0_0_80v2" id="FB2CE984-A82F-B472-EBE0-961254C7EA44">
<createdBy>renatoaravena</createdBy>
<createdTime>2025-10-13 02:07:10 UTC</createdTime>
<ownerDesignName>BaseDeDatosEFT</ownerDesignName>
<avTSortOrder>0</avTSortOrder>
<dataTypePrecision>0</dataTypePrecision>
<dataTypeScale>0</dataTypeScale>
<dataTypeSize>80</dataTypeSize>
<fileName>DDL_Domains</fileName>
<logicalDatatype>LOGDT024</logicalDatatype>
</Domain>
</domains>
</DomainFile>