<?xml version = '1.0' encoding = 'UTF-8'?>
<Relation class="oracle.dbtools.crest.model.design.logical.Relation" name="Relation_21" directorySegmentName="seg_0" id="005DB269-70D3-4A14-4223-74234EA0C756">
<createdBy>renatoaravena</createdBy>
<createdTime>2025-09-02 02:34:54 UTC</createdTime>
<ownerDesignName>Entrega3BaseDeDatos</ownerDesignName>
<engineerTo>
<item key="3C180099-B98B-914C-E843-52A2C04C4588" value="true"/>
</engineerTo>
<sourcePk>376743EB-462F-4EC3-3D61-FFEAC8FA02EE</sourcePk>
<targetPk>FD643937-4BAA-61BA-67E5-976AECD7CA1A</targetPk>
<identifying>false</identifying>
<optionalSource>false</optionalSource>
<optionalTarget>false</optionalTarget>
<sourceCardinality>1</sourceCardinality>
<sourceEntity>092A1DF8-D25B-3952-BD22-D7B30EABF4A2</sourceEntity>
<targetCardinalityString>1</targetCardinalityString>
<targetEntity>5EE2F35A-20F8-1E10-B670-FB8A1DB18188</targetEntity>
<transferable>true</transferable>
<deleteRule>NO ACTION</deleteRule>
</Relation>