<?xml version = '1.0' encoding = 'UTF-8'?>
<Relation class="oracle.dbtools.crest.model.design.logical.Relation" name="Relation_20" directorySegmentName="seg_0" id="0DB355A6-CA2B-1890-E073-81B3C812046C">
<createdBy>renatoaravena</createdBy>
<createdTime>2025-09-02 02:34:09 UTC</createdTime>
<ownerDesignName>Entrega3BaseDeDatos</ownerDesignName>
<engineerTo>
<item key="3C180099-B98B-914C-E843-52A2C04C4588" value="true"/>
</engineerTo>
<sourcePk>76FB3DFE-BAFE-A7C3-F72F-7097C42050B2</sourcePk>
<targetPk>76FB3DFE-BAFE-A7C3-F72F-7097C42050B2</targetPk>
<identifying>false</identifying>
<optionalSource>false</optionalSource>
<optionalTarget>false</optionalTarget>
<sourceCardinality>1</sourceCardinality>
<sourceEntity>CA3B7C0F-74F8-641A-9EEE-8A0B768E01D7</sourceEntity>
<targetCardinalityString>1</targetCardinalityString>
<targetEntity>1855CA79-C41F-21FE-7971-680D9796E730</targetEntity>
<transferable>true</transferable>
<deleteRule>NO ACTION</deleteRule>
</Relation>