<?xml version = '1.0' encoding = 'UTF-8'?>
<Relation class="oracle.dbtools.crest.model.design.logical.Relation" name="Relation_19" directorySegmentName="seg_0" id="159162F2-8E1D-5772-20B3-ED67438C936C">
<createdBy>renatoaravena</createdBy>
<createdTime>2025-09-02 02:33:23 UTC</createdTime>
<ownerDesignName>Entrega3BaseDeDatos</ownerDesignName>
<engineerTo>
<item key="3C180099-B98B-914C-E843-52A2C04C4588" value="true"/>
</engineerTo>
<sourcePk>76FB3DFE-BAFE-A7C3-F72F-7097C42050B2</sourcePk>
<targetPk>76FB3DFE-BAFE-A7C3-F72F-7097C42050B2</targetPk>
<identifying>false</identifying>
<optionalSource>false</optionalSource>
<optionalTarget>false</optionalTarget>
<sourceCardinality>1</sourceCardinality>
<sourceEntity>CA3B7C0F-74F8-641A-9EEE-8A0B768E01D7</sourceEntity>
<targetCardinalityString>1</targetCardinalityString>
<targetEntity>2F6C5A8D-A6D7-7579-3D97-90C6D927B043</targetEntity>
<transferable>true</transferable>
<deleteRule>NO ACTION</deleteRule>
</Relation>