<?xml version = '1.0' encoding = 'UTF-8'?>
<Relation class="oracle.dbtools.crest.model.design.logical.Relation" name="Relation_13" directorySegmentName="seg_0" id="3F9DBC3E-37A3-20DC-233F-220EF84AA3D1">
<createdBy>renatoaravena</createdBy>
<createdTime>2025-09-02 02:26:46 UTC</createdTime>
<ownerDesignName>Entrega3BaseDeDatos</ownerDesignName>
<engineerTo>
<item key="3C180099-B98B-914C-E843-52A2C04C4588" value="true"/>
</engineerTo>
<sourcePk>061FD46D-6D59-EE81-8E7C-EEA17656D326</sourcePk>
<targetPk>76FB3DFE-BAFE-A7C3-F72F-7097C42050B2</targetPk>
<identifying>false</identifying>
<optionalSource>false</optionalSource>
<optionalTarget>false</optionalTarget>
<sourceCardinality>1</sourceCardinality>
<sourceEntity>18BF8C81-4A2E-54C9-E6B2-4A35B5C46BC8</sourceEntity>
<targetCardinalityString>1</targetCardinalityString>
<targetEntity>CA3B7C0F-74F8-641A-9EEE-8A0B768E01D7</targetEntity>
<transferable>true</transferable>
<deleteRule>NO ACTION</deleteRule>
</Relation>