<?xml version = '1.0' encoding = 'UTF-8'?>
<Relation class="oracle.dbtools.crest.model.design.logical.Relation" name="Relation_12" directorySegmentName="seg_0" id="4B7C9AEB-B90A-E2FC-7694-7F5FB8C19019">
<createdBy>renatoaravena</createdBy>
<createdTime>2025-09-02 02:26:05 UTC</createdTime>
<ownerDesignName>Entrega3BaseDeDatos</ownerDesignName>
<engineerTo>
<item key="3C180099-B98B-914C-E843-52A2C04C4588" value="true"/>
</engineerTo>
<sourcePk>061FD46D-6D59-EE81-8E7C-EEA17656D326</sourcePk>
<targetPk>62B48278-6BAE-AF4C-0BBB-32A5CD1419B7</targetPk>
<identifying>false</identifying>
<optionalSource>false</optionalSource>
<optionalTarget>false</optionalTarget>
<sourceCardinality>1</sourceCardinality>
<sourceEntity>18BF8C81-4A2E-54C9-E6B2-4A35B5C46BC8</sourceEntity>
<targetCardinalityString>1</targetCardinalityString>
<targetEntity>499393D1-E3C5-C75C-DD07-BDBFEDD15738</targetEntity>
<transferable>true</transferable>
<deleteRule>NO ACTION</deleteRule>
</Relation>