<?xml version = '1.0' encoding = 'UTF-8'?>
<Relation class="oracle.dbtools.crest.model.design.logical.Relation" name="Relation_26" directorySegmentName="seg_0" id="4B97EB10-8828-0730-D16D-689051251DBE">
<createdBy>renatoaravena</createdBy>
<createdTime>2025-09-02 02:38:07 UTC</createdTime>
<ownerDesignName>Entrega3BaseDeDatos</ownerDesignName>
<engineerTo>
<item key="3C180099-B98B-914C-E843-52A2C04C4588" value="true"/>
</engineerTo>
<sourcePk>B069BFF3-AA8E-BBED-A68E-B376CB68B186</sourcePk>
<targetPk>76FB3DFE-BAFE-A7C3-F72F-7097C42050B2</targetPk>
<identifying>false</identifying>
<optionalSource>false</optionalSource>
<optionalTarget>false</optionalTarget>
<sourceCardinality>1</sourceCardinality>
<sourceEntity>D9D8FED7-A001-FB07-44D5-7DC9DD752902</sourceEntity>
<targetCardinalityString>1</targetCardinalityString>
<targetEntity>CA3B7C0F-74F8-641A-9EEE-8A0B768E01D7</targetEntity>
<transferable>true</transferable>
<deleteRule>NO ACTION</deleteRule>
</Relation>