<?xml version = '1.0' encoding = 'UTF-8'?>
<Relation class="oracle.dbtools.crest.model.design.logical.Relation" name="Relation_34" directorySegmentName="seg_0" id="6573203A-FD7B-F090-8893-FFDBAB02DEC6">
<createdBy>renatoaravena</createdBy>
<createdTime>2025-09-02 02:57:36 UTC</createdTime>
<ownerDesignName>Entrega3BaseDeDatos</ownerDesignName>
<engineerTo>
<item key="3C180099-B98B-914C-E843-52A2C04C4588" value="true"/>
</engineerTo>
<sourcePk>76FB3DFE-BAFE-A7C3-F72F-7097C42050B2</sourcePk>
<identifying>false</identifying>
<optionalSource>false</optionalSource>
<optionalTarget>true</optionalTarget>
<sourceCardinality>1</sourceCardinality>
<sourceEntity>CA3B7C0F-74F8-641A-9EEE-8A0B768E01D7</sourceEntity>
<targetCardinalityString>*</targetCardinalityString>
<targetEntity>9AC8AEEB-5F6E-64A5-C17A-3AB8893FFAA8</targetEntity>
<transferable>true</transferable>
<deleteRule>NO ACTION</deleteRule>
</Relation>