<?xml version = '1.0' encoding = 'UTF-8'?>
<Relation class="oracle.dbtools.crest.model.design.logical.Relation" name="Relation_24" directorySegmentName="seg_0" id="7411AAEC-CE0F-38D2-703E-BC4CF2B3C1CE">
<createdBy>renatoaravena</createdBy>
<createdTime>2025-09-02 02:37:03 UTC</createdTime>
<ownerDesignName>Entrega3BaseDeDatos</ownerDesignName>
<engineerTo>
<item key="3C180099-B98B-914C-E843-52A2C04C4588" value="true"/>
</engineerTo>
<sourcePk>62B48278-6BAE-AF4C-0BBB-32A5CD1419B7</sourcePk>
<identifying>false</identifying>
<optionalSource>true</optionalSource>
<optionalTarget>false</optionalTarget>
<sourceCardinality>1</sourceCardinality>
<sourceEntity>499393D1-E3C5-C75C-DD07-BDBFEDD15738</sourceEntity>
<targetCardinalityString>*</targetCardinalityString>
<targetEntity>ECD64C2D-67D9-DBAD-6407-CA295DDAAE84</targetEntity>
<transferable>true</transferable>
<deleteRule>NO ACTION</deleteRule>
</Relation>