<?xml version = '1.0' encoding = 'UTF-8'?>
<Relation class="oracle.dbtools.crest.model.design.logical.Relation" name="Relation_30" directorySegmentName="seg_0" id="903C699C-4383-C781-0A36-F0CBC914E863">
<createdBy>renatoaravena</createdBy>
<createdTime>2025-09-02 02:40:15 UTC</createdTime>
<ownerDesignName>Entrega3BaseDeDatos</ownerDesignName>
<engineerTo>
<item key="3C180099-B98B-914C-E843-52A2C04C4588" value="true"/>
</engineerTo>
<targetPk>FD643937-4BAA-61BA-67E5-976AECD7CA1A</targetPk>
<identifying>false</identifying>
<optionalSource>true</optionalSource>
<optionalTarget>true</optionalTarget>
<sourceCardinality>1</sourceCardinality>
<sourceEntity>5EE2F35A-20F8-1E10-B670-FB8A1DB18188</sourceEntity>
<targetCardinalityString>*</targetCardinalityString>
<targetEntity>5EE2F35A-20F8-1E10-B670-FB8A1DB18188</targetEntity>
<transferable>true</transferable>
<deleteRule>NO ACTION</deleteRule>
</Relation>