<?xml version = '1.0' encoding = 'UTF-8'?>
<Relation class="oracle.dbtools.crest.model.design.logical.Relation" name="Relation_14" directorySegmentName="seg_0" id="9601962A-819F-3923-2EF6-F255195A240D">
<createdBy>renatoaravena</createdBy>
<createdTime>2025-09-02 02:27:23 UTC</createdTime>
<ownerDesignName>Entrega3BaseDeDatos</ownerDesignName>
<engineerTo>
<item key="3C180099-B98B-914C-E843-52A2C04C4588" value="true"/>
</engineerTo>
<sourcePk>061FD46D-6D59-EE81-8E7C-EEA17656D326</sourcePk>
<targetPk>376743EB-462F-4EC3-3D61-FFEAC8FA02EE</targetPk>
<identifying>false</identifying>
<optionalSource>false</optionalSource>
<optionalTarget>false</optionalTarget>
<sourceCardinality>1</sourceCardinality>
<sourceEntity>18BF8C81-4A2E-54C9-E6B2-4A35B5C46BC8</sourceEntity>
<targetCardinalityString>1</targetCardinalityString>
<targetEntity>092A1DF8-D25B-3952-BD22-D7B30EABF4A2</targetEntity>
<transferable>true</transferable>
<deleteRule>NO ACTION</deleteRule>
</Relation>