<?xml version = '1.0' encoding = 'UTF-8'?>
<Relation class="oracle.dbtools.crest.model.design.logical.Relation" name="Relation_33" directorySegmentName="seg_0" id="C94E6A46-BDFD-20F0-2A0B-33D129DFCAE3">
<createdBy>renatoaravena</createdBy>
<createdTime>2025-09-02 02:48:37 UTC</createdTime>
<ownerDesignName>Entrega3BaseDeDatos</ownerDesignName>
<engineerTo>
<item key="3C180099-B98B-914C-E843-52A2C04C4588" value="true"/>
</engineerTo>
<sourcePk>04236A0D-DF52-6CDD-0873-88BFA6D5BF4E</sourcePk>
<targetPk>76FB3DFE-BAFE-A7C3-F72F-7097C42050B2</targetPk>
<identifying>false</identifying>
<optionalSource>false</optionalSource>
<optionalTarget>false</optionalTarget>
<sourceCardinality>1</sourceCardinality>
<sourceEntity>93ED27D2-CAAB-9CF9-E554-9A264EB2B773</sourceEntity>
<targetCardinalityString>1</targetCardinalityString>
<targetEntity>CA3B7C0F-74F8-641A-9EEE-8A0B768E01D7</targetEntity>
<transferable>true</transferable>
<deleteRule>NO ACTION</deleteRule>
</Relation>