<?xml version = '1.0' encoding = 'UTF-8'?>
<Relation class="oracle.dbtools.crest.model.design.logical.Relation" name="Relation_28" directorySegmentName="seg_0" id="E0C0F1EA-F8D5-3541-291E-4AAE03EB7F22">
<createdBy>renatoaravena</createdBy>
<createdTime>2025-09-02 02:38:57 UTC</createdTime>
<ownerDesignName>Entrega3BaseDeDatos</ownerDesignName>
<engineerTo>
<item key="3C180099-B98B-914C-E843-52A2C04C4588" value="true"/>
</engineerTo>
<sourcePk>04236A0D-DF52-6CDD-0873-88BFA6D5BF4E</sourcePk>
<identifying>false</identifying>
<optionalSource>false</optionalSource>
<optionalTarget>true</optionalTarget>
<sourceCardinality>1</sourceCardinality>
<sourceEntity>93ED27D2-CAAB-9CF9-E554-9A264EB2B773</sourceEntity>
<targetCardinalityString>*</targetCardinalityString>
<targetEntity>DEB707F7-E806-3BCE-2DB0-1F295EF77C2E</targetEntity>
<transferable>true</transferable>
<deleteRule>NO ACTION</deleteRule>
</Relation>