<?xml version = '1.0' encoding = 'UTF-8'?>
<Relation class="oracle.dbtools.crest.model.design.logical.Relation" name="Relation_29" directorySegmentName="seg_0" id="E26C2D9A-4531-BDA1-BA0A-C87663000949">
<createdBy>renatoaravena</createdBy>
<createdTime>2025-09-02 02:39:46 UTC</createdTime>
<ownerDesignName>Entrega3BaseDeDatos</ownerDesignName>
<engineerTo>
<item key="3C180099-B98B-914C-E843-52A2C04C4588" value="true"/>
</engineerTo>
<sourcePk>76FB3DFE-BAFE-A7C3-F72F-7097C42050B2</sourcePk>
<identifying>false</identifying>
<optionalSource>false</optionalSource>
<optionalTarget>false</optionalTarget>
<sourceCardinality>1</sourceCardinality>
<sourceEntity>CA3B7C0F-74F8-641A-9EEE-8A0B768E01D7</sourceEntity>
<targetCardinalityString>*</targetCardinalityString>
<targetEntity>DEB707F7-E806-3BCE-2DB0-1F295EF77C2E</targetEntity>
<transferable>true</transferable>
<deleteRule>NO ACTION</deleteRule>
</Relation>