<?xml version = '1.0' encoding = 'UTF-8'?>
<Relation class="oracle.dbtools.crest.model.design.logical.Relation" name="Relation_27" directorySegmentName="seg_0" id="E6A7ACC3-6E04-8DF4-F452-E8D5D3E31B9C">
<createdBy>renatoaravena</createdBy>
<createdTime>2025-09-02 02:38:29 UTC</createdTime>
<ownerDesignName>Entrega3BaseDeDatos</ownerDesignName>
<engineerTo>
<item key="3C180099-B98B-914C-E843-52A2C04C4588" value="true"/>
</engineerTo>
<sourcePk>7536E0D6-7993-00F5-8535-8794DC492A60</sourcePk>
<identifying>false</identifying>
<optionalSource>false</optionalSource>
<optionalTarget>false</optionalTarget>
<sourceCardinality>1</sourceCardinality>
<sourceEntity>A9F45A88-7516-92A5-100F-B9F486E8760D</sourceEntity>
<targetCardinalityString>*</targetCardinalityString>
<targetEntity>93ED27D2-CAAB-9CF9-E554-9A264EB2B773</targetEntity>
<transferable>true</transferable>
<deleteRule>NO ACTION</deleteRule>
</Relation>