<?xml version = '1.0' encoding = 'UTF-8'?>
<Relation class="oracle.dbtools.crest.model.design.logical.Relation" name="Relation_22" directorySegmentName="seg_0" id="F12CF415-775E-0A2C-2634-41AD62CBE7C0">
<createdBy>renatoaravena</createdBy>
<createdTime>2025-09-02 02:35:26 UTC</createdTime>
<ownerDesignName>Entrega3BaseDeDatos</ownerDesignName>
<engineerTo>
<item key="3C180099-B98B-914C-E843-52A2C04C4588" value="true"/>
</engineerTo>
<sourcePk>376743EB-462F-4EC3-3D61-FFEAC8FA02EE</sourcePk>
<targetPk>B6DC1FA7-269F-3F4F-379B-28F22A9247BC</targetPk>
<identifying>false</identifying>
<optionalSource>false</optionalSource>
<optionalTarget>false</optionalTarget>
<sourceCardinality>1</sourceCardinality>
<sourceEntity>092A1DF8-D25B-3952-BD22-D7B30EABF4A2</sourceEntity>
<targetCardinalityString>1</targetCardinalityString>
<targetEntity>33F7F83A-6BF0-4DCF-5020-FBD3C5C9D04A</targetEntity>
<transferable>true</transferable>
<deleteRule>NO ACTION</deleteRule>
</Relation>