<?xml version = '1.0' encoding = 'UTF-8'?>
<Relation class="oracle.dbtools.crest.model.design.logical.Relation" name="Relation_25" directorySegmentName="seg_0" id="FA92EC83-96A2-7694-3180-F70706F471D6">
<createdBy>renatoaravena</createdBy>
<createdTime>2025-09-02 02:37:17 UTC</createdTime>
<ownerDesignName>Entrega3BaseDeDatos</ownerDesignName>
<engineerTo>
<item key="3C180099-B98B-914C-E843-52A2C04C4588" value="true"/>
</engineerTo>
<sourcePk>154BDCE7-37A9-C51C-B9E5-D5B679306078</sourcePk>
<identifying>false</identifying>
<optionalSource>false</optionalSource>
<optionalTarget>false</optionalTarget>
<sourceCardinality>1</sourceCardinality>
<sourceEntity>ECD64C2D-67D9-DBAD-6407-CA295DDAAE84</sourceEntity>
<targetCardinalityString>*</targetCardinalityString>
<targetEntity>D9D8FED7-A001-FB07-44D5-7DC9DD752902</targetEntity>
<transferable>true</transferable>
<deleteRule>NO ACTION</deleteRule>
</Relation>