<?xml version = '1.0' encoding = 'UTF-8'?>
<Entity class="oracle.dbtools.crest.model.design.logical.Entity" directorySegmentName="seg_0" id="28AFF4A9-E72C-0408-CBC4-B7E732F6D2E7" name="comuna">
<createdBy>renatoaravena</createdBy>
<createdTime>2025-10-13 02:12:50 UTC</createdTime>
<generatorID>A79600FE-9986-A51D-4AF3-641C8522E780</generatorID>
<ownerDesignName>BaseDeDatosEFT</ownerDesignName>
<engineerTo>
<item key="D790768E-D2C3-1567-40BC-AC9528424510" value="true"/>
<item key="A6AC035E-4658-4050-F7E2-5456EF39F274" value="true"/>
<item key="42608730-0147-47F1-1A35-C03F0F9D5EA9" value="true"/>
<item key="C7D0942A-9EA4-B3FC-EE99-B1A39958C271" value="true"/>
</engineerTo>
<adequatelyNormalized>NO</adequatelyNormalized>
<expectedVolumes>0</expectedVolumes>
<fwdEngineeringStrategyName>Single Table</fwdEngineeringStrategyName>
<growthPercent>0</growthPercent>
<growthType>Year</growthType>
<maxVolumes>9999999</maxVolumes>
<minVolumes>0</minVolumes>
<normalForm>Third</normalForm>
<attributes itemClass="oracle.dbtools.crest.model.design.logical.Attribute">
<Attribute name="id comuna" id="6F00DAFE-2E43-D021-024A-C8359EE4BA92">
<createdBy>renatoaravena</createdBy>
<createdTime>2025-10-13 02:12:50 UTC</createdTime>
<generatorID>F6C3FE83-9782-15F9-5999-C01865A5647B</generatorID>
<ownerDesignName>BaseDeDatosEFT</ownerDesignName>
<engineerTo>
<item key="D790768E-D2C3-1567-40BC-AC9528424510" value="true"/>
<item key="A6AC035E-4658-4050-F7E2-5456EF39F274" value="true"/>
<item key="42608730-0147-47F1-1A35-C03F0F9D5EA9" value="true"/>
<item key="C7D0942A-9EA4-B3FC-EE99-B1A39958C271" value="true"/>
</engineerTo>
<use>0</use>
<logicalDatatype>LOGDT019</logicalDatatype>
<domain>CA802392-879D-A60E-291F-E07553A3C017</domain>
<ownDataTypeParameters>,,</ownDataTypeParameters>
</Attribute>
<Attribute name="nombre comuna" id="DE75BEB4-B59C-1A9F-75C3-2B5248072250">
<createdBy>renatoaravena</createdBy>
<createdTime>2025-10-13 02:12:50 UTC</createdTime>
<generatorID>6EBF4AC6-097B-62F1-EFAE-430AF51CE8CB</generatorID>
<ownerDesignName>BaseDeDatosEFT</ownerDesignName>
<engineerTo>
<item key="D790768E-D2C3-1567-40BC-AC9528424510" value="true"/>
<item key="A6AC035E-4658-4050-F7E2-5456EF39F274" value="true"/>
<item key="42608730-0147-47F1-1A35-C03F0F9D5EA9" value="true"/>
<item key="C7D0942A-9EA4-B3FC-EE99-B1A39958C271" value="true"/>
</engineerTo>
<use>0</use>
<logicalDatatype>LOGDT024</logicalDatatype>
<domain>8E31E435-BE2D-A6AA-4CA2-68B5E8F183CD</domain>
<ownDataTypeParameters>,,</ownDataTypeParameters>
</Attribute>
<Attribute name="id region" id="9AD21F0D-8A62-173C-F3A3-17B28D68E005">
<createdBy>renatoaravena</createdBy>
<createdTime>2025-10-13 02:12:50 UTC</createdTime>
<generatorID>95C6B50B-0444-5A52-2D67-238E038DEBFD</generatorID>
<ownerDesignName>BaseDeDatosEFT</ownerDesignName>
<engineerTo>
<item key="D790768E-D2C3-1567-40BC-AC9528424510" value="true"/>
<item key="A6AC035E-4658-4050-F7E2-5456EF39F274" value="true"/>
<item key="42608730-0147-47F1-1A35-C03F0F9D5EA9" value="true"/>
<item key="C7D0942A-9EA4-B3FC-EE99-B1A39958C271" value="true"/>
</engineerTo>
<referedAttribute>8639BF01-FE38-D993-9A75-70D239E2C442</referedAttribute>
<use>0</use>
<logicalDatatype>LOGDT019</logicalDatatype>
<domain>CA802392-879D-A60E-291F-E07553A3C017</domain>
<ownDataTypeParameters>,,</ownDataTypeParameters>
</Attribute>
</attributes>
<identifiers itemClass="oracle.dbtools.crest.model.design.logical.CandidateKey">
<identifier id="8823BFEF-C140-B5AE-8AB2-503B32EB55AF" name="pk comuna">
<createdBy>renatoaravena</createdBy>
<createdTime>2025-10-13 02:12:50 UTC</createdTime>
<generatorID>F2FCD2F8-6A00-2120-CAA7-A22FA0033BAC</generatorID>
<ownerDesignName>BaseDeDatosEFT</ownerDesignName>
<engineerTo>
<item key="D790768E-D2C3-1567-40BC-AC9528424510" value="true"/>
<item key="A6AC035E-4658-4050-F7E2-5456EF39F274" value="true"/>
<item key="42608730-0147-47F1-1A35-C03F0F9D5EA9" value="true"/>
<item key="C7D0942A-9EA4-B3FC-EE99-B1A39958C271" value="true"/>
</engineerTo>
<pk>true</pk>
<usedAttributes>
<attributeRef>6F00DAFE-2E43-D021-024A-C8359EE4BA92</attributeRef>
</usedAttributes>
</identifier>
</identifiers>
</Entity>