<?xml version = '1.0' encoding = 'UTF-8'?>
<Entity class="oracle.dbtools.crest.model.design.logical.Entity" directorySegmentName="seg_0" id="B6E5F6DF-940F-2EEE-213F-81A5CBB2257F" name="tecnico mantencion">
<createdBy>renatoaravena</createdBy>
<createdTime>2025-10-13 02:12:50 UTC</createdTime>
<generatorID>56F05587-06C1-C313-C973-9C7186534838</generatorID>
<ownerDesignName>BaseDeDatosEFT</ownerDesignName>
<engineerTo>
<item key="D790768E-D2C3-1567-40BC-AC9528424510" value="true"/>
<item key="A6AC035E-4658-4050-F7E2-5456EF39F274" value="true"/>
<item key="42608730-0147-47F1-1A35-C03F0F9D5EA9" value="true"/>
<item key="C7D0942A-9EA4-B3FC-EE99-B1A39958C271" value="true"/>
</engineerTo>
<adequatelyNormalized>NO</adequatelyNormalized>
<expectedVolumes>0</expectedVolumes>
<fwdEngineeringStrategyName>Single Table</fwdEngineeringStrategyName>
<growthPercent>0</growthPercent>
<growthType>Year</growthType>
<maxVolumes>9999999</maxVolumes>
<minVolumes>0</minVolumes>
<normalForm>Third</normalForm>
<attributes itemClass="oracle.dbtools.crest.model.design.logical.Attribute">
<Attribute name="id empleado" id="2B5A6720-2559-C343-A66C-798FF3BE47F7">
<createdBy>renatoaravena</createdBy>
<createdTime>2025-10-13 02:12:50 UTC</createdTime>
<generatorID>DC7CDA69-A37D-36DA-BFC3-7D6B2C31C958</generatorID>
<ownerDesignName>BaseDeDatosEFT</ownerDesignName>
<engineerTo>
<item key="D790768E-D2C3-1567-40BC-AC9528424510" value="true"/>
<item key="A6AC035E-4658-4050-F7E2-5456EF39F274" value="true"/>
<item key="42608730-0147-47F1-1A35-C03F0F9D5EA9" value="true"/>
<item key="C7D0942A-9EA4-B3FC-EE99-B1A39958C271" value="true"/>
</engineerTo>
<referedAttribute>2308AE6B-E412-D9A4-9887-7A3954BF0C24</referedAttribute>
<use>0</use>
<logicalDatatype>LOGDT019</logicalDatatype>
<domain>CA802392-879D-A60E-291F-E07553A3C017</domain>
<ownDataTypeParameters>,,</ownDataTypeParameters>
</Attribute>
<Attribute name="especialidad" id="9EFA524C-0E79-722C-B668-33345671CFE4">
<createdBy>renatoaravena</createdBy>
<createdTime>2025-10-13 02:12:50 UTC</createdTime>
<generatorID>CEE6064A-F98B-C220-74EC-27F2BE9DC86B</generatorID>
<ownerDesignName>BaseDeDatosEFT</ownerDesignName>
<engineerTo>
<item key="D790768E-D2C3-1567-40BC-AC9528424510" value="true"/>
<item key="A6AC035E-4658-4050-F7E2-5456EF39F274" value="true"/>
<item key="42608730-0147-47F1-1A35-C03F0F9D5EA9" value="true"/>
<item key="C7D0942A-9EA4-B3FC-EE99-B1A39958C271" value="true"/>
</engineerTo>
<use>0</use>
<logicalDatatype>LOGDT024</logicalDatatype>
<domain>1AD815F2-31C4-CD8C-147F-A5CDF00260BE</domain>
<ownDataTypeParameters>,,</ownDataTypeParameters>
</Attribute>
<Attribute name="nivel certificacion" id="2387F80F-1764-2FEC-FEDE-F7129E1F1C63">
<createdBy>renatoaravena</createdBy>
<createdTime>2025-10-13 02:12:50 UTC</createdTime>
<generatorID>BAE39630-03A4-45FF-12D8-8D1D5A3CF93D</generatorID>
<ownerDesignName>BaseDeDatosEFT</ownerDesignName>
<engineerTo>
<item key="D790768E-D2C3-1567-40BC-AC9528424510" value="true"/>
<item key="A6AC035E-4658-4050-F7E2-5456EF39F274" value="true"/>
<item key="42608730-0147-47F1-1A35-C03F0F9D5EA9" value="true"/>
<item key="C7D0942A-9EA4-B3FC-EE99-B1A39958C271" value="true"/>
</engineerTo>
<nullsAllowed>true</nullsAllowed>
<use>0</use>
<logicalDatatype>LOGDT024</logicalDatatype>
<domain>1AD815F2-31C4-CD8C-147F-A5CDF00260BE</domain>
<ownDataTypeParameters>,,</ownDataTypeParameters>
</Attribute>
<Attribute name="tiempo respuesta" id="C512CA5F-0AFA-998B-0A82-09BC63415B3E">
<createdBy>renatoaravena</createdBy>
<createdTime>2025-10-13 02:12:50 UTC</createdTime>
<generatorID>1EB28E74-2E68-836D-5CAA-E5FC7AA7F31D</generatorID>
<ownerDesignName>BaseDeDatosEFT</ownerDesignName>
<engineerTo>
<item key="D790768E-D2C3-1567-40BC-AC9528424510" value="true"/>
<item key="A6AC035E-4658-4050-F7E2-5456EF39F274" value="true"/>
<item key="42608730-0147-47F1-1A35-C03F0F9D5EA9" value="true"/>
<item key="C7D0942A-9EA4-B3FC-EE99-B1A39958C271" value="true"/>
</engineerTo>
<nullsAllowed>true</nullsAllowed>
<use>0</use>
<logicalDatatype>LOGDT019</logicalDatatype>
<domain>9CE8EC50-AA10-F9CD-7EA5-EEB50F68B5D2</domain>
<ownDataTypeParameters>,,</ownDataTypeParameters>
</Attribute>
</attributes>
<identifiers itemClass="oracle.dbtools.crest.model.design.logical.CandidateKey">
<identifier id="CB99CE19-DC08-3AB2-197A-CC20F3105DEB" name="tecnico mantencion PK">
<createdBy>renatoaravena</createdBy>
<createdTime>2025-10-13 02:12:50 UTC</createdTime>
<generatorID>618B44AF-6BDD-0D22-FF1A-FFA34245DA2C</generatorID>
<ownerDesignName>BaseDeDatosEFT</ownerDesignName>
<engineerTo>
<item key="D790768E-D2C3-1567-40BC-AC9528424510" value="true"/>
<item key="A6AC035E-4658-4050-F7E2-5456EF39F274" value="true"/>
<item key="42608730-0147-47F1-1A35-C03F0F9D5EA9" value="true"/>
<item key="C7D0942A-9EA4-B3FC-EE99-B1A39958C271" value="true"/>
</engineerTo>
<pk>true</pk>
<usedAttributes>
<attributeRef>2B5A6720-2559-C343-A66C-798FF3BE47F7</attributeRef>
</usedAttributes>
</identifier>
</identifiers>
</Entity>