<?xml version = '1.0' encoding = 'UTF-8'?>
<Entity class="oracle.dbtools.crest.model.design.logical.Entity" directorySegmentName="seg_0" id="D159117D-C848-6477-6DE7-4188766E6901" name="salud">
<createdBy>renatoaravena</createdBy>
<createdTime>2025-10-13 02:12:50 UTC</createdTime>
<generatorID>8A187FB7-C2A6-4F50-FAFF-A4B2EF1BCDB4</generatorID>
<ownerDesignName>BaseDeDatosEFT</ownerDesignName>
<engineerTo>
<item key="D790768E-D2C3-1567-40BC-AC9528424510" value="true"/>
<item key="A6AC035E-4658-4050-F7E2-5456EF39F274" value="true"/>
<item key="42608730-0147-47F1-1A35-C03F0F9D5EA9" value="true"/>
<item key="C7D0942A-9EA4-B3FC-EE99-B1A39958C271" value="true"/>
</engineerTo>
<adequatelyNormalized>NO</adequatelyNormalized>
<expectedVolumes>0</expectedVolumes>
<fwdEngineeringStrategyName>Single Table</fwdEngineeringStrategyName>
<growthPercent>0</growthPercent>
<growthType>Year</growthType>
<maxVolumes>9999999</maxVolumes>
<minVolumes>0</minVolumes>
<normalForm>Third</normalForm>
<attributes itemClass="oracle.dbtools.crest.model.design.logical.Attribute">
<Attribute name="id salud" id="005F9058-E5F7-BC51-F78B-C6E305FFCCF3">
<createdBy>renatoaravena</createdBy>
<createdTime>2025-10-13 02:12:50 UTC</createdTime>
<generatorID>73E5C025-CA48-2AB5-DD25-DFA451B4769A</generatorID>
<ownerDesignName>BaseDeDatosEFT</ownerDesignName>
<engineerTo>
<item key="D790768E-D2C3-1567-40BC-AC9528424510" value="true"/>
<item key="A6AC035E-4658-4050-F7E2-5456EF39F274" value="true"/>
<item key="42608730-0147-47F1-1A35-C03F0F9D5EA9" value="true"/>
<item key="C7D0942A-9EA4-B3FC-EE99-B1A39958C271" value="true"/>
</engineerTo>
<use>0</use>
<logicalDatatype>LOGDT019</logicalDatatype>
<domain>CA802392-879D-A60E-291F-E07553A3C017</domain>
<ownDataTypeParameters>,,</ownDataTypeParameters>
</Attribute>
<Attribute name="nombre salud" id="F15D4916-B6A8-FEED-9387-0A665FC3B764">
<createdBy>renatoaravena</createdBy>
<createdTime>2025-10-13 02:12:50 UTC</createdTime>
<generatorID>2832F96E-574F-94BA-6DE5-B86DA7956D2F</generatorID>
<ownerDesignName>BaseDeDatosEFT</ownerDesignName>
<engineerTo>
<item key="D790768E-D2C3-1567-40BC-AC9528424510" value="true"/>
<item key="A6AC035E-4658-4050-F7E2-5456EF39F274" value="true"/>
<item key="42608730-0147-47F1-1A35-C03F0F9D5EA9" value="true"/>
<item key="C7D0942A-9EA4-B3FC-EE99-B1A39958C271" value="true"/>
</engineerTo>
<use>0</use>
<logicalDatatype>LOGDT024</logicalDatatype>
<domain>8E31E435-BE2D-A6AA-4CA2-68B5E8F183CD</domain>
<ownDataTypeParameters>,,</ownDataTypeParameters>
</Attribute>
</attributes>
<identifiers itemClass="oracle.dbtools.crest.model.design.logical.CandidateKey">
<identifier id="444AF4DD-7A91-A7E1-55FE-5EBF1A2E1C61" name="pk salud">
<createdBy>renatoaravena</createdBy>
<createdTime>2025-10-13 02:12:50 UTC</createdTime>
<generatorID>892739DF-974F-1CF3-B077-C6C705F614EB</generatorID>
<ownerDesignName>BaseDeDatosEFT</ownerDesignName>
<engineerTo>
<item key="D790768E-D2C3-1567-40BC-AC9528424510" value="true"/>
<item key="A6AC035E-4658-4050-F7E2-5456EF39F274" value="true"/>
<item key="42608730-0147-47F1-1A35-C03F0F9D5EA9" value="true"/>
<item key="C7D0942A-9EA4-B3FC-EE99-B1A39958C271" value="true"/>
</engineerTo>
<pk>true</pk>
<usedAttributes>
<attributeRef>005F9058-E5F7-BC51-F78B-C6E305FFCCF3</attributeRef>
</usedAttributes>
</identifier>
<identifier id="69A77614-8D88-C6EE-E3BD-FB90B000DF2C" name="un salud nombre">
<createdBy>renatoaravena</createdBy>
<createdTime>2025-10-13 02:12:50 UTC</createdTime>
<generatorID>761F153C-4BB8-D6E2-FAD6-3100CF6A4796</generatorID>
<ownerDesignName>BaseDeDatosEFT</ownerDesignName>
<engineerTo>
<item key="D790768E-D2C3-1567-40BC-AC9528424510" value="true"/>
<item key="A6AC035E-4658-4050-F7E2-5456EF39F274" value="true"/>
<item key="42608730-0147-47F1-1A35-C03F0F9D5EA9" value="true"/>
<item key="C7D0942A-9EA4-B3FC-EE99-B1A39958C271" value="true"/>
</engineerTo>
<usedAttributes>
<attributeRef>F15D4916-B6A8-FEED-9387-0A665FC3B764</attributeRef>
</usedAttributes>
</identifier>
</identifiers>
</Entity>