<?xml version = '1.0' encoding = 'UTF-8'?>
<Entity class="oracle.dbtools.crest.model.design.logical.Entity" directorySegmentName="seg_0" id="46F23F22-B0C6-1ED3-C610-4529100351DA" name="EMPLEADO_ADMINISTRATIVO">
<createdBy>renatoaravena</createdBy>
<createdTime>2025-08-26 02:35:37 UTC</createdTime>
<ownerDesignName>Entrega2BaseDeDatos</ownerDesignName>
<engineerTo>
<item key="4BB2E06E-728F-1164-A3E1-32FA0911BEC4" value="true"/>
</engineerTo>
<adequatelyNormalized>NO</adequatelyNormalized>
<expectedVolumes>0</expectedVolumes>
<fwdEngineeringStrategyName>Single Table</fwdEngineeringStrategyName>
<growthPercent>0</growthPercent>
<growthType>Year</growthType>
<hierarchicalParent>DFB71CEB-E067-F65F-4C62-B8F6FB246961</hierarchicalParent>
<maxVolumes>9999999</maxVolumes>
<minVolumes>0</minVolumes>
<normalForm>Third</normalForm>
<attributes itemClass="oracle.dbtools.crest.model.design.logical.Attribute">
<Attribute name="horas_extras" id="7E5D82D3-2191-5700-132B-2CAE5FDF1F35">
<createdBy>renatoaravena</createdBy>
<createdTime>2025-08-26 02:37:22 UTC</createdTime>
<ownerDesignName>Entrega2BaseDeDatos</ownerDesignName>
<engineerTo>
<item key="4BB2E06E-728F-1164-A3E1-32FA0911BEC4" value="true"/>
</engineerTo>
<useDomainConstraints>false</useDomainConstraints>
<use>1</use>
<logicalDatatype>LOGDT019</logicalDatatype>
<ownDataTypeParameters>,,</ownDataTypeParameters>
</Attribute>
<Attribute name="afp" id="42A05A9E-816A-3A7C-2D02-38229923C0F4">
<createdBy>renatoaravena</createdBy>
<createdTime>2025-08-26 02:37:22 UTC</createdTime>
<ownerDesignName>Entrega2BaseDeDatos</ownerDesignName>
<engineerTo>
<item key="4BB2E06E-728F-1164-A3E1-32FA0911BEC4" value="true"/>
</engineerTo>
<useDomainConstraints>false</useDomainConstraints>
<use>1</use>
<logicalDatatype>LOGDT024</logicalDatatype>
<ownDataTypeParameters>,,</ownDataTypeParameters>
</Attribute>
</attributes>
</Entity>