<?xml version = '1.0' encoding = 'UTF-8'?>
<Entity class="oracle.dbtools.crest.model.design.logical.Entity" directorySegmentName="seg_0" id="EA7F78D0-C6A4-25BF-15DC-6E6469E74157" name="VUELOS">
<createdBy>renatoaravena</createdBy>
<createdTime>2025-08-19 02:09:11 UTC</createdTime>
<ownerDesignName>Entrega2BaseDeDatos</ownerDesignName>
<engineerTo>
<item key="4BB2E06E-728F-1164-A3E1-32FA0911BEC4" value="true"/>
</engineerTo>
<adequatelyNormalized>NO</adequatelyNormalized>
<expectedVolumes>0</expectedVolumes>
<fwdEngineeringStrategyName>Single Table</fwdEngineeringStrategyName>
<growthPercent>0</growthPercent>
<growthType>Year</growthType>
<maxVolumes>9999999</maxVolumes>
<minVolumes>0</minVolumes>
<normalForm>Third</normalForm>
<attributes itemClass="oracle.dbtools.crest.model.design.logical.Attribute">
<Attribute name="fecha_despegue" id="0DB37185-1A52-E6A4-8AA7-7E372757B962">
<createdBy>renatoaravena</createdBy>
<createdTime>2025-08-19 02:09:32 UTC</createdTime>
<ownerDesignName>Entrega2BaseDeDatos</ownerDesignName>
<engineerTo>
<item key="4BB2E06E-728F-1164-A3E1-32FA0911BEC4" value="true"/>
</engineerTo>
<useDomainConstraints>false</useDomainConstraints>
<use>1</use>
<logicalDatatype>LOGDT007</logicalDatatype>
<ownDataTypeParameters>,,</ownDataTypeParameters>
</Attribute>
<Attribute name="fecha_llegada_destino" id="D95F053C-8005-E7F1-34C7-E0A04DE952E4">
<createdBy>renatoaravena</createdBy>
<createdTime>2025-08-19 02:09:42 UTC</createdTime>
<ownerDesignName>Entrega2BaseDeDatos</ownerDesignName>
<engineerTo>
<item key="4BB2E06E-728F-1164-A3E1-32FA0911BEC4" value="true"/>
</engineerTo>
<useDomainConstraints>false</useDomainConstraints>
<use>1</use>
<logicalDatatype>LOGDT007</logicalDatatype>
<ownDataTypeParameters>,,</ownDataTypeParameters>
</Attribute>
<Attribute name="numero_vuelo" id="DE3CA377-C590-9EC0-EF03-908EEE0D6100">
<createdBy>renatoaravena</createdBy>
<createdTime>2025-08-19 02:10:16 UTC</createdTime>
<ownerDesignName>Entrega2BaseDeDatos</ownerDesignName>
<engineerTo>
<item key="4BB2E06E-728F-1164-A3E1-32FA0911BEC4" value="true"/>
</engineerTo>
<useDomainConstraints>false</useDomainConstraints>
<use>1</use>
<logicalDatatype>LOGDT019</logicalDatatype>
<ownDataTypeParameters>,,</ownDataTypeParameters>
</Attribute>
<Attribute name="hora_salida" id="9A963568-0AF8-2AAD-3461-F334E7434CB8">
<createdBy>renatoaravena</createdBy>
<createdTime>2025-08-19 02:10:28 UTC</createdTime>
<ownerDesignName>Entrega2BaseDeDatos</ownerDesignName>
<engineerTo>
<item key="4BB2E06E-728F-1164-A3E1-32FA0911BEC4" value="true"/>
</engineerTo>
<useDomainConstraints>false</useDomainConstraints>
<use>1</use>
<logicalDatatype>LOGDT014</logicalDatatype>
<ownDataTypeParameters>,,</ownDataTypeParameters>
</Attribute>
<Attribute name="ciudad_destino" id="7FCD6644-78C2-14EE-7CF6-F12C425423B1">
<createdBy>renatoaravena</createdBy>
<createdTime>2025-08-26 02:38:07 UTC</createdTime>
<ownerDesignName>Entrega2BaseDeDatos</ownerDesignName>
<engineerTo>
<item key="4BB2E06E-728F-1164-A3E1-32FA0911BEC4" value="true"/>
</engineerTo>
<nullsAllowed>true</nullsAllowed>
<useDomainConstraints>false</useDomainConstraints>
<use>1</use>
<logicalDatatype>LOGDT024</logicalDatatype>
<dataTypeSize>30</dataTypeSize>
<ownDataTypeParameters>30,,</ownDataTypeParameters>
</Attribute>
<Attribute name="ciudad_origen" id="6718782B-6E4D-0A5A-3D09-72EA0EA0501B">
<createdBy>renatoaravena</createdBy>
<createdTime>2025-08-26 02:38:46 UTC</createdTime>
<ownerDesignName>Entrega2BaseDeDatos</ownerDesignName>
<engineerTo>
<item key="4BB2E06E-728F-1164-A3E1-32FA0911BEC4" value="true"/>
</engineerTo>
<nullsAllowed>true</nullsAllowed>
<useDomainConstraints>false</useDomainConstraints>
<use>1</use>
<logicalDatatype>LOGDT024</logicalDatatype>
<dataTypeSize>30</dataTypeSize>
<ownDataTypeParameters>30,,</ownDataTypeParameters>
</Attribute>
<Attribute name="matricula" id="6E5CD675-C25F-DBDA-52BC-F5C6269DA70A">
<createdBy>renatoaravena</createdBy>
<createdTime>2025-08-26 02:58:23 UTC</createdTime>
<generatorID>ECBDE25C-1A12-4093-2FED-9ED357ECFC6C</generatorID>
<ownerDesignName>Entrega2BaseDeDatos</ownerDesignName>
<engineerTo>
<item key="4BB2E06E-728F-1164-A3E1-32FA0911BEC4" value="true"/>
</engineerTo>
<nullsAllowed>true</nullsAllowed>
<referedAttribute>0318C827-C0D4-962A-B64B-A43780526F07</referedAttribute>
<useDomainConstraints>false</useDomainConstraints>
<use>1</use>
<logicalDatatype>LOGDT019</logicalDatatype>
<ownDataTypeParameters>,,</ownDataTypeParameters>
</Attribute>
<Attribute name="rut" id="27A17335-7671-575E-2CA6-A9FDB5CC24EB">
<createdBy>renatoaravena</createdBy>
<createdTime>2025-08-26 03:30:49 UTC</createdTime>
<generatorID>FE26A8C1-B048-C89D-4827-97E96F111591</generatorID>
<ownerDesignName>Entrega2BaseDeDatos</ownerDesignName>
<engineerTo>
<item key="4BB2E06E-728F-1164-A3E1-32FA0911BEC4" value="true"/>
</engineerTo>
<referedAttribute>029C21C6-6F29-F868-0BF1-C70EB0979AED</referedAttribute>
<useDomainConstraints>false</useDomainConstraints>
<use>1</use>
<logicalDatatype>LOGDT019</logicalDatatype>
<ownDataTypeParameters>,,</ownDataTypeParameters>
</Attribute>
</attributes>
<identifiers itemClass="oracle.dbtools.crest.model.design.logical.CandidateKey">
<identifier id="5CD7FD00-7A06-5910-E97B-7F867FBCB795" name="Vuelo PK">
<createdBy>renatoaravena</createdBy>
<createdTime>2025-08-19 02:18:06 UTC</createdTime>
<ownerDesignName>Entrega2BaseDeDatos</ownerDesignName>
<shouldEngineer>false</shouldEngineer>
<engineerTo>
<item key="4BB2E06E-728F-1164-A3E1-32FA0911BEC4" value="false"/>
</engineerTo>
<pk>true</pk>
<usedAttributes>
<attributeRef>DE3CA377-C590-9EC0-EF03-908EEE0D6100</attributeRef>
</usedAttributes>
</identifier>
</identifiers>
</Entity>