<?xml version = '1.0' encoding = 'UTF-8'?>
<Entity class="oracle.dbtools.crest.model.design.logical.Entity" directorySegmentName="seg_0" id="F22A7B3A-771D-5A7C-D035-01409642FE64" name="EMPLEADO_PILOTO">
<createdBy>renatoaravena</createdBy>
<createdTime>2025-08-26 02:35:49 UTC</createdTime>
<ownerDesignName>Entrega2BaseDeDatos</ownerDesignName>
<engineerTo>
<item key="4BB2E06E-728F-1164-A3E1-32FA0911BEC4" value="true"/>
</engineerTo>
<adequatelyNormalized>NO</adequatelyNormalized>
<expectedVolumes>0</expectedVolumes>
<fwdEngineeringStrategyName>Single Table</fwdEngineeringStrategyName>
<growthPercent>0</growthPercent>
<growthType>Year</growthType>
<hierarchicalParent>DFB71CEB-E067-F65F-4C62-B8F6FB246961</hierarchicalParent>
<maxVolumes>9999999</maxVolumes>
<minVolumes>0</minVolumes>
<normalForm>Third</normalForm>
<attributes itemClass="oracle.dbtools.crest.model.design.logical.Attribute">
<Attribute name="horas__vuelo_acumuladas" id="DCA7CF75-EB09-52CA-9E51-EF45B958DE51">
<createdBy>renatoaravena</createdBy>
<createdTime>2025-08-26 02:36:13 UTC</createdTime>
<ownerDesignName>Entrega2BaseDeDatos</ownerDesignName>
<engineerTo>
<item key="4BB2E06E-728F-1164-A3E1-32FA0911BEC4" value="true"/>
</engineerTo>
<useDomainConstraints>false</useDomainConstraints>
<use>1</use>
<logicalDatatype>LOGDT019</logicalDatatype>
<ownDataTypeParameters>,,</ownDataTypeParameters>
</Attribute>
<Attribute name="afp" id="EF30A581-387F-F599-E7C6-91F33984480F">
<createdBy>renatoaravena</createdBy>
<createdTime>2025-08-26 02:36:42 UTC</createdTime>
<ownerDesignName>Entrega2BaseDeDatos</ownerDesignName>
<engineerTo>
<item key="4BB2E06E-728F-1164-A3E1-32FA0911BEC4" value="true"/>
</engineerTo>
<useDomainConstraints>false</useDomainConstraints>
<use>1</use>
<logicalDatatype>LOGDT024</logicalDatatype>
<dataTypeSize>20</dataTypeSize>
<ownDataTypeParameters>20,,</ownDataTypeParameters>
</Attribute>
</attributes>
</Entity>