<?xml version = '1.0' encoding = 'UTF-8'?>
<Diagram class="oracle.dbtools.crest.swingui.logical.DPVLogical" name="Logical" id="C4AC784C-B729-809D-A98F-D009B1DA86F9">
<createdBy>renatoaravena</createdBy>
<modifiedBy>renatoaravena</modifiedBy>
<createdTime>2025-08-19 02:05:48 UTC</createdTime>
<autoRoute>false</autoRoute>
<boxInbox>true</boxInbox>
<showLegend>false</showLegend>
<showLabels>false</showLabels>
<showRelAttributes>false</showRelAttributes>
<gridEnabled>false</gridEnabled>
<showGrid>false</showGrid>
<diagramColor>-1</diagramColor>
<display>false</display>
<notation>1</notation>
<objectViews>
<OView class="oracle.dbtools.crest.swingui.logical.TVEntity" oid="9E85224A-FCF2-08AC-5698-A352C4BAB7CB" otype="Entity" vid="AF2AEAD5-E05E-FC47-4049-F0E183B9F261">
<hideElementsInCurrentOnly>false</hideElementsInCurrentOnly>
<bounds x="473" y="421" width="244" height="144"/>
</OView>
<OView class="oracle.dbtools.crest.swingui.logical.TVEntity" oid="D5A33AD9-D4A8-DB67-3464-A6991A4A7A48" otype="Entity" vid="F4E914AB-F3C6-AA3B-2365-E1664137173A">
<hideElementsInCurrentOnly>false</hideElementsInCurrentOnly>
<bounds x="452" y="224" width="247" height="156"/>
</OView>
<OView class="oracle.dbtools.crest.swingui.logical.TVEntity" oid="DFB71CEB-E067-F65F-4C62-B8F6FB246961" otype="Entity" vid="2F000606-79F5-2AAA-93B5-55C14C1B3978">
<hideElementsInCurrentOnly>false</hideElementsInCurrentOnly>
<bounds x="114" y="214" width="248" height="158"/>
</OView>
<OView class="oracle.dbtools.crest.swingui.logical.TVEntity" oid="EA7F78D0-C6A4-25BF-15DC-6E6469E74157" otype="Entity" vid="19E6A013-4FD8-161C-E693-A7D7C854E757">
<hideElementsInCurrentOnly>false</hideElementsInCurrentOnly>
<bounds x="779" y="225" width="259" height="152"/>
</OView>
</objectViews>
<connectors>
<Connector class="oracle.dbtools.crest.swingui.logical.TVRelation" oid="65779610-E10F-76DF-A973-1EDFAB4EC730" otype="Relation" vid_source="2F000606-79F5-2AAA-93B5-55C14C1B3978" vid_target="AF2AEAD5-E05E-FC47-4049-F0E183B9F261">
<hideElementsInCurrentOnly>false</hideElementsInCurrentOnly>
<backgroundColor>-16777216</backgroundColor>
<lineWidth>1</lineWidth>
<points>
<point x="362" y="362"/>
<point x="473" y="424"/>
</points>
</Connector>
<Connector class="oracle.dbtools.crest.swingui.logical.TVRelation" oid="AF916E33-44A2-1EEF-36F4-F1279D872E93" otype="Relation" vid_source="19E6A013-4FD8-161C-E693-A7D7C854E757" vid_target="AF2AEAD5-E05E-FC47-4049-F0E183B9F261">
<hideElementsInCurrentOnly>false</hideElementsInCurrentOnly>
<backgroundColor>-16777216</backgroundColor>
<lineWidth>1</lineWidth>
<points>
<point x="784" y="377"/>
<point x="712" y="421"/>
</points>
</Connector>
<Connector class="oracle.dbtools.crest.swingui.logical.TVRelation" oid="BDF3217F-59D3-9702-6321-8C2292823E74" otype="Relation" vid_source="F4E914AB-F3C6-AA3B-2365-E1664137173A" vid_target="AF2AEAD5-E05E-FC47-4049-F0E183B9F261">
<hideElementsInCurrentOnly>false</hideElementsInCurrentOnly>
<backgroundColor>-16777216</backgroundColor>
<lineWidth>1</lineWidth>
<points>
<point x="586" y="380"/>
<point x="586" y="421"/>
</points>
</Connector>
</connectors>
</Diagram>