<?xml version = '1.0' encoding = 'UTF-8'?>
<Table class="oracle.dbtools.crest.model.design.relational.Table" directorySegmentName="seg_0" id="9865E28D-40B2-6460-07EC-5E8B5B990076" name="PASAJERO">
<createdBy>renatoaravena</createdBy>
<createdTime>2025-08-19 02:36:30 UTC</createdTime>
<generatorID>D5A33AD9-D4A8-DB67-3464-A6991A4A7A48</generatorID>
<ownerDesignName>Entrega1BaseDeDatos</ownerDesignName>
<allowColumnReorder>false</allowColumnReorder>
<existDependencyGenerateInDDl>true</existDependencyGenerateInDDl>
<parsed>true</parsed>
<columns itemClass="oracle.dbtools.crest.model.design.relational.Column">
<Column name="rut_pasaporte" id="88479949-F5E8-3FB1-0716-555840272BFB">
<createdBy>renatoaravena</createdBy>
<createdTime>2025-08-19 02:36:30 UTC</createdTime>
<generatorID>E48CED7C-C531-285D-5BF8-9939FEAACB60</generatorID>
<ownerDesignName>Entrega1BaseDeDatos</ownerDesignName>
<useDomainConstraints>false</useDomainConstraints>
<use>1</use>
<logicalDatatype>LOGDT019</logicalDatatype>
<ownDataTypeParameters>,,</ownDataTypeParameters>
<autoIncrementCycle>false</autoIncrementCycle>
</Column>
<Column name="nombre_completo" id="C89886F3-4789-8ECC-7FEF-33AC341A9544">
<createdBy>renatoaravena</createdBy>
<createdTime>2025-08-19 02:36:30 UTC</createdTime>
<generatorID>539531CE-57F5-606B-48B2-7ECE922130A6</generatorID>
<ownerDesignName>Entrega1BaseDeDatos</ownerDesignName>
<useDomainConstraints>false</useDomainConstraints>
<use>1</use>
<logicalDatatype>LOGDT024</logicalDatatype>
<dataTypeSize>30</dataTypeSize>
<ownDataTypeParameters>30,,</ownDataTypeParameters>
<autoIncrementCycle>false</autoIncrementCycle>
</Column>
<Column name="fecha_nacimiento" id="F2E0EF54-E677-1100-79F3-56D90B0DCC9C">
<createdBy>renatoaravena</createdBy>
<createdTime>2025-08-19 02:36:30 UTC</createdTime>
<generatorID>446B8E7A-FF25-B096-D601-22777B147075</generatorID>
<ownerDesignName>Entrega1BaseDeDatos</ownerDesignName>
<useDomainConstraints>false</useDomainConstraints>
<use>1</use>
<logicalDatatype>LOGDT007</logicalDatatype>
<ownDataTypeParameters>,,</ownDataTypeParameters>
<autoIncrementCycle>false</autoIncrementCycle>
</Column>
<Column name="nacionalidad" id="8BC68246-EC7D-6C2C-3F03-9B2D654F2E08">
<createdBy>renatoaravena</createdBy>
<createdTime>2025-08-19 02:36:30 UTC</createdTime>
<generatorID>A5C72497-1E06-ED25-92D8-38DA53487600</generatorID>
<ownerDesignName>Entrega1BaseDeDatos</ownerDesignName>
<useDomainConstraints>false</useDomainConstraints>
<use>1</use>
<logicalDatatype>LOGDT024</logicalDatatype>
<dataTypeSize>30</dataTypeSize>
<ownDataTypeParameters>30,,</ownDataTypeParameters>
<autoIncrementCycle>false</autoIncrementCycle>
</Column>
<Column name="telefono" id="0214D507-3F9D-E024-760B-1D7A6FD484D5">
<createdBy>renatoaravena</createdBy>
<createdTime>2025-08-19 02:36:30 UTC</createdTime>
<generatorID>392E22EB-76C0-775B-2E37-9E52F9D3205B</generatorID>
<ownerDesignName>Entrega1BaseDeDatos</ownerDesignName>
<nullsAllowed>true</nullsAllowed>
<useDomainConstraints>false</useDomainConstraints>
<use>1</use>
<logicalDatatype>LOGDT019</logicalDatatype>
<ownDataTypeParameters>,,</ownDataTypeParameters>
<autoIncrementCycle>false</autoIncrementCycle>
</Column>
<Column name="correo" id="9F556733-96B3-5B58-80DD-A86AB05D279D">
<createdBy>renatoaravena</createdBy>
<createdTime>2025-08-19 02:36:30 UTC</createdTime>
<generatorID>0C930AD2-F92D-9FE6-82D6-332784EB00F2</generatorID>
<ownerDesignName>Entrega1BaseDeDatos</ownerDesignName>
<nullsAllowed>true</nullsAllowed>
<useDomainConstraints>false</useDomainConstraints>
<use>1</use>
<logicalDatatype>LOGDT024</logicalDatatype>
<ownDataTypeParameters>,,</ownDataTypeParameters>
<autoIncrementCycle>false</autoIncrementCycle>
</Column>
</columns>
<indexes itemClass="oracle.dbtools.crest.model.design.relational.Index">
<ind_PK_UK id="496E705F-4D76-F9B8-6E28-36D6D8D2F973" name="PASAJEROv1_PK">
<createdBy>renatoaravena</createdBy>
<createdTime>2025-08-19 02:36:30 UTC</createdTime>
<generatorID>BBDE077F-4B6F-8943-40F9-84230D7E7D05</generatorID>
<ownerDesignName>Entrega1BaseDeDatos</ownerDesignName>
<pk>true</pk>
<indexState>Primary Constraint</indexState>
<isSurrogateKey>false</isSurrogateKey>
<indexColumnUsage>
<colUsage columnID="88479949-F5E8-3FB1-0716-555840272BFB"/>
</indexColumnUsage>
</ind_PK_UK>
</indexes>
</Table>