<?xml version = '1.0' encoding = 'UTF-8'?>
<Table class="oracle.dbtools.crest.model.design.relational.Table" directorySegmentName="seg_0" id="E41239AE-5445-4472-1E54-6FEAC082EC5A" name="EMPLEADO">
<createdBy>renatoaravena</createdBy>
<createdTime>2025-08-19 02:36:30 UTC</createdTime>
<generatorID>DFB71CEB-E067-F65F-4C62-B8F6FB246961</generatorID>
<ownerDesignName>Entrega1BaseDeDatos</ownerDesignName>
<allowColumnReorder>false</allowColumnReorder>
<existDependencyGenerateInDDl>true</existDependencyGenerateInDDl>
<parsed>true</parsed>
<columns itemClass="oracle.dbtools.crest.model.design.relational.Column">
<Column name="rut" id="9B21D948-07DB-D210-8F18-68FB47D0E965">
<createdBy>renatoaravena</createdBy>
<createdTime>2025-08-19 02:36:30 UTC</createdTime>
<generatorID>029C21C6-6F29-F868-0BF1-C70EB0979AED</generatorID>
<ownerDesignName>Entrega1BaseDeDatos</ownerDesignName>
<useDomainConstraints>false</useDomainConstraints>
<use>1</use>
<logicalDatatype>LOGDT019</logicalDatatype>
<ownDataTypeParameters>,,</ownDataTypeParameters>
<autoIncrementCycle>false</autoIncrementCycle>
</Column>
<Column name="nombre_completo" id="5714C6A5-1709-BC62-669E-8BDEA450D50B">
<createdBy>renatoaravena</createdBy>
<createdTime>2025-08-19 02:36:30 UTC</createdTime>
<generatorID>B647A2CA-F936-0CC5-36C6-6EA45AC08093</generatorID>
<ownerDesignName>Entrega1BaseDeDatos</ownerDesignName>
<useDomainConstraints>false</useDomainConstraints>
<use>1</use>
<logicalDatatype>LOGDT024</logicalDatatype>
<dataTypeSize>30</dataTypeSize>
<ownDataTypeParameters>30,,</ownDataTypeParameters>
<autoIncrementCycle>false</autoIncrementCycle>
</Column>
<Column name="direccion" id="77502892-7B4D-57FA-7159-664A7A252383">
<createdBy>renatoaravena</createdBy>
<createdTime>2025-08-19 02:36:30 UTC</createdTime>
<generatorID>5F0DB072-112A-E461-59CA-70ADFD344F8C</generatorID>
<ownerDesignName>Entrega1BaseDeDatos</ownerDesignName>
<useDomainConstraints>false</useDomainConstraints>
<use>1</use>
<logicalDatatype>LOGDT024</logicalDatatype>
<dataTypeSize>30</dataTypeSize>
<ownDataTypeParameters>30,,</ownDataTypeParameters>
<autoIncrementCycle>false</autoIncrementCycle>
</Column>
<Column name="sueldo_base" id="22458332-2C56-05A0-2851-80B3B4F5B8C9">
<createdBy>renatoaravena</createdBy>
<createdTime>2025-08-19 02:36:30 UTC</createdTime>
<generatorID>6131C08E-44B2-96FC-4EAD-13A08DFA690D</generatorID>
<ownerDesignName>Entrega1BaseDeDatos</ownerDesignName>
<useDomainConstraints>false</useDomainConstraints>
<use>1</use>
<logicalDatatype>LOGDT019</logicalDatatype>
<ownDataTypeParameters>,,</ownDataTypeParameters>
<autoIncrementCycle>false</autoIncrementCycle>
</Column>
<Column name="fecha_ingreso" id="D0945C8F-6443-9C1E-73C4-F7A6A666CCB8">
<createdBy>renatoaravena</createdBy>
<createdTime>2025-08-19 02:36:30 UTC</createdTime>
<generatorID>32C7FE94-0C42-C766-BA55-96C0763DBC29</generatorID>
<ownerDesignName>Entrega1BaseDeDatos</ownerDesignName>
<useDomainConstraints>false</useDomainConstraints>
<use>1</use>
<logicalDatatype>LOGDT007</logicalDatatype>
<ownDataTypeParameters>,,</ownDataTypeParameters>
<autoIncrementCycle>false</autoIncrementCycle>
</Column>
<Column name="genero" id="0051C974-B99C-CB82-01B3-3DD21C3AE861">
<createdBy>renatoaravena</createdBy>
<createdTime>2025-08-19 02:36:30 UTC</createdTime>
<generatorID>F6DFB954-78D9-E1B0-FD80-D9C153927A23</generatorID>
<ownerDesignName>Entrega1BaseDeDatos</ownerDesignName>
<useDomainConstraints>false</useDomainConstraints>
<use>1</use>
<logicalDatatype>LOGDT024</logicalDatatype>
<dataTypeSize>8</dataTypeSize>
<ownDataTypeParameters>8,,</ownDataTypeParameters>
<autoIncrementCycle>false</autoIncrementCycle>
</Column>
<Column name="telefono" id="1D6C4E9C-05FE-20BC-FBD0-896485D1C6A5">
<createdBy>renatoaravena</createdBy>
<createdTime>2025-08-19 02:36:30 UTC</createdTime>
<generatorID>322AC577-5163-E75A-89F4-2D38C6DA0AE6</generatorID>
<ownerDesignName>Entrega1BaseDeDatos</ownerDesignName>
<useDomainConstraints>false</useDomainConstraints>
<use>1</use>
<logicalDatatype>LOGDT019</logicalDatatype>
<ownDataTypeParameters>,,</ownDataTypeParameters>
<autoIncrementCycle>false</autoIncrementCycle>
</Column>
</columns>
<indexes itemClass="oracle.dbtools.crest.model.design.relational.Index">
<ind_PK_UK id="58B67320-0ED6-9FA3-A0E7-1EDCE188DED5" name="EMPLEADO_PK">
<createdBy>renatoaravena</createdBy>
<createdTime>2025-08-19 02:36:30 UTC</createdTime>
<generatorID>699E14F9-3C6A-6060-FFD2-D839DA44B7A1</generatorID>
<ownerDesignName>Entrega1BaseDeDatos</ownerDesignName>
<pk>true</pk>
<indexState>Primary Constraint</indexState>
<isSurrogateKey>false</isSurrogateKey>
<indexColumnUsage>
<colUsage columnID="9B21D948-07DB-D210-8F18-68FB47D0E965"/>
</indexColumnUsage>
</ind_PK_UK>
</indexes>
</Table>