<?xml version = '1.0' encoding = 'UTF-8'?>
<Entity class="oracle.dbtools.crest.model.design.logical.Entity" directorySegmentName="seg_0" id="9E85224A-FCF2-08AC-5698-A352C4BAB7CB" name="RESERVA">
<createdBy>renatoaravena</createdBy>
<createdTime>2025-08-19 02:41:46 UTC</createdTime>
<ownerDesignName>Entrega1BaseDeDatos</ownerDesignName>
<engineerTo>
<item key="4BB2E06E-728F-1164-A3E1-32FA0911BEC4" value="true"/>
</engineerTo>
<adequatelyNormalized>NO</adequatelyNormalized>
<expectedVolumes>0</expectedVolumes>
<fwdEngineeringStrategyName>Single Table</fwdEngineeringStrategyName>
<growthPercent>0</growthPercent>
<growthType>Year</growthType>
<maxVolumes>9999999</maxVolumes>
<minVolumes>0</minVolumes>
<normalForm>Third</normalForm>
<attributes itemClass="oracle.dbtools.crest.model.design.logical.Attribute">
<Attribute name="numero_reserva" id="5AC5A99E-7DF8-718E-202B-D3881261C955">
<createdBy>renatoaravena</createdBy>
<createdTime>2025-08-19 02:41:57 UTC</createdTime>
<ownerDesignName>Entrega1BaseDeDatos</ownerDesignName>
<engineerTo>
<item key="4BB2E06E-728F-1164-A3E1-32FA0911BEC4" value="true"/>
</engineerTo>
<useDomainConstraints>false</useDomainConstraints>
<use>1</use>
<logicalDatatype>LOGDT019</logicalDatatype>
<ownDataTypeParameters>,,</ownDataTypeParameters>
</Attribute>
<Attribute name="fecha_reserva" id="B0843778-64A2-6841-DBBD-1944366E2B0C">
<createdBy>renatoaravena</createdBy>
<createdTime>2025-08-19 02:41:57 UTC</createdTime>
<ownerDesignName>Entrega1BaseDeDatos</ownerDesignName>
<engineerTo>
<item key="4BB2E06E-728F-1164-A3E1-32FA0911BEC4" value="true"/>
</engineerTo>
<useDomainConstraints>false</useDomainConstraints>
<use>1</use>
<logicalDatatype>LOGDT007</logicalDatatype>
<ownDataTypeParameters>,,</ownDataTypeParameters>
</Attribute>
<Attribute name="fecha_viaje" id="52611C71-E6DC-DC63-6E43-9D773E4F9BC0">
<createdBy>renatoaravena</createdBy>
<createdTime>2025-08-19 02:41:58 UTC</createdTime>
<ownerDesignName>Entrega1BaseDeDatos</ownerDesignName>
<engineerTo>
<item key="4BB2E06E-728F-1164-A3E1-32FA0911BEC4" value="true"/>
</engineerTo>
<useDomainConstraints>false</useDomainConstraints>
<use>1</use>
<logicalDatatype>LOGDT007</logicalDatatype>
<ownDataTypeParameters>,,</ownDataTypeParameters>
</Attribute>
<Attribute name="estado" id="53A96D8D-892E-1EEC-BC59-DFB24A922E1F">
<createdBy>renatoaravena</createdBy>
<createdTime>2025-08-19 02:41:58 UTC</createdTime>
<ownerDesignName>Entrega1BaseDeDatos</ownerDesignName>
<engineerTo>
<item key="4BB2E06E-728F-1164-A3E1-32FA0911BEC4" value="true"/>
</engineerTo>
<useDomainConstraints>false</useDomainConstraints>
<use>1</use>
<logicalDatatype>LOGDT024</logicalDatatype>
<dataTypeSize>10</dataTypeSize>
<ownDataTypeParameters>10,,</ownDataTypeParameters>
</Attribute>
<Attribute name="rut" id="D43724CE-0CDA-7F93-DBD0-DCD731DBEB00">
<createdBy>renatoaravena</createdBy>
<createdTime>2025-08-19 02:45:38 UTC</createdTime>
<generatorID>65779610-E10F-76DF-A973-1EDFAB4EC730</generatorID>
<ownerDesignName>Entrega1BaseDeDatos</ownerDesignName>
<engineerTo>
<item key="4BB2E06E-728F-1164-A3E1-32FA0911BEC4" value="true"/>
</engineerTo>
<referedAttribute>029C21C6-6F29-F868-0BF1-C70EB0979AED</referedAttribute>
<useDomainConstraints>false</useDomainConstraints>
<use>1</use>
<logicalDatatype>LOGDT019</logicalDatatype>
<ownDataTypeParameters>,,</ownDataTypeParameters>
</Attribute>
<Attribute name="rut_pasaporte" id="3676C882-4FD8-A2A9-63EB-6CB1C57C1229">
<createdBy>renatoaravena</createdBy>
<createdTime>2025-08-19 02:46:05 UTC</createdTime>
<generatorID>BDF3217F-59D3-9702-6321-8C2292823E74</generatorID>
<ownerDesignName>Entrega1BaseDeDatos</ownerDesignName>
<engineerTo>
<item key="4BB2E06E-728F-1164-A3E1-32FA0911BEC4" value="true"/>
</engineerTo>
<referedAttribute>E48CED7C-C531-285D-5BF8-9939FEAACB60</referedAttribute>
<useDomainConstraints>false</useDomainConstraints>
<use>1</use>
<logicalDatatype>LOGDT019</logicalDatatype>
<ownDataTypeParameters>,,</ownDataTypeParameters>
</Attribute>
<Attribute name="numero_vuelo" id="EF43EA14-81AF-E9B1-2B51-37FC3FD3CD9B">
<createdBy>renatoaravena</createdBy>
<createdTime>2025-08-19 02:46:18 UTC</createdTime>
<generatorID>AF916E33-44A2-1EEF-36F4-F1279D872E93</generatorID>
<ownerDesignName>Entrega1BaseDeDatos</ownerDesignName>
<engineerTo>
<item key="4BB2E06E-728F-1164-A3E1-32FA0911BEC4" value="true"/>
</engineerTo>
<referedAttribute>DE3CA377-C590-9EC0-EF03-908EEE0D6100</referedAttribute>
<useDomainConstraints>false</useDomainConstraints>
<use>1</use>
<logicalDatatype>LOGDT019</logicalDatatype>
<ownDataTypeParameters>,,</ownDataTypeParameters>
</Attribute>
</attributes>
<identifiers itemClass="oracle.dbtools.crest.model.design.logical.CandidateKey">
<identifier id="FDC6F835-6D22-50A9-857A-7A56BF492254" name="RESERVA PK">
<createdBy>renatoaravena</createdBy>
<createdTime>2025-08-19 02:44:35 UTC</createdTime>
<ownerDesignName>Entrega1BaseDeDatos</ownerDesignName>
<engineerTo>
<item key="4BB2E06E-728F-1164-A3E1-32FA0911BEC4" value="true"/>
</engineerTo>
<pk>true</pk>
<usedAttributes>
<attributeRef>5AC5A99E-7DF8-718E-202B-D3881261C955</attributeRef>
</usedAttributes>
</identifier>
</identifiers>
</Entity>