<?xml version = '1.0' encoding = 'UTF-8'?>
<Entity class="oracle.dbtools.crest.model.design.logical.Entity" directorySegmentName="seg_0" id="D5A33AD9-D4A8-DB67-3464-A6991A4A7A48" name="PASAJERO">
<createdBy>renatoaravena</createdBy>
<createdTime>2025-08-19 02:11:01 UTC</createdTime>
<ownerDesignName>Entrega1BaseDeDatos</ownerDesignName>
<engineerTo>
<item key="4BB2E06E-728F-1164-A3E1-32FA0911BEC4" value="true"/>
</engineerTo>
<adequatelyNormalized>NO</adequatelyNormalized>
<expectedVolumes>0</expectedVolumes>
<fwdEngineeringStrategyName>Single Table</fwdEngineeringStrategyName>
<growthPercent>0</growthPercent>
<growthType>Year</growthType>
<maxVolumes>9999999</maxVolumes>
<minVolumes>0</minVolumes>
<normalForm>Third</normalForm>
<attributes itemClass="oracle.dbtools.crest.model.design.logical.Attribute">
<Attribute name="rut_pasaporte" id="E48CED7C-C531-285D-5BF8-9939FEAACB60">
<createdBy>renatoaravena</createdBy>
<createdTime>2025-08-19 02:11:12 UTC</createdTime>
<ownerDesignName>Entrega1BaseDeDatos</ownerDesignName>
<engineerTo>
<item key="4BB2E06E-728F-1164-A3E1-32FA0911BEC4" value="true"/>
</engineerTo>
<useDomainConstraints>false</useDomainConstraints>
<use>1</use>
<logicalDatatype>LOGDT019</logicalDatatype>
<ownDataTypeParameters>,,</ownDataTypeParameters>
</Attribute>
<Attribute name="nombre_completo" id="539531CE-57F5-606B-48B2-7ECE922130A6">
<createdBy>renatoaravena</createdBy>
<createdTime>2025-08-19 02:12:07 UTC</createdTime>
<ownerDesignName>Entrega1BaseDeDatos</ownerDesignName>
<engineerTo>
<item key="4BB2E06E-728F-1164-A3E1-32FA0911BEC4" value="true"/>
</engineerTo>
<useDomainConstraints>false</useDomainConstraints>
<use>1</use>
<logicalDatatype>LOGDT024</logicalDatatype>
<dataTypeSize>30</dataTypeSize>
<ownDataTypeParameters>30,,</ownDataTypeParameters>
</Attribute>
<Attribute name="fecha_nacimiento" id="446B8E7A-FF25-B096-D601-22777B147075">
<createdBy>renatoaravena</createdBy>
<createdTime>2025-08-19 02:12:38 UTC</createdTime>
<ownerDesignName>Entrega1BaseDeDatos</ownerDesignName>
<engineerTo>
<item key="4BB2E06E-728F-1164-A3E1-32FA0911BEC4" value="true"/>
</engineerTo>
<useDomainConstraints>false</useDomainConstraints>
<use>1</use>
<logicalDatatype>LOGDT007</logicalDatatype>
<ownDataTypeParameters>,,</ownDataTypeParameters>
</Attribute>
<Attribute name="nacionalidad" id="A5C72497-1E06-ED25-92D8-38DA53487600">
<createdBy>renatoaravena</createdBy>
<createdTime>2025-08-19 02:12:53 UTC</createdTime>
<ownerDesignName>Entrega1BaseDeDatos</ownerDesignName>
<engineerTo>
<item key="4BB2E06E-728F-1164-A3E1-32FA0911BEC4" value="true"/>
</engineerTo>
<useDomainConstraints>false</useDomainConstraints>
<use>1</use>
<logicalDatatype>LOGDT024</logicalDatatype>
<dataTypeSize>30</dataTypeSize>
<ownDataTypeParameters>30,,</ownDataTypeParameters>
</Attribute>
<Attribute name="telefono" id="392E22EB-76C0-775B-2E37-9E52F9D3205B">
<createdBy>renatoaravena</createdBy>
<createdTime>2025-08-19 02:13:01 UTC</createdTime>
<ownerDesignName>Entrega1BaseDeDatos</ownerDesignName>
<engineerTo>
<item key="4BB2E06E-728F-1164-A3E1-32FA0911BEC4" value="true"/>
</engineerTo>
<nullsAllowed>true</nullsAllowed>
<useDomainConstraints>false</useDomainConstraints>
<use>1</use>
<logicalDatatype>LOGDT019</logicalDatatype>
<ownDataTypeParameters>,,</ownDataTypeParameters>
</Attribute>
<Attribute name="correo" id="0C930AD2-F92D-9FE6-82D6-332784EB00F2">
<createdBy>renatoaravena</createdBy>
<createdTime>2025-08-19 02:14:48 UTC</createdTime>
<ownerDesignName>Entrega1BaseDeDatos</ownerDesignName>
<engineerTo>
<item key="4BB2E06E-728F-1164-A3E1-32FA0911BEC4" value="true"/>
</engineerTo>
<nullsAllowed>true</nullsAllowed>
<useDomainConstraints>false</useDomainConstraints>
<use>1</use>
<logicalDatatype>LOGDT024</logicalDatatype>
<ownDataTypeParameters>,,</ownDataTypeParameters>
</Attribute>
</attributes>
<identifiers itemClass="oracle.dbtools.crest.model.design.logical.CandidateKey">
<identifier id="BBDE077F-4B6F-8943-40F9-84230D7E7D05" name="PASAJERO PK">
<createdBy>renatoaravena</createdBy>
<createdTime>2025-08-19 02:20:22 UTC</createdTime>
<ownerDesignName>Entrega1BaseDeDatos</ownerDesignName>
<shouldEngineer>false</shouldEngineer>
<engineerTo>
<item key="4BB2E06E-728F-1164-A3E1-32FA0911BEC4" value="false"/>
</engineerTo>
<pk>true</pk>
<usedAttributes>
<attributeRef>E48CED7C-C531-285D-5BF8-9939FEAACB60</attributeRef>
</usedAttributes>
</identifier>
</identifiers>
</Entity>