<?xml version = '1.0' encoding = 'UTF-8'?>
<Entity class="oracle.dbtools.crest.model.design.logical.Entity" directorySegmentName="seg_0" id="EA7F78D0-C6A4-25BF-15DC-6E6469E74157" name="Vuelo">
<createdBy>renatoaravena</createdBy>
<createdTime>2025-08-19 02:09:11 UTC</createdTime>
<ownerDesignName>Entrega1BaseDeDatos</ownerDesignName>
<engineerTo>
<item key="4BB2E06E-728F-1164-A3E1-32FA0911BEC4" value="true"/>
</engineerTo>
<adequatelyNormalized>NO</adequatelyNormalized>
<expectedVolumes>0</expectedVolumes>
<fwdEngineeringStrategyName>Single Table</fwdEngineeringStrategyName>
<growthPercent>0</growthPercent>
<growthType>Year</growthType>
<maxVolumes>9999999</maxVolumes>
<minVolumes>0</minVolumes>
<normalForm>Third</normalForm>
<attributes itemClass="oracle.dbtools.crest.model.design.logical.Attribute">
<Attribute name="fecha_despegue" id="0DB37185-1A52-E6A4-8AA7-7E372757B962">
<createdBy>renatoaravena</createdBy>
<createdTime>2025-08-19 02:09:32 UTC</createdTime>
<ownerDesignName>Entrega1BaseDeDatos</ownerDesignName>
<engineerTo>
<item key="4BB2E06E-728F-1164-A3E1-32FA0911BEC4" value="true"/>
</engineerTo>
<useDomainConstraints>false</useDomainConstraints>
<use>1</use>
<logicalDatatype>LOGDT007</logicalDatatype>
<ownDataTypeParameters>,,</ownDataTypeParameters>
</Attribute>
<Attribute name="fecha_llegada_destino" id="D95F053C-8005-E7F1-34C7-E0A04DE952E4">
<createdBy>renatoaravena</createdBy>
<createdTime>2025-08-19 02:09:42 UTC</createdTime>
<ownerDesignName>Entrega1BaseDeDatos</ownerDesignName>
<engineerTo>
<item key="4BB2E06E-728F-1164-A3E1-32FA0911BEC4" value="true"/>
</engineerTo>
<useDomainConstraints>false</useDomainConstraints>
<use>1</use>
<logicalDatatype>LOGDT007</logicalDatatype>
<ownDataTypeParameters>,,</ownDataTypeParameters>
</Attribute>
<Attribute name="numero_vuelo" id="DE3CA377-C590-9EC0-EF03-908EEE0D6100">
<createdBy>renatoaravena</createdBy>
<createdTime>2025-08-19 02:10:16 UTC</createdTime>
<ownerDesignName>Entrega1BaseDeDatos</ownerDesignName>
<engineerTo>
<item key="4BB2E06E-728F-1164-A3E1-32FA0911BEC4" value="true"/>
</engineerTo>
<useDomainConstraints>false</useDomainConstraints>
<use>1</use>
<logicalDatatype>LOGDT019</logicalDatatype>
<ownDataTypeParameters>,,</ownDataTypeParameters>
</Attribute>
<Attribute name="hora_salida" id="9A963568-0AF8-2AAD-3461-F334E7434CB8">
<createdBy>renatoaravena</createdBy>
<createdTime>2025-08-19 02:10:28 UTC</createdTime>
<ownerDesignName>Entrega1BaseDeDatos</ownerDesignName>
<engineerTo>
<item key="4BB2E06E-728F-1164-A3E1-32FA0911BEC4" value="true"/>
</engineerTo>
<useDomainConstraints>false</useDomainConstraints>
<use>1</use>
<logicalDatatype>LOGDT014</logicalDatatype>
<ownDataTypeParameters>,,</ownDataTypeParameters>
</Attribute>
</attributes>
<identifiers itemClass="oracle.dbtools.crest.model.design.logical.CandidateKey">
<identifier id="5CD7FD00-7A06-5910-E97B-7F867FBCB795" name="Vuelo PK">
<createdBy>renatoaravena</createdBy>
<createdTime>2025-08-19 02:18:06 UTC</createdTime>
<ownerDesignName>Entrega1BaseDeDatos</ownerDesignName>
<shouldEngineer>false</shouldEngineer>
<engineerTo>
<item key="4BB2E06E-728F-1164-A3E1-32FA0911BEC4" value="false"/>
</engineerTo>
<pk>true</pk>
<usedAttributes>
<attributeRef>DE3CA377-C590-9EC0-EF03-908EEE0D6100</attributeRef>
</usedAttributes>
</identifier>
</identifiers>
</Entity>