<?xml version = '1.0' encoding = 'UTF-8'?>
<Relation class="oracle.dbtools.crest.model.design.logical.InheritanceRelation" name="Hierarchy_3" directorySegmentName="seg_0" id="30191ED9-26A4-47EA-0DB4-8848A5A22781">
<createdBy>renatoaravena</createdBy>
<createdTime>2025-09-02 02:16:16 UTC</createdTime>
<ownerDesignName>Entrega3BaseDeDatos</ownerDesignName>
<engineerTo>
<item key="3C180099-B98B-914C-E843-52A2C04C4588" value="true"/>
</engineerTo>
<identifying>false</identifying>
<nameOnSource>Super Type</nameOnSource>
<nameOnTarget>Sub Type</nameOnTarget>
<optionalSource>true</optionalSource>
<optionalTarget>true</optionalTarget>
<sourceEntity>18BF8C81-4A2E-54C9-E6B2-4A35B5C46BC8</sourceEntity>
<targetEntity>499393D1-E3C5-C75C-DD07-BDBFEDD15738</targetEntity>
<transferable>true</transferable>
<deleteRule>NO ACTION</deleteRule>
</Relation>