<?xml version = '1.0' encoding = 'UTF-8'?>
<Relation class="oracle.dbtools.crest.model.design.logical.InheritanceRelation" name="Hierarchy_9" directorySegmentName="seg_0" id="CCFCE635-B146-12C9-B9A9-19D07A3207CA">
<createdBy>renatoaravena</createdBy>
<createdTime>2025-09-02 02:25:09 UTC</createdTime>
<ownerDesignName>Entrega3BaseDeDatos</ownerDesignName>
<engineerTo>
<item key="3C180099-B98B-914C-E843-52A2C04C4588" value="true"/>
</engineerTo>
<identifying>false</identifying>
<nameOnSource>Super Type</nameOnSource>
<nameOnTarget>Sub Type</nameOnTarget>
<optionalSource>true</optionalSource>
<optionalTarget>true</optionalTarget>
<sourceEntity>18BF8C81-4A2E-54C9-E6B2-4A35B5C46BC8</sourceEntity>
<targetEntity>CA3B7C0F-74F8-641A-9EEE-8A0B768E01D7</targetEntity>
<transferable>true</transferable>
<deleteRule>NO ACTION</deleteRule>
</Relation>