<?xml version = '1.0' encoding = 'UTF-8'?>
<Relation class="oracle.dbtools.crest.model.design.logical.Relation" name="Relation_9" directorySegmentName="seg_0" id="4FA41364-C916-0405-E336-465EFE05DE7C">
<createdBy>renatoaravena</createdBy>
<createdTime>2025-08-26 02:59:19 UTC</createdTime>
<ownerDesignName>Entrega2BaseDeDatos</ownerDesignName>
<engineerTo>
<item key="4BB2E06E-728F-1164-A3E1-32FA0911BEC4" value="true"/>
</engineerTo>
<sourcePk>BBDE077F-4B6F-8943-40F9-84230D7E7D05</sourcePk>
<identifying>false</identifying>
<optionalSource>false</optionalSource>
<optionalTarget>true</optionalTarget>
<sourceCardinality>1</sourceCardinality>
<sourceEntity>D5A33AD9-D4A8-DB67-3464-A6991A4A7A48</sourceEntity>
<targetCardinalityString>*</targetCardinalityString>
<targetEntity>CF88211E-486B-ABF3-1E02-B7FFB2FABDAD</targetEntity>
<transferable>true</transferable>
<deleteRule>NO ACTION</deleteRule>
</Relation>