<?xml version = '1.0' encoding = 'UTF-8'?>
<Relation class="oracle.dbtools.crest.model.design.logical.Relation" name="Relation_1" directorySegmentName="seg_0" id="65779610-E10F-76DF-A973-1EDFAB4EC730">
<createdBy>renatoaravena</createdBy>
<createdTime>2025-08-19 02:45:38 UTC</createdTime>
<ownerDesignName>Entrega2BaseDeDatos</ownerDesignName>
<engineerTo>
<item key="4BB2E06E-728F-1164-A3E1-32FA0911BEC4" value="true"/>
</engineerTo>
<sourcePk>699E14F9-3C6A-6060-FFD2-D839DA44B7A1</sourcePk>
<identifying>false</identifying>
<optionalSource>false</optionalSource>
<optionalTarget>true</optionalTarget>
<sourceCardinality>1</sourceCardinality>
<sourceEntity>DFB71CEB-E067-F65F-4C62-B8F6FB246961</sourceEntity>
<targetCardinalityString>*</targetCardinalityString>
<targetEntity>9E85224A-FCF2-08AC-5698-A352C4BAB7CB</targetEntity>
<transferable>true</transferable>
<deleteRule>NO ACTION</deleteRule>
</Relation>