<?xml version = '1.0' encoding = 'UTF-8'?>
<Relation class="oracle.dbtools.crest.model.design.logical.Relation" name="Relation_2" directorySegmentName="seg_0" id="BDF3217F-59D3-9702-6321-8C2292823E74">
<createdBy>renatoaravena</createdBy>
<createdTime>2025-08-19 02:46:05 UTC</createdTime>
<ownerDesignName>Entrega2BaseDeDatos</ownerDesignName>
<engineerTo>
<item key="4BB2E06E-728F-1164-A3E1-32FA0911BEC4" value="true"/>
</engineerTo>
<sourcePk>BBDE077F-4B6F-8943-40F9-84230D7E7D05</sourcePk>
<identifying>false</identifying>
<optionalSource>false</optionalSource>
<optionalTarget>false</optionalTarget>
<sourceCardinality>1</sourceCardinality>
<sourceEntity>D5A33AD9-D4A8-DB67-3464-A6991A4A7A48</sourceEntity>
<targetCardinalityString>*</targetCardinalityString>
<targetEntity>9E85224A-FCF2-08AC-5698-A352C4BAB7CB</targetEntity>
<transferable>true</transferable>
<deleteRule>NO ACTION</deleteRule>
</Relation>