<?xml version = '1.0' encoding = 'UTF-8'?>
<Relation class="oracle.dbtools.crest.model.design.logical.Relation" name="Relation_8" directorySegmentName="seg_0" id="ECBDE25C-1A12-4093-2FED-9ED357ECFC6C">
<createdBy>renatoaravena</createdBy>
<createdTime>2025-08-26 02:58:23 UTC</createdTime>
<ownerDesignName>Entrega2BaseDeDatos</ownerDesignName>
<engineerTo>
<item key="4BB2E06E-728F-1164-A3E1-32FA0911BEC4" value="true"/>
</engineerTo>
<sourcePk>C8325BAD-80F2-A3CE-36D5-7EEDA4889BDC</sourcePk>
<identifying>false</identifying>
<optionalSource>false</optionalSource>
<optionalTarget>true</optionalTarget>
<sourceCardinality>1</sourceCardinality>
<sourceEntity>0A569830-A26E-0225-FB21-C3BE4D8AEC1F</sourceEntity>
<targetCardinalityString>*</targetCardinalityString>
<targetEntity>EA7F78D0-C6A4-25BF-15DC-6E6469E74157</targetEntity>
<transferable>true</transferable>
<deleteRule>NO ACTION</deleteRule>
</Relation>