<?xml version = '1.0' encoding = 'UTF-8'?>
<Relation class="oracle.dbtools.crest.model.design.logical.Relation" name="Relation_11" directorySegmentName="seg_0" id="FE26A8C1-B048-C89D-4827-97E96F111591">
<createdBy>renatoaravena</createdBy>
<createdTime>2025-08-26 03:30:49 UTC</createdTime>
<ownerDesignName>Entrega2BaseDeDatos</ownerDesignName>
<engineerTo>
<item key="4BB2E06E-728F-1164-A3E1-32FA0911BEC4" value="true"/>
</engineerTo>
<sourcePk>699E14F9-3C6A-6060-FFD2-D839DA44B7A1</sourcePk>
<identifying>false</identifying>
<optionalSource>true</optionalSource>
<optionalTarget>false</optionalTarget>
<sourceCardinality>1</sourceCardinality>
<sourceEntity>DFB71CEB-E067-F65F-4C62-B8F6FB246961</sourceEntity>
<targetCardinalityString>*</targetCardinalityString>
<targetEntity>EA7F78D0-C6A4-25BF-15DC-6E6469E74157</targetEntity>
<transferable>true</transferable>
<deleteRule>NO ACTION</deleteRule>
</Relation>