<?xml version = '1.0' encoding = 'UTF-8'?>
<Table class="oracle.dbtools.crest.model.design.relational.Table" directorySegmentName="seg_0" id="00E3D400-4630-4AAB-33A0-1F8C2E5A6498" name="PAGO_ATENCION">
<createdBy>renatoaravena</createdBy>
<createdTime>2025-09-16 01:32:12 UTC</createdTime>
<generatorID>DBCEA5A3-DE01-7E94-B295-C3BF69F2FA9C</generatorID>
<ownerDesignName>BASEDATOSSUMATIVA</ownerDesignName>
<allowColumnReorder>false</allowColumnReorder>
<existDependencyGenerateInDDl>true</existDependencyGenerateInDDl>
<parsed>true</parsed>
<columns itemClass="oracle.dbtools.crest.model.design.relational.Column">
<Column name="id_pago" id="59180013-4BDF-F773-A7F4-FA3E5986FD87">
<createdBy>renatoaravena</createdBy>
<createdTime>2025-09-16 01:32:12 UTC</createdTime>
<generatorID>0CE3A3A2-B752-AFC8-9BE1-CD8C623F576E</generatorID>
<ownerDesignName>BASEDATOSSUMATIVA</ownerDesignName>
<useDomainConstraints>false</useDomainConstraints>
<use>1</use>
<logicalDatatype>LOGDT019</logicalDatatype>
<ownDataTypeParameters>,,</ownDataTypeParameters>
<autoIncrementCycle>false</autoIncrementCycle>
</Column>
<Column name="monto" id="C3CB38DE-96CF-CECA-6731-8CC5EB31C9BD">
<createdBy>renatoaravena</createdBy>
<createdTime>2025-09-16 01:32:12 UTC</createdTime>
<generatorID>2A44AB86-84B3-6073-7C41-2721F467FEBA</generatorID>
<ownerDesignName>BASEDATOSSUMATIVA</ownerDesignName>
<useDomainConstraints>false</useDomainConstraints>
<use>1</use>
<logicalDatatype>LOGDT019</logicalDatatype>
<ownDataTypeParameters>,,</ownDataTypeParameters>
<autoIncrementCycle>false</autoIncrementCycle>
</Column>
<Column name="estado" id="C1982FA5-A54C-8769-F892-2011AA9201AA">
<createdBy>renatoaravena</createdBy>
<createdTime>2025-09-16 01:32:12 UTC</createdTime>
<generatorID>FC5009FD-0716-BFB7-5194-59CA10339D48</generatorID>
<ownerDesignName>BASEDATOSSUMATIVA</ownerDesignName>
<useDomainConstraints>false</useDomainConstraints>
<use>1</use>
<logicalDatatype>LOGDT024</logicalDatatype>
<ownDataTypeParameters>,,</ownDataTypeParameters>
<autoIncrementCycle>false</autoIncrementCycle>
</Column>
<Column name="ATENCION_MEDICA_id_atencion" id="B40C78EB-7CCC-1E2A-1704-697A6DB2B809">
<createdBy>renatoaravena</createdBy>
<createdTime>2025-09-16 01:32:12 UTC</createdTime>
<generatorID>75B23CD1-944C-C519-05F9-792B3C48D2F2</generatorID>
<ownerDesignName>BASEDATOSSUMATIVA</ownerDesignName>
<useDomainConstraints>false</useDomainConstraints>
<use>1</use>
<logicalDatatype>LOGDT019</logicalDatatype>
<ownDataTypeParameters>,,</ownDataTypeParameters>
<previousColumn>false</previousColumn>
<autoIncrementCycle>false</autoIncrementCycle>
<associations>
<colAssociation fkAssociation="B9CC11A7-DBA7-DF80-2C6C-C95B5A874222" referredColumn="3C7A0800-D88F-6D6B-9ABE-70C95BA6E686"/>
</associations>
</Column>
<Column name="TIPO_PAGO_id_tipo_pago" id="2B10562A-4CFD-886C-F76C-B2D87DA49886">
<createdBy>renatoaravena</createdBy>
<createdTime>2025-09-16 01:32:12 UTC</createdTime>
<generatorID>7CA7F35E-A235-54ED-BBCF-FAE1164D6ADE</generatorID>
<ownerDesignName>BASEDATOSSUMATIVA</ownerDesignName>
<useDomainConstraints>false</useDomainConstraints>
<use>1</use>
<logicalDatatype>LOGDT019</logicalDatatype>
<ownDataTypeParameters>,,</ownDataTypeParameters>
<previousColumn>false</previousColumn>
<autoIncrementCycle>false</autoIncrementCycle>
<associations>
<colAssociation fkAssociation="3786DD42-34F9-7B19-E161-3AA045D3AC91" referredColumn="73E5AC09-E099-6A34-56F0-5A953CF1D731"/>
</associations>
</Column>
</columns>
<indexes itemClass="oracle.dbtools.crest.model.design.relational.Index">
<ind_PK_UK id="5BB372C9-E559-F890-FB24-611D97D4B6A8" name="PAGO_ATENCION_PK">
<createdBy>renatoaravena</createdBy>
<createdTime>2025-09-16 01:32:12 UTC</createdTime>
<generatorID>9E139C98-6139-CF13-19D3-7AEC20D88CD1</generatorID>
<ownerDesignName>BASEDATOSSUMATIVA</ownerDesignName>
<pk>true</pk>
<indexState>Primary Constraint</indexState>
<isSurrogateKey>false</isSurrogateKey>
<indexColumnUsage>
<colUsage columnID="59180013-4BDF-F773-A7F4-FA3E5986FD87"/>
</indexColumnUsage>
</ind_PK_UK>
<ind_PK_UK id="CD21D39D-265A-0E53-D1F7-4A2F323DCF95" name="PAGO_ATENCION__IDX">
<createdBy>renatoaravena</createdBy>
<createdTime>2025-09-16 01:32:12 UTC</createdTime>
<ownerDesignName>BASEDATOSSUMATIVA</ownerDesignName>
<indexState>Unique Plain Index</indexState>
<isSurrogateKey>false</isSurrogateKey>
<relationGeneratorID>E16823FD-C9F7-C1BF-7946-21832616CC6C</relationGeneratorID>
<indexColumnUsage>
<colUsage columnID="B40C78EB-7CCC-1E2A-1704-697A6DB2B809"/>
</indexColumnUsage>
</ind_PK_UK>
<ind_PK_UK id="B8AD6AA6-3FBC-F01A-03BD-73A5BA6FEAC3" name="PAGO_ATENCION_TIPO_PAGO_FK">
<createdBy>renatoaravena</createdBy>
<createdTime>2025-09-16 01:32:12 UTC</createdTime>
<generatorID>20ED27D5-CAC8-4DB5-C73B-D03BC0837D6D</generatorID>
<ownerDesignName>BASEDATOSSUMATIVA</ownerDesignName>
<indexState>Foreign Key</indexState>
<isSurrogateKey>false</isSurrogateKey>
<indexColumnUsage>
<colUsage columnID="2B10562A-4CFD-886C-F76C-B2D87DA49886"/>
</indexColumnUsage>
</ind_PK_UK>
<ind_PK_UK id="48CC0FBA-C39B-4371-20BC-3B3F671B1D61" name="PAGO_ATENCION_ATENCION_MEDICA_FK">
<createdBy>renatoaravena</createdBy>
<createdTime>2025-09-16 01:32:12 UTC</createdTime>
<generatorID>E16823FD-C9F7-C1BF-7946-21832616CC6C</generatorID>
<ownerDesignName>BASEDATOSSUMATIVA</ownerDesignName>
<indexState>Foreign Key</indexState>
<isSurrogateKey>false</isSurrogateKey>
<indexColumnUsage>
<colUsage columnID="B40C78EB-7CCC-1E2A-1704-697A6DB2B809"/>
</indexColumnUsage>
</ind_PK_UK>
</indexes>
</Table>