<?xml version = '1.0' encoding = 'UTF-8'?>
<Table class="oracle.dbtools.crest.model.design.relational.Table" directorySegmentName="seg_0" id="03DDF71A-6599-DA91-189F-45786539D0A6" name="MEDICO">
<createdBy>renatoaravena</createdBy>
<createdTime>2025-09-16 01:32:12 UTC</createdTime>
<generatorID>9892548B-C9C4-102F-DE6A-5294F737EBFA</generatorID>
<ownerDesignName>BASEDATOSSUMATIVA</ownerDesignName>
<allowColumnReorder>false</allowColumnReorder>
<existDependencyGenerateInDDl>true</existDependencyGenerateInDDl>
<parsed>true</parsed>
<columns itemClass="oracle.dbtools.crest.model.design.relational.Column">
<Column name="rut_medico" id="F8F51A7F-2BA1-97C9-15B8-C2FC70CA25D0">
<createdBy>renatoaravena</createdBy>
<createdTime>2025-09-16 01:32:12 UTC</createdTime>
<generatorID>54F45BBF-DCBB-8740-544F-23A524E25760</generatorID>
<ownerDesignName>BASEDATOSSUMATIVA</ownerDesignName>
<useDomainConstraints>false</useDomainConstraints>
<use>1</use>
<logicalDatatype>LOGDT019</logicalDatatype>
<ownDataTypeParameters>,,</ownDataTypeParameters>
<autoIncrementCycle>false</autoIncrementCycle>
</Column>
<Column name="nombre_medico" id="88DB5DD1-ED26-F1C4-902F-0DC95E4069F8">
<createdBy>renatoaravena</createdBy>
<createdTime>2025-09-16 01:32:12 UTC</createdTime>
<generatorID>795FFD7C-009F-3156-5263-11154E777750</generatorID>
<ownerDesignName>BASEDATOSSUMATIVA</ownerDesignName>
<useDomainConstraints>false</useDomainConstraints>
<use>1</use>
<logicalDatatype>LOGDT024</logicalDatatype>
<dataTypeSize>30</dataTypeSize>
<ownDataTypeParameters>30,,</ownDataTypeParameters>
<autoIncrementCycle>false</autoIncrementCycle>
</Column>
<Column name="fecha_ingreso" id="65F06994-4A03-0644-3459-0D0839414452">
<createdBy>renatoaravena</createdBy>
<createdTime>2025-09-16 01:32:12 UTC</createdTime>
<generatorID>D69CC3FF-E616-0944-6D4A-0111CBC76134</generatorID>
<ownerDesignName>BASEDATOSSUMATIVA</ownerDesignName>
<useDomainConstraints>false</useDomainConstraints>
<use>1</use>
<logicalDatatype>LOGDT007</logicalDatatype>
<ownDataTypeParameters>,,</ownDataTypeParameters>
<autoIncrementCycle>false</autoIncrementCycle>
</Column>
<Column name="ESPECIALIDAD_id_esp" id="FA717B72-665E-C8C2-D512-87E2BB1B9E4D">
<createdBy>renatoaravena</createdBy>
<createdTime>2025-09-16 01:32:12 UTC</createdTime>
<generatorID>2A162F80-0C20-AFAB-F787-4D6B59224B32</generatorID>
<ownerDesignName>BASEDATOSSUMATIVA</ownerDesignName>
<useDomainConstraints>false</useDomainConstraints>
<use>1</use>
<logicalDatatype>LOGDT019</logicalDatatype>
<ownDataTypeParameters>,,</ownDataTypeParameters>
<previousColumn>false</previousColumn>
<autoIncrementCycle>false</autoIncrementCycle>
<associations>
<colAssociation fkAssociation="BEAD5B5C-8D93-1037-805F-489E2B36A47D" referredColumn="C8E16D6D-14AF-8EDC-6000-4B084215FE40"/>
</associations>
</Column>
<Column name="AFP_id_afp" id="D7CB3B47-32FE-CEEA-A05E-C3B69E050083">
<createdBy>renatoaravena</createdBy>
<createdTime>2025-09-16 01:32:12 UTC</createdTime>
<generatorID>2DE6C80D-AA25-3FA1-EDF2-B4982BCE9DF4</generatorID>
<ownerDesignName>BASEDATOSSUMATIVA</ownerDesignName>
<useDomainConstraints>false</useDomainConstraints>
<use>1</use>
<logicalDatatype>LOGDT019</logicalDatatype>
<ownDataTypeParameters>,,</ownDataTypeParameters>
<previousColumn>false</previousColumn>
<autoIncrementCycle>false</autoIncrementCycle>
<associations>
<colAssociation fkAssociation="123395B3-C026-5C43-1AAC-2D30530C2EB3" referredColumn="7456B907-3086-0580-DC89-49E99BD6B55D"/>
</associations>
</Column>
<Column name="INSTITUCION_SALUD_id_institucion_salud" id="09EE51BB-7DB5-CF0A-A0EF-4CE06B18EFAD">
<createdBy>renatoaravena</createdBy>
<createdTime>2025-09-16 01:32:12 UTC</createdTime>
<generatorID>F7D628D3-90CE-6E33-268C-6482B066C1F6</generatorID>
<ownerDesignName>BASEDATOSSUMATIVA</ownerDesignName>
<useDomainConstraints>false</useDomainConstraints>
<use>1</use>
<logicalDatatype>LOGDT019</logicalDatatype>
<ownDataTypeParameters>,,</ownDataTypeParameters>
<previousColumn>false</previousColumn>
<autoIncrementCycle>false</autoIncrementCycle>
<associations>
<colAssociation fkAssociation="B041D4F9-9B38-8781-6689-15A07A6EB787" referredColumn="8D6F5C5A-2172-E3EC-DCA2-74EB3CF0F07C"/>
</associations>
</Column>
<Column name="MEDICO_rut_medico" id="FDD1E011-4DE1-F6E3-150B-8F58A5336096">
<createdBy>renatoaravena</createdBy>
<createdTime>2025-09-16 01:32:12 UTC</createdTime>
<generatorID>AEA26E70-6336-F630-5294-0F7738B515E1</generatorID>
<ownerDesignName>BASEDATOSSUMATIVA</ownerDesignName>
<useDomainConstraints>false</useDomainConstraints>
<use>1</use>
<logicalDatatype>LOGDT019</logicalDatatype>
<ownDataTypeParameters>,,</ownDataTypeParameters>
<previousColumn>false</previousColumn>
<autoIncrementCycle>false</autoIncrementCycle>
<associations>
<colAssociation fkAssociation="43188D23-EB23-6E8A-2735-B24FFF09C146" referredColumn="F8F51A7F-2BA1-97C9-15B8-C2FC70CA25D0"/>
</associations>
</Column>
</columns>
<indexes itemClass="oracle.dbtools.crest.model.design.relational.Index">
<ind_PK_UK id="19F9D421-C37D-7A93-1E6C-E2FB5EE0DC90" name="MEDICO_PK">
<createdBy>renatoaravena</createdBy>
<createdTime>2025-09-16 01:32:12 UTC</createdTime>
<generatorID>9E1A3A91-2A83-53E8-E9EA-A35BD5302DB7</generatorID>
<ownerDesignName>BASEDATOSSUMATIVA</ownerDesignName>
<pk>true</pk>
<indexState>Primary Constraint</indexState>
<isSurrogateKey>false</isSurrogateKey>
<indexColumnUsage>
<colUsage columnID="F8F51A7F-2BA1-97C9-15B8-C2FC70CA25D0"/>
</indexColumnUsage>
</ind_PK_UK>
<ind_PK_UK id="ABC98D8B-C9C1-872E-47CC-421F881F3105" name="MEDICO_ESPECIALIDAD_FK">
<createdBy>renatoaravena</createdBy>
<createdTime>2025-09-16 01:32:12 UTC</createdTime>
<generatorID>DF2B04D6-0409-14F2-598D-B7D2F2FCDB21</generatorID>
<ownerDesignName>BASEDATOSSUMATIVA</ownerDesignName>
<indexState>Foreign Key</indexState>
<isSurrogateKey>false</isSurrogateKey>
<indexColumnUsage>
<colUsage columnID="FA717B72-665E-C8C2-D512-87E2BB1B9E4D"/>
</indexColumnUsage>
</ind_PK_UK>
<ind_PK_UK id="4BAB7B3A-45BA-BBFB-9332-CBF5AC294738" name="MEDICO_AFP_FK">
<createdBy>renatoaravena</createdBy>
<createdTime>2025-09-16 01:32:12 UTC</createdTime>
<generatorID>AABEEEDB-4D87-D7F0-117D-7451394EB970</generatorID>
<ownerDesignName>BASEDATOSSUMATIVA</ownerDesignName>
<indexState>Foreign Key</indexState>
<isSurrogateKey>false</isSurrogateKey>
<indexColumnUsage>
<colUsage columnID="D7CB3B47-32FE-CEEA-A05E-C3B69E050083"/>
</indexColumnUsage>
</ind_PK_UK>
<ind_PK_UK id="9DF3EF5A-D204-26F8-F9CF-D5C00A407F3B" name="MEDICO_INSTITUCION_SALUD_FK">
<createdBy>renatoaravena</createdBy>
<createdTime>2025-09-16 01:32:12 UTC</createdTime>
<generatorID>174A54CA-8F44-1F12-1AC2-132DE1AB321B</generatorID>
<ownerDesignName>BASEDATOSSUMATIVA</ownerDesignName>
<indexState>Foreign Key</indexState>
<isSurrogateKey>false</isSurrogateKey>
<indexColumnUsage>
<colUsage columnID="09EE51BB-7DB5-CF0A-A0EF-4CE06B18EFAD"/>
</indexColumnUsage>
</ind_PK_UK>
<ind_PK_UK id="29ECA194-5376-1B24-60DD-15F9CA4E2A38" name="MEDICO_MEDICO_FK">
<createdBy>renatoaravena</createdBy>
<createdTime>2025-09-16 01:32:12 UTC</createdTime>
<generatorID>A0FD4128-4D79-781C-580B-1BBEBFF7E58B</generatorID>
<ownerDesignName>BASEDATOSSUMATIVA</ownerDesignName>
<indexState>Foreign Key</indexState>
<isSurrogateKey>false</isSurrogateKey>
<indexColumnUsage>
<colUsage columnID="FDD1E011-4DE1-F6E3-150B-8F58A5336096"/>
</indexColumnUsage>
</ind_PK_UK>
</indexes>
</Table>