<?xml version = '1.0' encoding = 'UTF-8'?>
<Table class="oracle.dbtools.crest.model.design.relational.Table" directorySegmentName="seg_0" id="13826FE7-3DA8-09E5-1C2E-D9F1DD070D63" name="TIPO_PAGO">
<createdBy>renatoaravena</createdBy>
<createdTime>2025-09-16 01:32:12 UTC</createdTime>
<generatorID>BBA5D072-15AF-6824-DBF7-AF2FDDB70C69</generatorID>
<ownerDesignName>BASEDATOSSUMATIVA</ownerDesignName>
<allowColumnReorder>false</allowColumnReorder>
<existDependencyGenerateInDDl>true</existDependencyGenerateInDDl>
<parsed>true</parsed>
<columns itemClass="oracle.dbtools.crest.model.design.relational.Column">
<Column name="id_tipo_pago" id="73E5AC09-E099-6A34-56F0-5A953CF1D731">
<createdBy>renatoaravena</createdBy>
<createdTime>2025-09-16 01:32:12 UTC</createdTime>
<generatorID>47093D26-B815-7C6E-69F0-7D802D804FDE</generatorID>
<ownerDesignName>BASEDATOSSUMATIVA</ownerDesignName>
<useDomainConstraints>false</useDomainConstraints>
<use>1</use>
<logicalDatatype>LOGDT019</logicalDatatype>
<ownDataTypeParameters>,,</ownDataTypeParameters>
<autoIncrementCycle>false</autoIncrementCycle>
</Column>
<Column name="nombre_tipo_pago" id="88683FE7-8D4B-CD5B-8EEE-3C84AF7FBD2D">
<createdBy>renatoaravena</createdBy>
<createdTime>2025-09-16 01:32:12 UTC</createdTime>
<generatorID>1807B1DE-97F7-43D1-F40F-9D4809C29FBB</generatorID>
<ownerDesignName>BASEDATOSSUMATIVA</ownerDesignName>
<useDomainConstraints>false</useDomainConstraints>
<use>1</use>
<logicalDatatype>LOGDT024</logicalDatatype>
<ownDataTypeParameters>,,</ownDataTypeParameters>
<autoIncrementCycle>false</autoIncrementCycle>
</Column>
</columns>
<indexes itemClass="oracle.dbtools.crest.model.design.relational.Index">
<ind_PK_UK id="DE117289-33BB-2745-646B-B910EC18C495" name="TIPO_PAGO_PK">
<createdBy>renatoaravena</createdBy>
<createdTime>2025-09-16 01:32:12 UTC</createdTime>
<generatorID>DB257D09-9719-64C9-6C2A-55DDCBA94E4D</generatorID>
<ownerDesignName>BASEDATOSSUMATIVA</ownerDesignName>
<pk>true</pk>
<indexState>Primary Constraint</indexState>
<isSurrogateKey>false</isSurrogateKey>
<indexColumnUsage>
<colUsage columnID="73E5AC09-E099-6A34-56F0-5A953CF1D731"/>
</indexColumnUsage>
</ind_PK_UK>
</indexes>
</Table>