<?xml version = '1.0' encoding = 'UTF-8'?>
<Table class="oracle.dbtools.crest.model.design.relational.Table" directorySegmentName="seg_0" id="2B804929-B9C5-1CCC-A48E-7DA3710B2D9A" name="REGION">
<createdBy>renatoaravena</createdBy>
<createdTime>2025-09-16 01:32:12 UTC</createdTime>
<generatorID>E9A07635-2477-D141-4F81-42F943EA46AB</generatorID>
<ownerDesignName>BASEDATOSSUMATIVA</ownerDesignName>
<allowColumnReorder>false</allowColumnReorder>
<existDependencyGenerateInDDl>true</existDependencyGenerateInDDl>
<parsed>true</parsed>
<columns itemClass="oracle.dbtools.crest.model.design.relational.Column">
<Column name="id_region" id="23CF15A3-FC6B-6B82-8B72-E3F87EE2613D">
<createdBy>renatoaravena</createdBy>
<createdTime>2025-09-16 01:32:12 UTC</createdTime>
<generatorID>6F06E599-A9EA-C4EB-79C4-6FD265CD07F4</generatorID>
<ownerDesignName>BASEDATOSSUMATIVA</ownerDesignName>
<useDomainConstraints>false</useDomainConstraints>
<use>1</use>
<logicalDatatype>LOGDT019</logicalDatatype>
<ownDataTypeParameters>,,</ownDataTypeParameters>
<autoIncrementCycle>false</autoIncrementCycle>
</Column>
<Column name="nombre_region" id="07A2244A-4323-E649-AB6F-F607158C61BD">
<createdBy>renatoaravena</createdBy>
<createdTime>2025-09-16 01:32:12 UTC</createdTime>
<generatorID>060FF078-D604-3237-D6D5-19167003AFB6</generatorID>
<ownerDesignName>BASEDATOSSUMATIVA</ownerDesignName>
<useDomainConstraints>false</useDomainConstraints>
<use>1</use>
<logicalDatatype>LOGDT024</logicalDatatype>
<ownDataTypeParameters>,,</ownDataTypeParameters>
<autoIncrementCycle>false</autoIncrementCycle>
</Column>
</columns>
<indexes itemClass="oracle.dbtools.crest.model.design.relational.Index">
<ind_PK_UK id="74541164-13E3-26C5-BF26-CC091D8D3EEE" name="REGION_PK">
<createdBy>renatoaravena</createdBy>
<createdTime>2025-09-16 01:32:12 UTC</createdTime>
<generatorID>65E75763-C7BB-FA65-D8E2-7F58C6EE6C5A</generatorID>
<ownerDesignName>BASEDATOSSUMATIVA</ownerDesignName>
<pk>true</pk>
<indexState>Primary Constraint</indexState>
<isSurrogateKey>false</isSurrogateKey>
<indexColumnUsage>
<colUsage columnID="23CF15A3-FC6B-6B82-8B72-E3F87EE2613D"/>
</indexColumnUsage>
</ind_PK_UK>
</indexes>
</Table>