<?xml version = '1.0' encoding = 'UTF-8'?>
<Table class="oracle.dbtools.crest.model.design.relational.Table" directorySegmentName="seg_0" id="6016AB51-DEA5-BE4A-462D-B7A3B5E166A8" name="ATENCION_MEDICA">
<createdBy>renatoaravena</createdBy>
<createdTime>2025-09-16 01:32:12 UTC</createdTime>
<generatorID>DBB6C72F-3584-4B52-D724-764762EACC47</generatorID>
<ownerDesignName>BASEDATOSSUMATIVA</ownerDesignName>
<allowColumnReorder>false</allowColumnReorder>
<existDependencyGenerateInDDl>true</existDependencyGenerateInDDl>
<parsed>true</parsed>
<columns itemClass="oracle.dbtools.crest.model.design.relational.Column">
<Column name="id_atencion" id="3C7A0800-D88F-6D6B-9ABE-70C95BA6E686">
<createdBy>renatoaravena</createdBy>
<createdTime>2025-09-16 01:32:12 UTC</createdTime>
<generatorID>B4AED1C5-696A-2168-1B4A-6C23AD13352D</generatorID>
<ownerDesignName>BASEDATOSSUMATIVA</ownerDesignName>
<useDomainConstraints>false</useDomainConstraints>
<use>1</use>
<logicalDatatype>LOGDT019</logicalDatatype>
<ownDataTypeParameters>,,</ownDataTypeParameters>
<autoIncrementCycle>false</autoIncrementCycle>
</Column>
<Column name="fecha_atencion" id="ED07C911-32D6-1584-6CCB-8A011206D792">
<createdBy>renatoaravena</createdBy>
<createdTime>2025-09-16 01:32:12 UTC</createdTime>
<generatorID>2C9DAA64-1234-6118-297D-00402F6D145F</generatorID>
<ownerDesignName>BASEDATOSSUMATIVA</ownerDesignName>
<useDomainConstraints>false</useDomainConstraints>
<use>1</use>
<logicalDatatype>LOGDT008</logicalDatatype>
<ownDataTypeParameters>,,</ownDataTypeParameters>
<autoIncrementCycle>false</autoIncrementCycle>
</Column>
<Column name="diagnostico" id="446B5EE0-8815-75D3-55D3-13F87FF90F8B">
<createdBy>renatoaravena</createdBy>
<createdTime>2025-09-16 01:32:12 UTC</createdTime>
<generatorID>33B1866A-385B-6F73-A94A-B21E689F4CA9</generatorID>
<ownerDesignName>BASEDATOSSUMATIVA</ownerDesignName>
<nullsAllowed>true</nullsAllowed>
<useDomainConstraints>false</useDomainConstraints>
<use>1</use>
<logicalDatatype>LOGDT024</logicalDatatype>
<ownDataTypeParameters>,,</ownDataTypeParameters>
<autoIncrementCycle>false</autoIncrementCycle>
</Column>
<Column name="PACIENTE_rut_paciente" id="90B99E82-9F3D-1528-1B97-6841024B8950">
<createdBy>renatoaravena</createdBy>
<createdTime>2025-09-16 01:32:12 UTC</createdTime>
<generatorID>191B750D-9956-D78A-E6EA-255169A7264D</generatorID>
<ownerDesignName>BASEDATOSSUMATIVA</ownerDesignName>
<useDomainConstraints>false</useDomainConstraints>
<use>1</use>
<logicalDatatype>LOGDT019</logicalDatatype>
<ownDataTypeParameters>,,</ownDataTypeParameters>
<previousColumn>false</previousColumn>
<autoIncrementCycle>false</autoIncrementCycle>
<associations>
<colAssociation fkAssociation="F324EC85-A82F-0EE0-614E-F13851E0BA44" referredColumn="230D9675-1D11-0B88-0845-AE335A354773"/>
</associations>
</Column>
<Column name="MEDICO_rut_medico" id="C14AAF37-DF4F-2472-095A-D001E30BE4D6">
<createdBy>renatoaravena</createdBy>
<createdTime>2025-09-16 01:32:12 UTC</createdTime>
<generatorID>093B1395-36DA-342A-55CD-34337B0D2511</generatorID>
<ownerDesignName>BASEDATOSSUMATIVA</ownerDesignName>
<useDomainConstraints>false</useDomainConstraints>
<use>1</use>
<logicalDatatype>LOGDT019</logicalDatatype>
<ownDataTypeParameters>,,</ownDataTypeParameters>
<previousColumn>false</previousColumn>
<autoIncrementCycle>false</autoIncrementCycle>
<associations>
<colAssociation fkAssociation="DF11EB9A-C236-9452-DC28-2EB743D46369" referredColumn="F8F51A7F-2BA1-97C9-15B8-C2FC70CA25D0"/>
</associations>
</Column>
<Column name="modalidad" id="041F856C-152D-0C1F-FEA4-152F6A1E8C59">
<createdBy>renatoaravena</createdBy>
<createdTime>2025-09-16 01:32:12 UTC</createdTime>
<generatorID>490F0727-8B23-6F0E-92BF-690E876D1F35</generatorID>
<ownerDesignName>BASEDATOSSUMATIVA</ownerDesignName>
<useDomainConstraints>false</useDomainConstraints>
<use>1</use>
<logicalDatatype>LOGDT024</logicalDatatype>
<ownDataTypeParameters>,,</ownDataTypeParameters>
<autoIncrementCycle>false</autoIncrementCycle>
</Column>
<Column name="TIPO_ATENCION_id_tipo_atencion" id="26C85382-A9B0-B43C-A648-B71DAAA3B6BB">
<createdBy>renatoaravena</createdBy>
<createdTime>2025-09-16 01:32:12 UTC</createdTime>
<generatorID>55AF88F9-2AD9-93BF-E739-682B57E56276</generatorID>
<ownerDesignName>BASEDATOSSUMATIVA</ownerDesignName>
<useDomainConstraints>false</useDomainConstraints>
<use>1</use>
<logicalDatatype>LOGDT019</logicalDatatype>
<ownDataTypeParameters>,,</ownDataTypeParameters>
<previousColumn>false</previousColumn>
<autoIncrementCycle>false</autoIncrementCycle>
<associations>
<colAssociation fkAssociation="5509AFF2-20B6-D584-A95B-AC022F187150" referredColumn="C659C13D-E543-0135-AFCD-4EBB3278AA13"/>
</associations>
</Column>
<Column name="ESPECIALIDAD_id_esp" id="4C2BFDDD-8676-A42E-A868-8F5671C26F22">
<createdBy>renatoaravena</createdBy>
<createdTime>2025-09-16 01:32:12 UTC</createdTime>
<generatorID>D1E46BEE-86AE-06BD-F66C-01E1C4F34146</generatorID>
<ownerDesignName>BASEDATOSSUMATIVA</ownerDesignName>
<useDomainConstraints>false</useDomainConstraints>
<use>1</use>
<logicalDatatype>LOGDT019</logicalDatatype>
<ownDataTypeParameters>,,</ownDataTypeParameters>
<previousColumn>false</previousColumn>
<autoIncrementCycle>false</autoIncrementCycle>
<associations>
<colAssociation fkAssociation="870CE953-66BB-459B-1C7E-1D86365A9AFD" referredColumn="C8E16D6D-14AF-8EDC-6000-4B084215FE40"/>
</associations>
</Column>
</columns>
<indexes itemClass="oracle.dbtools.crest.model.design.relational.Index">
<ind_PK_UK id="D3A88AA7-8EA6-606C-3ED1-2D5368380844" name="ATENCION_MEDICA_PK">
<createdBy>renatoaravena</createdBy>
<createdTime>2025-09-16 01:32:12 UTC</createdTime>
<generatorID>F762B2F0-CB1F-D34C-F309-BB934D54E658</generatorID>
<ownerDesignName>BASEDATOSSUMATIVA</ownerDesignName>
<pk>true</pk>
<indexState>Primary Constraint</indexState>
<isSurrogateKey>false</isSurrogateKey>
<indexColumnUsage>
<colUsage columnID="3C7A0800-D88F-6D6B-9ABE-70C95BA6E686"/>
</indexColumnUsage>
</ind_PK_UK>
<ind_PK_UK id="0899F2BE-B70A-50EB-26F1-90FC32B9AC02" name="ATENCION_MEDICA_TIPO_ATENCION_FK">
<createdBy>renatoaravena</createdBy>
<createdTime>2025-09-16 01:32:12 UTC</createdTime>
<generatorID>44A27CDF-6207-FFA3-4084-C7AA7907BEBB</generatorID>
<ownerDesignName>BASEDATOSSUMATIVA</ownerDesignName>
<indexState>Foreign Key</indexState>
<isSurrogateKey>false</isSurrogateKey>
<indexColumnUsage>
<colUsage columnID="26C85382-A9B0-B43C-A648-B71DAAA3B6BB"/>
</indexColumnUsage>
</ind_PK_UK>
<ind_PK_UK id="9CA47800-900B-1A36-1070-70A8B1A3B499" name="ATENCION_MEDICA_ESPECIALIDAD_FK">
<createdBy>renatoaravena</createdBy>
<createdTime>2025-09-16 01:32:12 UTC</createdTime>
<generatorID>8F6ED8C2-C089-15FB-0765-BC996C233B4B</generatorID>
<ownerDesignName>BASEDATOSSUMATIVA</ownerDesignName>
<indexState>Foreign Key</indexState>
<isSurrogateKey>false</isSurrogateKey>
<indexColumnUsage>
<colUsage columnID="4C2BFDDD-8676-A42E-A868-8F5671C26F22"/>
</indexColumnUsage>
</ind_PK_UK>
<ind_PK_UK id="98D8C3E6-136C-F280-4B8D-3600178B212A" name="ATENCION_MEDICA_PACIENTE_FK">
<createdBy>renatoaravena</createdBy>
<createdTime>2025-09-16 01:32:12 UTC</createdTime>
<generatorID>66E784A2-CA89-77BC-0477-A518D567EFA4</generatorID>
<ownerDesignName>BASEDATOSSUMATIVA</ownerDesignName>
<indexState>Foreign Key</indexState>
<isSurrogateKey>false</isSurrogateKey>
<indexColumnUsage>
<colUsage columnID="90B99E82-9F3D-1528-1B97-6841024B8950"/>
</indexColumnUsage>
</ind_PK_UK>
<ind_PK_UK id="3E6AE8D5-18F8-86B4-9E7D-5B2D3E883E40" name="ATENCION_MEDICA_MEDICO_FK">
<createdBy>renatoaravena</createdBy>
<createdTime>2025-09-16 01:32:12 UTC</createdTime>
<generatorID>18E902AB-0F03-3253-DFFD-5CC4E1016D5E</generatorID>
<ownerDesignName>BASEDATOSSUMATIVA</ownerDesignName>
<indexState>Foreign Key</indexState>
<isSurrogateKey>false</isSurrogateKey>
<indexColumnUsage>
<colUsage columnID="C14AAF37-DF4F-2472-095A-D001E30BE4D6"/>
</indexColumnUsage>
</ind_PK_UK>
</indexes>
</Table>