<?xml version = '1.0' encoding = 'UTF-8'?>
<Table class="oracle.dbtools.crest.model.design.relational.Table" directorySegmentName="seg_0" id="6D3EB86B-CADD-9EF4-4A63-FB4DC12A3E57" name="PACIENTE">
<createdBy>renatoaravena</createdBy>
<createdTime>2025-09-16 01:32:12 UTC</createdTime>
<generatorID>5D83DE59-0590-1BEA-EFD2-A72011728617</generatorID>
<ownerDesignName>BASEDATOSSUMATIVA</ownerDesignName>
<allowColumnReorder>false</allowColumnReorder>
<existDependencyGenerateInDDl>true</existDependencyGenerateInDDl>
<parsed>true</parsed>
<columns itemClass="oracle.dbtools.crest.model.design.relational.Column">
<Column name="rut_paciente" id="230D9675-1D11-0B88-0845-AE335A354773">
<createdBy>renatoaravena</createdBy>
<createdTime>2025-09-16 01:32:12 UTC</createdTime>
<generatorID>E5B8F3D0-021E-8BDD-E5E3-974E09216411</generatorID>
<ownerDesignName>BASEDATOSSUMATIVA</ownerDesignName>
<useDomainConstraints>false</useDomainConstraints>
<use>1</use>
<logicalDatatype>LOGDT019</logicalDatatype>
<ownDataTypeParameters>,,</ownDataTypeParameters>
<autoIncrementCycle>false</autoIncrementCycle>
</Column>
<Column name="nombre_paciente" id="A7E4F941-2B58-ECA2-01B8-74D6838AE7A1">
<createdBy>renatoaravena</createdBy>
<createdTime>2025-09-16 01:32:12 UTC</createdTime>
<generatorID>732EFA4A-3BE5-982E-D854-118382B4E6A1</generatorID>
<ownerDesignName>BASEDATOSSUMATIVA</ownerDesignName>
<useDomainConstraints>false</useDomainConstraints>
<use>1</use>
<logicalDatatype>LOGDT024</logicalDatatype>
<dataTypeSize>30</dataTypeSize>
<ownDataTypeParameters>30,,</ownDataTypeParameters>
<autoIncrementCycle>false</autoIncrementCycle>
</Column>
<Column name="sexo" id="F8145CD4-6639-2777-C66A-0641A3EBC9AA">
<createdBy>renatoaravena</createdBy>
<createdTime>2025-09-16 01:32:12 UTC</createdTime>
<generatorID>CFCAB936-973B-80B5-716E-638FBC4B891E</generatorID>
<ownerDesignName>BASEDATOSSUMATIVA</ownerDesignName>
<useDomainConstraints>false</useDomainConstraints>
<use>1</use>
<logicalDatatype>LOGDT024</logicalDatatype>
<ownDataTypeParameters>,,</ownDataTypeParameters>
<autoIncrementCycle>false</autoIncrementCycle>
</Column>
<Column name="fecha_nacimiento" id="65BAFD50-E0E5-7383-B98C-6E30EE731ACF">
<createdBy>renatoaravena</createdBy>
<createdTime>2025-09-16 01:32:12 UTC</createdTime>
<generatorID>FBF2DD9A-BD3C-5501-2C52-6CC9BCFC22CB</generatorID>
<ownerDesignName>BASEDATOSSUMATIVA</ownerDesignName>
<useDomainConstraints>false</useDomainConstraints>
<use>1</use>
<logicalDatatype>LOGDT007</logicalDatatype>
<ownDataTypeParameters>,,</ownDataTypeParameters>
<autoIncrementCycle>false</autoIncrementCycle>
</Column>
<Column name="direccion" id="1F8B1B51-CC00-2AE4-5B03-4312D7540067">
<createdBy>renatoaravena</createdBy>
<createdTime>2025-09-16 01:32:12 UTC</createdTime>
<generatorID>10DCB101-924A-EED8-DB75-F4F68F8632D4</generatorID>
<ownerDesignName>BASEDATOSSUMATIVA</ownerDesignName>
<useDomainConstraints>false</useDomainConstraints>
<use>1</use>
<logicalDatatype>LOGDT024</logicalDatatype>
<ownDataTypeParameters>,,</ownDataTypeParameters>
<autoIncrementCycle>false</autoIncrementCycle>
</Column>
<Column name="tipo_usuario" id="83264E4A-B608-D0B7-FDE8-9CBF8E0AE7AA">
<createdBy>renatoaravena</createdBy>
<createdTime>2025-09-16 01:32:12 UTC</createdTime>
<generatorID>3A3E5D53-7E0B-4D6C-D6A5-10A186BF0C9F</generatorID>
<ownerDesignName>BASEDATOSSUMATIVA</ownerDesignName>
<useDomainConstraints>false</useDomainConstraints>
<use>1</use>
<logicalDatatype>LOGDT024</logicalDatatype>
<ownDataTypeParameters>,,</ownDataTypeParameters>
<autoIncrementCycle>false</autoIncrementCycle>
</Column>
<Column name="COMUNA_id_comuna" id="D34C760A-38F4-1A88-A07B-DBE2F577694A">
<createdBy>renatoaravena</createdBy>
<createdTime>2025-09-16 01:32:12 UTC</createdTime>
<generatorID>06890621-00B7-E05F-AA3B-E6A952E26B45</generatorID>
<ownerDesignName>BASEDATOSSUMATIVA</ownerDesignName>
<useDomainConstraints>false</useDomainConstraints>
<use>1</use>
<logicalDatatype>LOGDT019</logicalDatatype>
<ownDataTypeParameters>,,</ownDataTypeParameters>
<previousColumn>false</previousColumn>
<autoIncrementCycle>false</autoIncrementCycle>
<associations>
<colAssociation fkAssociation="EAB3EA61-CE3D-E4E9-90FD-0A3B4F94CD9E" referredColumn="F056352F-9C5F-9267-1ECF-CD7E04A5E77D"/>
</associations>
</Column>
</columns>
<indexes itemClass="oracle.dbtools.crest.model.design.relational.Index">
<ind_PK_UK id="9D55EE2E-3757-3276-FFEA-0F1F57B4F911" name="PACIENTE_PK">
<createdBy>renatoaravena</createdBy>
<createdTime>2025-09-16 01:32:12 UTC</createdTime>
<generatorID>11CA59E5-851B-4419-328C-39B2D466A2DC</generatorID>
<ownerDesignName>BASEDATOSSUMATIVA</ownerDesignName>
<pk>true</pk>
<indexState>Primary Constraint</indexState>
<isSurrogateKey>false</isSurrogateKey>
<indexColumnUsage>
<colUsage columnID="230D9675-1D11-0B88-0845-AE335A354773"/>
</indexColumnUsage>
</ind_PK_UK>
<ind_PK_UK id="BDE11E56-4E6E-C764-5E40-2DD53927D50F" name="PACIENTE_COMUNA_FK">
<createdBy>renatoaravena</createdBy>
<createdTime>2025-09-16 01:32:12 UTC</createdTime>
<generatorID>BFE04A77-5214-3F7D-229F-8D05EEF09F9F</generatorID>
<ownerDesignName>BASEDATOSSUMATIVA</ownerDesignName>
<indexState>Foreign Key</indexState>
<isSurrogateKey>false</isSurrogateKey>
<indexColumnUsage>
<colUsage columnID="D34C760A-38F4-1A88-A07B-DBE2F577694A"/>
</indexColumnUsage>
</ind_PK_UK>
</indexes>
</Table>