<?xml version = '1.0' encoding = 'UTF-8'?>
<Table class="oracle.dbtools.crest.model.design.relational.Table" directorySegmentName="seg_0" id="75BED72A-0E38-EE2A-609F-EF46AAECC05E" name="TIPO_ATENCION">
<createdBy>renatoaravena</createdBy>
<createdTime>2025-09-16 01:32:12 UTC</createdTime>
<generatorID>483740BC-ADF8-8DB4-BAB6-94A32B9580CC</generatorID>
<ownerDesignName>BASEDATOSSUMATIVA</ownerDesignName>
<allowColumnReorder>false</allowColumnReorder>
<existDependencyGenerateInDDl>true</existDependencyGenerateInDDl>
<parsed>true</parsed>
<columns itemClass="oracle.dbtools.crest.model.design.relational.Column">
<Column name="id_tipo_atencion" id="C659C13D-E543-0135-AFCD-4EBB3278AA13">
<createdBy>renatoaravena</createdBy>
<createdTime>2025-09-16 01:32:12 UTC</createdTime>
<generatorID>698E1761-D612-26DD-7C12-F2A3CC96173B</generatorID>
<ownerDesignName>BASEDATOSSUMATIVA</ownerDesignName>
<useDomainConstraints>false</useDomainConstraints>
<use>1</use>
<logicalDatatype>LOGDT019</logicalDatatype>
<ownDataTypeParameters>,,</ownDataTypeParameters>
<autoIncrementCycle>false</autoIncrementCycle>
</Column>
<Column name="nombre_tipo_atencion" id="3924B233-EF26-BAE0-8261-7DC05FD54C61">
<createdBy>renatoaravena</createdBy>
<createdTime>2025-09-16 01:32:12 UTC</createdTime>
<generatorID>4A29EE04-D081-4684-11CF-3C7FE87C920B</generatorID>
<ownerDesignName>BASEDATOSSUMATIVA</ownerDesignName>
<useDomainConstraints>false</useDomainConstraints>
<use>1</use>
<logicalDatatype>LOGDT024</logicalDatatype>
<ownDataTypeParameters>,,</ownDataTypeParameters>
<autoIncrementCycle>false</autoIncrementCycle>
</Column>
</columns>
<indexes itemClass="oracle.dbtools.crest.model.design.relational.Index">
<ind_PK_UK id="BCBD39D8-7AF8-3E02-C50C-D1C50B7920C4" name="TIPO_ATENCION_PK">
<createdBy>renatoaravena</createdBy>
<createdTime>2025-09-16 01:32:12 UTC</createdTime>
<generatorID>401727C8-1E66-95C2-72EF-34B193943755</generatorID>
<ownerDesignName>BASEDATOSSUMATIVA</ownerDesignName>
<pk>true</pk>
<indexState>Primary Constraint</indexState>
<isSurrogateKey>false</isSurrogateKey>
<indexColumnUsage>
<colUsage columnID="C659C13D-E543-0135-AFCD-4EBB3278AA13"/>
</indexColumnUsage>
</ind_PK_UK>
</indexes>
</Table>