<?xml version = '1.0' encoding = 'UTF-8'?>
<Table class="oracle.dbtools.crest.model.design.relational.Table" directorySegmentName="seg_0" id="A5562E4A-59A3-6496-2DFF-4FD038B5F449" name="COMUNA">
<createdBy>renatoaravena</createdBy>
<createdTime>2025-09-16 01:32:12 UTC</createdTime>
<generatorID>401724D8-4B1C-550E-E6DF-0961277C3B98</generatorID>
<ownerDesignName>BASEDATOSSUMATIVA</ownerDesignName>
<allowColumnReorder>false</allowColumnReorder>
<existDependencyGenerateInDDl>true</existDependencyGenerateInDDl>
<parsed>true</parsed>
<columns itemClass="oracle.dbtools.crest.model.design.relational.Column">
<Column name="id_comuna" id="F056352F-9C5F-9267-1ECF-CD7E04A5E77D">
<createdBy>renatoaravena</createdBy>
<createdTime>2025-09-16 01:32:12 UTC</createdTime>
<generatorID>6115C625-09BC-B8A6-A458-C75A2A83B552</generatorID>
<ownerDesignName>BASEDATOSSUMATIVA</ownerDesignName>
<useDomainConstraints>false</useDomainConstraints>
<use>1</use>
<logicalDatatype>LOGDT019</logicalDatatype>
<ownDataTypeParameters>,,</ownDataTypeParameters>
<autoIncrementCycle>false</autoIncrementCycle>
</Column>
<Column name="nombre_comuna" id="8DD2383B-A783-DCA4-4BA6-38BB9A00D2E2">
<createdBy>renatoaravena</createdBy>
<createdTime>2025-09-16 01:32:12 UTC</createdTime>
<generatorID>5FC2C1B1-B988-583E-E216-30FC1344F07E</generatorID>
<ownerDesignName>BASEDATOSSUMATIVA</ownerDesignName>
<useDomainConstraints>false</useDomainConstraints>
<use>1</use>
<logicalDatatype>LOGDT024</logicalDatatype>
<ownDataTypeParameters>,,</ownDataTypeParameters>
<autoIncrementCycle>false</autoIncrementCycle>
</Column>
<Column name="REGION_id_region" id="742DD582-8D4E-BB98-9E9B-4EE889735733">
<createdBy>renatoaravena</createdBy>
<createdTime>2025-09-16 01:32:12 UTC</createdTime>
<generatorID>DFF3CD84-68AC-5B3A-2071-AD165B05A4EC</generatorID>
<ownerDesignName>BASEDATOSSUMATIVA</ownerDesignName>
<useDomainConstraints>false</useDomainConstraints>
<use>1</use>
<logicalDatatype>LOGDT019</logicalDatatype>
<ownDataTypeParameters>,,</ownDataTypeParameters>
<previousColumn>false</previousColumn>
<autoIncrementCycle>false</autoIncrementCycle>
<associations>
<colAssociation fkAssociation="0838DA84-19A7-0FCD-DF4C-F67E3C5972AE" referredColumn="23CF15A3-FC6B-6B82-8B72-E3F87EE2613D"/>
</associations>
</Column>
</columns>
<indexes itemClass="oracle.dbtools.crest.model.design.relational.Index">
<ind_PK_UK id="A35B9D2E-2A74-B6E3-40BA-2DE5EBB94308" name="COMUNA_PK">
<createdBy>renatoaravena</createdBy>
<createdTime>2025-09-16 01:32:12 UTC</createdTime>
<generatorID>4EF1964E-09E3-2CF2-1F39-37D4E2D2408B</generatorID>
<ownerDesignName>BASEDATOSSUMATIVA</ownerDesignName>
<pk>true</pk>
<indexState>Primary Constraint</indexState>
<isSurrogateKey>false</isSurrogateKey>
<indexColumnUsage>
<colUsage columnID="F056352F-9C5F-9267-1ECF-CD7E04A5E77D"/>
</indexColumnUsage>
</ind_PK_UK>
<ind_PK_UK id="CB28E5FA-4727-D32F-3A53-1C066263E4A7" name="COMUNA_REGION_FK">
<createdBy>renatoaravena</createdBy>
<createdTime>2025-09-16 01:32:12 UTC</createdTime>
<generatorID>B4E1E9CE-B11E-C939-85B0-B0F82C867298</generatorID>
<ownerDesignName>BASEDATOSSUMATIVA</ownerDesignName>
<indexState>Foreign Key</indexState>
<isSurrogateKey>false</isSurrogateKey>
<indexColumnUsage>
<colUsage columnID="742DD582-8D4E-BB98-9E9B-4EE889735733"/>
</indexColumnUsage>
</ind_PK_UK>
</indexes>
</Table>