<?xml version = '1.0' encoding = 'UTF-8'?>
<relationalModel class="oracle.dbtools.crest.model.design.relational.RelationalDesign" name="Relational_1" id="4BB2E06E-728F-1164-A3E1-32FA0911BEC4" mainViewID="C6E02075-383F-3040-835D-7047811F29AF">
<createdBy>renatoaravena</createdBy>
<createdTime>2025-08-19 02:01:40 UTC</createdTime>
<ownerDesignName>Entrega1BaseDeDatos</ownerDesignName>
<shouldBeOpen>false</shouldBeOpen>
<selectedRDBMSSite>32076570-2523-435C-2E92-BF29817DFF70</selectedRDBMSSite>
</relationalModel>