<?xml version = '1.0' encoding = 'UTF-8'?>
<Relation class="oracle.dbtools.crest.model.design.logical.Relation" name="Relation_13" directorySegmentName="seg_0" id="174A54CA-8F44-1F12-1AC2-132DE1AB321B">
<createdBy>renatoaravena</createdBy>
<createdTime>2025-09-16 01:12:47 UTC</createdTime>
<ownerDesignName>BASEDATOSSUMATIVA</ownerDesignName>
<engineerTo>
<item key="505E659E-3BDC-9FF4-68A8-FFBEE7EA92F6" value="true"/>
</engineerTo>
<sourcePk>D4E6DD04-6BBB-DAB0-2A99-3BAC5A4A6237</sourcePk>
<identifying>false</identifying>
<optionalSource>true</optionalSource>
<optionalTarget>false</optionalTarget>
<sourceCardinality>1</sourceCardinality>
<sourceEntity>D1FD576E-3A49-4857-09C6-1E267F671B5B</sourceEntity>
<targetCardinalityString>*</targetCardinalityString>
<targetEntity>9892548B-C9C4-102F-DE6A-5294F737EBFA</targetEntity>
<transferable>true</transferable>
<deleteRule>NO ACTION</deleteRule>
</Relation>