<?xml version = '1.0' encoding = 'UTF-8'?>
<Relation class="oracle.dbtools.crest.model.design.logical.Relation" name="Relation_6" directorySegmentName="seg_0" id="18E902AB-0F03-3253-DFFD-5CC4E1016D5E">
<createdBy>renatoaravena</createdBy>
<createdTime>2025-09-16 01:11:15 UTC</createdTime>
<ownerDesignName>BASEDATOSSUMATIVA</ownerDesignName>
<engineerTo>
<item key="505E659E-3BDC-9FF4-68A8-FFBEE7EA92F6" value="true"/>
</engineerTo>
<sourcePk>9E1A3A91-2A83-53E8-E9EA-A35BD5302DB7</sourcePk>
<identifying>false</identifying>
<optionalSource>true</optionalSource>
<optionalTarget>false</optionalTarget>
<sourceCardinality>1</sourceCardinality>
<sourceEntity>9892548B-C9C4-102F-DE6A-5294F737EBFA</sourceEntity>
<targetCardinalityString>*</targetCardinalityString>
<targetEntity>DBB6C72F-3584-4B52-D724-764762EACC47</targetEntity>
<transferable>true</transferable>
<deleteRule>NO ACTION</deleteRule>
</Relation>