<?xml version = '1.0' encoding = 'UTF-8'?>
<Relation class="oracle.dbtools.crest.model.design.logical.Relation" name="Relation_18" directorySegmentName="seg_0" id="20ED27D5-CAC8-4DB5-C73B-D03BC0837D6D">
<createdBy>renatoaravena</createdBy>
<createdTime>2025-09-16 01:29:01 UTC</createdTime>
<ownerDesignName>BASEDATOSSUMATIVA</ownerDesignName>
<engineerTo>
<item key="505E659E-3BDC-9FF4-68A8-FFBEE7EA92F6" value="true"/>
</engineerTo>
<sourcePk>DB257D09-9719-64C9-6C2A-55DDCBA94E4D</sourcePk>
<identifying>false</identifying>
<optionalSource>true</optionalSource>
<optionalTarget>false</optionalTarget>
<sourceCardinality>1</sourceCardinality>
<sourceEntity>BBA5D072-15AF-6824-DBF7-AF2FDDB70C69</sourceEntity>
<targetCardinalityString>*</targetCardinalityString>
<targetEntity>DBCEA5A3-DE01-7E94-B295-C3BF69F2FA9C</targetEntity>
<transferable>true</transferable>
<deleteRule>NO ACTION</deleteRule>
</Relation>