<?xml version = '1.0' encoding = 'UTF-8'?>
<Relation class="oracle.dbtools.crest.model.design.logical.Relation" name="Relation_16" directorySegmentName="seg_0" id="44A27CDF-6207-FFA3-4084-C7AA7907BEBB">
<createdBy>renatoaravena</createdBy>
<createdTime>2025-09-16 01:28:08 UTC</createdTime>
<ownerDesignName>BASEDATOSSUMATIVA</ownerDesignName>
<engineerTo>
<item key="505E659E-3BDC-9FF4-68A8-FFBEE7EA92F6" value="true"/>
</engineerTo>
<sourcePk>401727C8-1E66-95C2-72EF-34B193943755</sourcePk>
<identifying>false</identifying>
<optionalSource>true</optionalSource>
<optionalTarget>false</optionalTarget>
<sourceCardinality>1</sourceCardinality>
<sourceEntity>483740BC-ADF8-8DB4-BAB6-94A32B9580CC</sourceEntity>
<targetCardinalityString>*</targetCardinalityString>
<targetEntity>DBB6C72F-3584-4B52-D724-764762EACC47</targetEntity>
<transferable>true</transferable>
<deleteRule>NO ACTION</deleteRule>
</Relation>