<?xml version = '1.0' encoding = 'UTF-8'?>
<Relation class="oracle.dbtools.crest.model.design.logical.Relation" name="Relation_5" directorySegmentName="seg_0" id="66E784A2-CA89-77BC-0477-A518D567EFA4">
<createdBy>renatoaravena</createdBy>
<createdTime>2025-09-16 01:08:01 UTC</createdTime>
<ownerDesignName>BASEDATOSSUMATIVA</ownerDesignName>
<engineerTo>
<item key="505E659E-3BDC-9FF4-68A8-FFBEE7EA92F6" value="true"/>
</engineerTo>
<sourcePk>11CA59E5-851B-4419-328C-39B2D466A2DC</sourcePk>
<identifying>false</identifying>
<optionalSource>true</optionalSource>
<optionalTarget>false</optionalTarget>
<sourceCardinality>1</sourceCardinality>
<sourceEntity>5D83DE59-0590-1BEA-EFD2-A72011728617</sourceEntity>
<targetCardinalityString>*</targetCardinalityString>
<targetEntity>DBB6C72F-3584-4B52-D724-764762EACC47</targetEntity>
<transferable>true</transferable>
<deleteRule>NO ACTION</deleteRule>
</Relation>