<?xml version = '1.0' encoding = 'UTF-8'?>
<Relation class="oracle.dbtools.crest.model.design.logical.Relation" name="Relation_17" directorySegmentName="seg_0" id="8F6ED8C2-C089-15FB-0765-BC996C233B4B">
<createdBy>renatoaravena</createdBy>
<createdTime>2025-09-16 01:28:32 UTC</createdTime>
<ownerDesignName>BASEDATOSSUMATIVA</ownerDesignName>
<engineerTo>
<item key="505E659E-3BDC-9FF4-68A8-FFBEE7EA92F6" value="true"/>
</engineerTo>
<sourcePk>D625A9A4-B25B-21A6-F136-1C0679AED0D8</sourcePk>
<identifying>false</identifying>
<optionalSource>true</optionalSource>
<optionalTarget>false</optionalTarget>
<sourceCardinality>1</sourceCardinality>
<sourceEntity>7D0804E3-E6CE-4273-02CE-E6C8FCABFC58</sourceEntity>
<targetCardinalityString>*</targetCardinalityString>
<targetEntity>DBB6C72F-3584-4B52-D724-764762EACC47</targetEntity>
<transferable>true</transferable>
<deleteRule>NO ACTION</deleteRule>
</Relation>