<?xml version = '1.0' encoding = 'UTF-8'?>
<Relation class="oracle.dbtools.crest.model.design.logical.Relation" name="Relation_15" directorySegmentName="seg_0" id="A0FD4128-4D79-781C-580B-1BBEBFF7E58B">
<createdBy>renatoaravena</createdBy>
<createdTime>2025-09-16 01:27:17 UTC</createdTime>
<ownerDesignName>BASEDATOSSUMATIVA</ownerDesignName>
<engineerTo>
<item key="505E659E-3BDC-9FF4-68A8-FFBEE7EA92F6" value="true"/>
</engineerTo>
<targetPk>9E1A3A91-2A83-53E8-E9EA-A35BD5302DB7</targetPk>
<identifying>false</identifying>
<optionalSource>true</optionalSource>
<optionalTarget>false</optionalTarget>
<sourceCardinality>1</sourceCardinality>
<sourceEntity>9892548B-C9C4-102F-DE6A-5294F737EBFA</sourceEntity>
<targetCardinalityString>*</targetCardinalityString>
<targetEntity>9892548B-C9C4-102F-DE6A-5294F737EBFA</targetEntity>
<transferable>true</transferable>
<deleteRule>NO ACTION</deleteRule>
</Relation>