<?xml version = '1.0' encoding = 'UTF-8'?>
<Relation class="oracle.dbtools.crest.model.design.logical.Relation" name="Relation_12" directorySegmentName="seg_0" id="AABEEEDB-4D87-D7F0-117D-7451394EB970">
<createdBy>renatoaravena</createdBy>
<createdTime>2025-09-16 01:12:41 UTC</createdTime>
<ownerDesignName>BASEDATOSSUMATIVA</ownerDesignName>
<engineerTo>
<item key="505E659E-3BDC-9FF4-68A8-FFBEE7EA92F6" value="true"/>
</engineerTo>
<sourcePk>01B36A79-6A48-1712-65B5-1B9F4D23DB40</sourcePk>
<identifying>false</identifying>
<optionalSource>true</optionalSource>
<optionalTarget>false</optionalTarget>
<sourceCardinality>1</sourceCardinality>
<sourceEntity>D0D8854F-A32D-4D9A-4503-9458223BECFC</sourceEntity>
<targetCardinalityString>*</targetCardinalityString>
<targetEntity>9892548B-C9C4-102F-DE6A-5294F737EBFA</targetEntity>
<transferable>true</transferable>
<deleteRule>NO ACTION</deleteRule>
</Relation>