<?xml version = '1.0' encoding = 'UTF-8'?>
<Relation class="oracle.dbtools.crest.model.design.logical.Relation" name="Relation_10" directorySegmentName="seg_0" id="B4E1E9CE-B11E-C939-85B0-B0F82C867298">
<createdBy>renatoaravena</createdBy>
<createdTime>2025-09-16 01:12:15 UTC</createdTime>
<ownerDesignName>BASEDATOSSUMATIVA</ownerDesignName>
<engineerTo>
<item key="505E659E-3BDC-9FF4-68A8-FFBEE7EA92F6" value="true"/>
</engineerTo>
<sourcePk>65E75763-C7BB-FA65-D8E2-7F58C6EE6C5A</sourcePk>
<identifying>false</identifying>
<optionalSource>true</optionalSource>
<optionalTarget>false</optionalTarget>
<sourceCardinality>1</sourceCardinality>
<sourceEntity>E9A07635-2477-D141-4F81-42F943EA46AB</sourceEntity>
<targetCardinalityString>*</targetCardinalityString>
<targetEntity>401724D8-4B1C-550E-E6DF-0961277C3B98</targetEntity>
<transferable>true</transferable>
<deleteRule>NO ACTION</deleteRule>
</Relation>