<?xml version = '1.0' encoding = 'UTF-8'?>
<Relation class="oracle.dbtools.crest.model.design.logical.Relation" name="Relation_9" directorySegmentName="seg_0" id="BFE04A77-5214-3F7D-229F-8D05EEF09F9F">
<createdBy>renatoaravena</createdBy>
<createdTime>2025-09-16 01:12:05 UTC</createdTime>
<ownerDesignName>BASEDATOSSUMATIVA</ownerDesignName>
<engineerTo>
<item key="505E659E-3BDC-9FF4-68A8-FFBEE7EA92F6" value="true"/>
</engineerTo>
<sourcePk>4EF1964E-09E3-2CF2-1F39-37D4E2D2408B</sourcePk>
<identifying>false</identifying>
<optionalSource>true</optionalSource>
<optionalTarget>false</optionalTarget>
<sourceCardinality>1</sourceCardinality>
<sourceEntity>401724D8-4B1C-550E-E6DF-0961277C3B98</sourceEntity>
<targetCardinalityString>*</targetCardinalityString>
<targetEntity>5D83DE59-0590-1BEA-EFD2-A72011728617</targetEntity>
<transferable>true</transferable>
<deleteRule>NO ACTION</deleteRule>
</Relation>