<?xml version = '1.0' encoding = 'UTF-8'?>
<Relation class="oracle.dbtools.crest.model.design.logical.Relation" name="Relation_11" directorySegmentName="seg_0" id="DF2B04D6-0409-14F2-598D-B7D2F2FCDB21">
<createdBy>renatoaravena</createdBy>
<createdTime>2025-09-16 01:12:34 UTC</createdTime>
<ownerDesignName>BASEDATOSSUMATIVA</ownerDesignName>
<engineerTo>
<item key="505E659E-3BDC-9FF4-68A8-FFBEE7EA92F6" value="true"/>
</engineerTo>
<sourcePk>D625A9A4-B25B-21A6-F136-1C0679AED0D8</sourcePk>
<identifying>false</identifying>
<optionalSource>true</optionalSource>
<optionalTarget>false</optionalTarget>
<sourceCardinality>1</sourceCardinality>
<sourceEntity>7D0804E3-E6CE-4273-02CE-E6C8FCABFC58</sourceEntity>
<targetCardinalityString>*</targetCardinalityString>
<targetEntity>9892548B-C9C4-102F-DE6A-5294F737EBFA</targetEntity>
<transferable>true</transferable>
<deleteRule>NO ACTION</deleteRule>
</Relation>