<?xml version = '1.0' encoding = 'UTF-8'?>
<Relation class="oracle.dbtools.crest.model.design.logical.Relation" name="Relation_8" directorySegmentName="seg_0" id="E16823FD-C9F7-C1BF-7946-21832616CC6C">
<createdBy>renatoaravena</createdBy>
<createdTime>2025-09-16 01:11:46 UTC</createdTime>
<ownerDesignName>BASEDATOSSUMATIVA</ownerDesignName>
<engineerTo>
<item key="505E659E-3BDC-9FF4-68A8-FFBEE7EA92F6" value="true"/>
</engineerTo>
<sourcePk>F762B2F0-CB1F-D34C-F309-BB934D54E658</sourcePk>
<identifying>false</identifying>
<optionalSource>true</optionalSource>
<optionalTarget>false</optionalTarget>
<sourceCardinality>1</sourceCardinality>
<sourceEntity>DBB6C72F-3584-4B52-D724-764762EACC47</sourceEntity>
<targetCardinalityString>1</targetCardinalityString>
<targetEntity>DBCEA5A3-DE01-7E94-B295-C3BF69F2FA9C</targetEntity>
<transferable>true</transferable>
<deleteRule>NO ACTION</deleteRule>
</Relation>