<?xml version = '1.0' encoding = 'UTF-8'?>
<Diagram class="oracle.dbtools.crest.swingui.relational.DPVRelational" name="Relational_1" id="E8C4C11A-59B3-BABE-293F-0D8066F6A04E">
<createdBy>renatoaravena</createdBy>
<modifiedBy>renatoaravena</modifiedBy>
<createdTime>2025-09-16 01:32:12 UTC</createdTime>
<autoRoute>false</autoRoute>
<boxInbox>true</boxInbox>
<showLegend>false</showLegend>
<showLabels>false</showLabels>
<showRelAttributes>false</showRelAttributes>
<gridEnabled>false</gridEnabled>
<showGrid>false</showGrid>
<diagramColor>-1</diagramColor>
<display>false</display>
<notation>1</notation>
<objectViews>
<OView class="oracle.dbtools.crest.swingui.relational.TVTable" oid="00E3D400-4630-4AAB-33A0-1F8C2E5A6498" otype="Table" vid="B4B687EC-B796-C05A-464E-854D22700E4B">
<hideElementsInCurrentOnly>false</hideElementsInCurrentOnly>
<bounds x="729" y="309" width="219" height="189"/>
</OView>
<OView class="oracle.dbtools.crest.swingui.relational.TVTable" oid="03DDF71A-6599-DA91-189F-45786539D0A6" otype="Table" vid="300294EB-CACE-7471-8B41-68DD620EDB62">
<hideElementsInCurrentOnly>false</hideElementsInCurrentOnly>
<bounds x="143" y="389" width="349" height="224"/>
</OView>
<OView class="oracle.dbtools.crest.swingui.relational.TVTable" oid="13826FE7-3DA8-09E5-1C2E-D9F1DD070D63" otype="Table" vid="9D12492F-8BFD-76DA-4453-21C70A408D96">
<hideElementsInCurrentOnly>false</hideElementsInCurrentOnly>
<bounds x="875" y="574" width="195" height="197"/>
</OView>
<OView class="oracle.dbtools.crest.swingui.relational.TVTable" oid="24C1A4ED-930F-7059-BB42-6E9950D663CC" otype="Table" vid="1C161BD0-AD98-F2FA-962C-646D7BCD7238">
<hideElementsInCurrentOnly>false</hideElementsInCurrentOnly>
<bounds x="31" y="690" width="185" height="196"/>
</OView>
<OView class="oracle.dbtools.crest.swingui.relational.TVTable" oid="2B804929-B9C5-1CCC-A48E-7DA3710B2D9A" otype="Table" vid="AB4E7843-C69A-A7D8-B4A1-CCC1A617F7E1">
<hideElementsInCurrentOnly>false</hideElementsInCurrentOnly>
<bounds x="999" y="64" width="192" height="116"/>
</OView>
<OView class="oracle.dbtools.crest.swingui.relational.TVTable" oid="6016AB51-DEA5-BE4A-462D-B7A3B5E166A8" otype="Table" vid="1826797A-8F08-06DD-AB62-576043F45532">
<hideElementsInCurrentOnly>false</hideElementsInCurrentOnly>
<bounds x="366" y="53" width="259" height="203"/>
</OView>
<OView class="oracle.dbtools.crest.swingui.relational.TVTable" oid="6D3EB86B-CADD-9EF4-4A63-FB4DC12A3E57" otype="Table" vid="64EBC493-E841-C00C-D126-11448EC043D5">
<hideElementsInCurrentOnly>false</hideElementsInCurrentOnly>
<bounds x="698" y="39" width="169" height="185"/>
</OView>
<OView class="oracle.dbtools.crest.swingui.relational.TVTable" oid="75BED72A-0E38-EE2A-609F-EF46AAECC05E" otype="Table" vid="F0BF7D53-1904-9CEB-4126-C9FC196EFA30">
<hideElementsInCurrentOnly>false</hideElementsInCurrentOnly>
<bounds x="32" y="50" width="210" height="176"/>
</OView>
<OView class="oracle.dbtools.crest.swingui.relational.TVTable" oid="9F9E6511-7C90-8948-42E6-71C506E9687E" otype="Table" vid="361DBC38-F29F-0710-5960-19486890D55A">
<hideElementsInCurrentOnly>false</hideElementsInCurrentOnly>
<bounds x="578" y="681" width="188" height="189"/>
</OView>
<OView class="oracle.dbtools.crest.swingui.relational.TVTable" oid="A5562E4A-59A3-6496-2DFF-4FD038B5F449" otype="Table" vid="5193C93E-439A-F22A-5BBB-B70F2B85D3B2">
<hideElementsInCurrentOnly>false</hideElementsInCurrentOnly>
<bounds x="1013" y="327" width="201" height="129"/>
</OView>
<OView class="oracle.dbtools.crest.swingui.relational.TVTable" oid="EF917B5B-F218-86C0-A9FD-66C7D31D1CD2" otype="Table" vid="F8143692-15F4-AA16-2A75-9F4A8BCA5613">
<hideElementsInCurrentOnly>false</hideElementsInCurrentOnly>
<bounds x="289" y="692" width="184" height="192"/>
</OView>
</objectViews>
<connectors>
<Connector class="oracle.dbtools.crest.swingui.relational.TVFKRelation" oid="0838DA84-19A7-0FCD-DF4C-F67E3C5972AE" otype="FKIndexAssociation" vid_source="AB4E7843-C69A-A7D8-B4A1-CCC1A617F7E1" vid_target="5193C93E-439A-F22A-5BBB-B70F2B85D3B2">
<hideElementsInCurrentOnly>false</hideElementsInCurrentOnly>
<backgroundColor>-16777216</backgroundColor>
<lineWidth>1</lineWidth>
<points>
<point x="1102" y="180"/>
<point x="1102" y="327"/>
</points>
</Connector>
<Connector class="oracle.dbtools.crest.swingui.relational.TVFKRelation" oid="123395B3-C026-5C43-1AAC-2D30530C2EB3" otype="FKIndexAssociation" vid_source="F8143692-15F4-AA16-2A75-9F4A8BCA5613" vid_target="300294EB-CACE-7471-8B41-68DD620EDB62">
<hideElementsInCurrentOnly>false</hideElementsInCurrentOnly>
<backgroundColor>-16777216</backgroundColor>
<lineWidth>1</lineWidth>
<points>
<point x="396" y="692"/>
<point x="396" y="613"/>
</points>
</Connector>
<Connector class="oracle.dbtools.crest.swingui.relational.TVFKRelation" oid="3786DD42-34F9-7B19-E161-3AA045D3AC91" otype="FKIndexAssociation" vid_source="9D12492F-8BFD-76DA-4453-21C70A408D96" vid_target="B4B687EC-B796-C05A-464E-854D22700E4B">
<hideElementsInCurrentOnly>false</hideElementsInCurrentOnly>
<backgroundColor>-16777216</backgroundColor>
<lineWidth>1</lineWidth>
<points>
<point x="911" y="574"/>
<point x="911" y="498"/>
</points>
</Connector>
<Connector class="oracle.dbtools.crest.swingui.relational.TVFKRelation" oid="43188D23-EB23-6E8A-2735-B24FFF09C146" otype="FKIndexAssociation" vid_source="300294EB-CACE-7471-8B41-68DD620EDB62" vid_target="300294EB-CACE-7471-8B41-68DD620EDB62">
<hideElementsInCurrentOnly>false</hideElementsInCurrentOnly>
<backgroundColor>-16777216</backgroundColor>
<lineWidth>1</lineWidth>
<points>
<point x="143" y="511"/>
<point x="76" y="511"/>
<point x="75" y="328"/>
<point x="206" y="326"/>
<point x="206" y="389"/>
</points>
</Connector>
<Connector class="oracle.dbtools.crest.swingui.relational.TVFKRelation" oid="5509AFF2-20B6-D584-A95B-AC022F187150" otype="FKIndexAssociation" vid_source="F0BF7D53-1904-9CEB-4126-C9FC196EFA30" vid_target="1826797A-8F08-06DD-AB62-576043F45532">
<hideElementsInCurrentOnly>false</hideElementsInCurrentOnly>
<backgroundColor>-16777216</backgroundColor>
<lineWidth>1</lineWidth>
<points>
<point x="242" y="154"/>
<point x="366" y="154"/>
</points>
</Connector>
<Connector class="oracle.dbtools.crest.swingui.relational.TVFKRelation" oid="870CE953-66BB-459B-1C7E-1D86365A9AFD" otype="FKIndexAssociation" vid_source="361DBC38-F29F-0710-5960-19486890D55A" vid_target="1826797A-8F08-06DD-AB62-576043F45532">
<hideElementsInCurrentOnly>false</hideElementsInCurrentOnly>
<backgroundColor>-16777216</backgroundColor>
<lineWidth>1</lineWidth>
<points>
<point x="601" y="681"/>
<point x="601" y="256"/>
</points>
</Connector>
<Connector class="oracle.dbtools.crest.swingui.relational.TVFKRelation" oid="B041D4F9-9B38-8781-6689-15A07A6EB787" otype="FKIndexAssociation" vid_source="1C161BD0-AD98-F2FA-962C-646D7BCD7238" vid_target="300294EB-CACE-7471-8B41-68DD620EDB62">
<hideElementsInCurrentOnly>false</hideElementsInCurrentOnly>
<backgroundColor>-16777216</backgroundColor>
<lineWidth>1</lineWidth>
<points>
<point x="179" y="690"/>
<point x="179" y="613"/>
</points>
</Connector>
<Connector class="oracle.dbtools.crest.swingui.relational.TVFKRelation" oid="B9CC11A7-DBA7-DF80-2C6C-C95B5A874222" otype="FKIndexAssociation" vid_source="1826797A-8F08-06DD-AB62-576043F45532" vid_target="B4B687EC-B796-C05A-464E-854D22700E4B">
<hideElementsInCurrentOnly>false</hideElementsInCurrentOnly>
<backgroundColor>-16777216</backgroundColor>
<lineWidth>1</lineWidth>
<points>
<point x="625" y="248"/>
<point x="729" y="324"/>
</points>
</Connector>
<Connector class="oracle.dbtools.crest.swingui.relational.TVFKRelation" oid="BEAD5B5C-8D93-1037-805F-489E2B36A47D" otype="FKIndexAssociation" vid_source="361DBC38-F29F-0710-5960-19486890D55A" vid_target="300294EB-CACE-7471-8B41-68DD620EDB62">
<hideElementsInCurrentOnly>false</hideElementsInCurrentOnly>
<backgroundColor>-16777216</backgroundColor>
<lineWidth>1</lineWidth>
<points>
<point x="578" y="702"/>
<point x="462" y="613"/>
</points>
</Connector>
<Connector class="oracle.dbtools.crest.swingui.relational.TVFKRelation" oid="DF11EB9A-C236-9452-DC28-2EB743D46369" otype="FKIndexAssociation" vid_source="300294EB-CACE-7471-8B41-68DD620EDB62" vid_target="1826797A-8F08-06DD-AB62-576043F45532">
<hideElementsInCurrentOnly>false</hideElementsInCurrentOnly>
<backgroundColor>-16777216</backgroundColor>
<lineWidth>1</lineWidth>
<points>
<point x="429" y="389"/>
<point x="429" y="256"/>
</points>
</Connector>
<Connector class="oracle.dbtools.crest.swingui.relational.TVFKRelation" oid="EAB3EA61-CE3D-E4E9-90FD-0A3B4F94CD9E" otype="FKIndexAssociation" vid_source="5193C93E-439A-F22A-5BBB-B70F2B85D3B2" vid_target="64EBC493-E841-C00C-D126-11448EC043D5">
<hideElementsInCurrentOnly>false</hideElementsInCurrentOnly>
<backgroundColor>-16777216</backgroundColor>
<lineWidth>1</lineWidth>
<points>
<point x="1031" y="327"/>
<point x="867" y="197"/>
</points>
</Connector>
<Connector class="oracle.dbtools.crest.swingui.relational.TVFKRelation" oid="F324EC85-A82F-0EE0-614E-F13851E0BA44" otype="FKIndexAssociation" vid_source="64EBC493-E841-C00C-D126-11448EC043D5" vid_target="1826797A-8F08-06DD-AB62-576043F45532">
<hideElementsInCurrentOnly>false</hideElementsInCurrentOnly>
<backgroundColor>-16777216</backgroundColor>
<lineWidth>1</lineWidth>
<points>
<point x="698" y="153"/>
<point x="625" y="153"/>
</points>
</Connector>
</connectors>
</Diagram>