<?xml version = '1.0' encoding = 'UTF-8'?>
<Diagram class="oracle.dbtools.crest.swingui.logical.DPVLogical" name="Logical" id="983C8CD8-79D5-F985-85DF-8EDA074F9633">
<createdBy>renatoaravena</createdBy>
<modifiedBy>renatoaravena</modifiedBy>
<createdTime>2025-09-02 01:23:35 UTC</createdTime>
<autoRoute>false</autoRoute>
<boxInbox>true</boxInbox>
<showLegend>false</showLegend>
<showLabels>false</showLabels>
<showRelAttributes>false</showRelAttributes>
<gridEnabled>false</gridEnabled>
<showGrid>false</showGrid>
<diagramColor>-1</diagramColor>
<display>false</display>
<notation>0</notation>
<objectViews>
<OView class="oracle.dbtools.crest.swingui.logical.TVEntity" oid="092A1DF8-D25B-3952-BD22-D7B30EABF4A2" otype="Entity" vid="7B3616B2-0B59-1EAA-AFA0-6790F0E35CE6">
<hideElementsInCurrentOnly>false</hideElementsInCurrentOnly>
<bounds x="1741" y="734" width="372" height="200"/>
</OView>
<OView class="oracle.dbtools.crest.swingui.logical.TVEntity" oid="1855CA79-C41F-21FE-7971-680D9796E730" otype="Entity" vid="B82DDF7B-E90D-F438-748A-F2C708E6A0CD">
<hideElementsInCurrentOnly>false</hideElementsInCurrentOnly>
<bounds x="1745" y="631" width="153" height="47"/>
</OView>
<OView class="oracle.dbtools.crest.swingui.logical.TVEntity" oid="18BF8C81-4A2E-54C9-E6B2-4A35B5C46BC8" otype="Entity" vid="805D674C-6F1A-1995-E2A3-3390BE97C10A">
<hideElementsInCurrentOnly>false</hideElementsInCurrentOnly>
<bounds x="1603" y="470" width="608" height="474"/>
</OView>
<OView class="oracle.dbtools.crest.swingui.logical.TVEntity" oid="2F6C5A8D-A6D7-7579-3D97-90C6D927B043" otype="Entity" vid="2EF8E505-87A6-B19D-27A8-8D24C7F56654">
<hideElementsInCurrentOnly>false</hideElementsInCurrentOnly>
<bounds x="1750" y="558" width="153" height="48"/>
</OView>
<OView class="oracle.dbtools.crest.swingui.logical.TVEntity" oid="33F7F83A-6BF0-4DCF-5020-FBD3C5C9D04A" otype="Entity" vid="6A133612-8E3A-BCA5-2843-3BE024C9B3E3">
<hideElementsInCurrentOnly>false</hideElementsInCurrentOnly>
<bounds x="1758" y="859" width="189" height="48"/>
</OView>
<OView class="oracle.dbtools.crest.swingui.logical.TVEntity" oid="499393D1-E3C5-C75C-DD07-BDBFEDD15738" otype="Entity" vid="87E2EA11-4ECC-5F74-A8A1-AD628368AB14">
<hideElementsInCurrentOnly>false</hideElementsInCurrentOnly>
<bounds x="1970" y="480" width="173" height="110"/>
</OView>
<OView class="oracle.dbtools.crest.swingui.logical.TVEntity" oid="5EE2F35A-20F8-1E10-B670-FB8A1DB18188" otype="Entity" vid="38940191-5634-E8CF-970C-32E6AD5674AC">
<hideElementsInCurrentOnly>false</hideElementsInCurrentOnly>
<bounds x="1859" y="753" width="190" height="70"/>
</OView>
<OView class="oracle.dbtools.crest.swingui.logical.TVEntity" oid="93ED27D2-CAAB-9CF9-E554-9A264EB2B773" otype="Entity" vid="C1BEE954-ED59-75CC-702E-FACE832C5614">
<hideElementsInCurrentOnly>false</hideElementsInCurrentOnly>
<bounds x="619" y="432" width="383" height="202"/>
</OView>
<OView class="oracle.dbtools.crest.swingui.logical.TVEntity" oid="9AC8AEEB-5F6E-64A5-C17A-3AB8893FFAA8" otype="Entity" vid="4E6A6C8E-7BF3-58FA-8C33-329A103058DA">
<hideElementsInCurrentOnly>false</hideElementsInCurrentOnly>
<bounds x="1071" y="956" width="369" height="195"/>
</OView>
<OView class="oracle.dbtools.crest.swingui.logical.TVEntity" oid="A9F45A88-7516-92A5-100F-B9F486E8760D" otype="Entity" vid="72A71422-E06B-1EAD-045B-DF51D56E3F7B">
<hideElementsInCurrentOnly>false</hideElementsInCurrentOnly>
<bounds x="664" y="93" width="361" height="209"/>
</OView>
<OView class="oracle.dbtools.crest.swingui.logical.TVEntity" oid="CA3B7C0F-74F8-641A-9EEE-8A0B768E01D7" otype="Entity" vid="84E9FA74-AC20-09C0-F118-B8575993E90B">
<hideElementsInCurrentOnly>false</hideElementsInCurrentOnly>
<bounds x="1737" y="507" width="209" height="190"/>
</OView>
<OView class="oracle.dbtools.crest.swingui.logical.TVEntity" oid="D9D8FED7-A001-FB07-44D5-7DC9DD752902" otype="Entity" vid="6617019F-474D-28F9-5C72-0A674C272220">
<hideElementsInCurrentOnly>false</hideElementsInCurrentOnly>
<bounds x="1119" y="92" width="378" height="190"/>
</OView>
<OView class="oracle.dbtools.crest.swingui.logical.TVEntity" oid="DEB707F7-E806-3BCE-2DB0-1F295EF77C2E" otype="Entity" vid="1AD3C9F8-594A-5C07-80C4-82924FCBCD78">
<hideElementsInCurrentOnly>false</hideElementsInCurrentOnly>
<bounds x="615" y="802" width="377" height="214"/>
</OView>
<OView class="oracle.dbtools.crest.swingui.logical.TVEntity" oid="ECD64C2D-67D9-DBAD-6407-CA295DDAAE84" otype="Entity" vid="0D41A0F6-2C5A-9524-5731-D303FDBD13C3">
<hideElementsInCurrentOnly>false</hideElementsInCurrentOnly>
<bounds x="1623" y="97" width="337" height="201"/>
</OView>
</objectViews>
<connectors>
<Connector class="oracle.dbtools.crest.swingui.logical.TVRelation" oid="005DB269-70D3-4A14-4223-74234EA0C756" otype="Relation" vid_source="7B3616B2-0B59-1EAA-AFA0-6790F0E35CE6" vid_target="38940191-5634-E8CF-970C-32E6AD5674AC">
<hideElementsInCurrentOnly>false</hideElementsInCurrentOnly>
<backgroundColor>-16777216</backgroundColor>
<lineWidth>1</lineWidth>
<points>
<point x="2113" y="787"/>
<point x="2049" y="786"/>
</points>
</Connector>
<Connector class="oracle.dbtools.crest.swingui.logical.TVRelation" oid="0DB355A6-CA2B-1890-E073-81B3C812046C" otype="Relation" vid_source="84E9FA74-AC20-09C0-F118-B8575993E90B" vid_target="B82DDF7B-E90D-F438-748A-F2C708E6A0CD">
<hideElementsInCurrentOnly>false</hideElementsInCurrentOnly>
<backgroundColor>-16777216</backgroundColor>
<lineWidth>1</lineWidth>
<points>
<point x="1946" y="655"/>
<point x="1898" y="655"/>
</points>
</Connector>
<Connector class="oracle.dbtools.crest.swingui.logical.TVRelation" oid="159162F2-8E1D-5772-20B3-ED67438C936C" otype="Relation" vid_source="84E9FA74-AC20-09C0-F118-B8575993E90B" vid_target="2EF8E505-87A6-B19D-27A8-8D24C7F56654">
<hideElementsInCurrentOnly>false</hideElementsInCurrentOnly>
<backgroundColor>-16777216</backgroundColor>
<lineWidth>1</lineWidth>
<points>
<point x="1946" y="597"/>
<point x="1750" y="597"/>
</points>
</Connector>
<Connector class="oracle.dbtools.crest.swingui.logical.TVInheritanceRelation" oid="30191ED9-26A4-47EA-0DB4-8848A5A22781" otype="Hierarchy relation" vid_source="805D674C-6F1A-1995-E2A3-3390BE97C10A" vid_target="87E2EA11-4ECC-5F74-A8A1-AD628368AB14">
<hideElementsInCurrentOnly>false</hideElementsInCurrentOnly>
<backgroundColor>-65536</backgroundColor>
<lineWidth>1</lineWidth>
</Connector>
<Connector class="oracle.dbtools.crest.swingui.logical.TVRelation" oid="3F9DBC3E-37A3-20DC-233F-220EF84AA3D1" otype="Relation" vid_source="805D674C-6F1A-1995-E2A3-3390BE97C10A" vid_target="84E9FA74-AC20-09C0-F118-B8575993E90B">
<hideElementsInCurrentOnly>false</hideElementsInCurrentOnly>
<backgroundColor>-16777216</backgroundColor>
<lineWidth>1</lineWidth>
<points>
<point x="2211" y="602"/>
<point x="1737" y="602"/>
</points>
</Connector>
<Connector class="oracle.dbtools.crest.swingui.logical.TVRelation" oid="4B7C9AEB-B90A-E2FC-7694-7F5FB8C19019" otype="Relation" vid_source="805D674C-6F1A-1995-E2A3-3390BE97C10A" vid_target="87E2EA11-4ECC-5F74-A8A1-AD628368AB14">
<hideElementsInCurrentOnly>false</hideElementsInCurrentOnly>
<backgroundColor>-16777216</backgroundColor>
<lineWidth>1</lineWidth>
<points>
<point x="2211" y="535"/>
<point x="2143" y="534"/>
</points>
</Connector>
<Connector class="oracle.dbtools.crest.swingui.logical.TVRelation" oid="4B97EB10-8828-0730-D16D-689051251DBE" otype="Relation" vid_source="6617019F-474D-28F9-5C72-0A674C272220" vid_target="84E9FA74-AC20-09C0-F118-B8575993E90B">
<hideElementsInCurrentOnly>false</hideElementsInCurrentOnly>
<backgroundColor>-16777216</backgroundColor>
<lineWidth>1</lineWidth>
<points>
<point x="1430" y="282"/>
<point x="1737" y="535"/>
</points>
</Connector>
<Connector class="oracle.dbtools.crest.swingui.logical.TVRelation" oid="50DBAAE9-0992-7257-DF75-86D684E933BB" otype="Relation" vid_source="72A71422-E06B-1EAD-045B-DF51D56E3F7B" vid_target="7B3616B2-0B59-1EAA-AFA0-6790F0E35CE6">
<hideElementsInCurrentOnly>false</hideElementsInCurrentOnly>
<backgroundColor>-16777216</backgroundColor>
<lineWidth>1</lineWidth>
<points>
<point x="1022" y="302"/>
<point x="1741" y="837"/>
</points>
</Connector>
<Connector class="oracle.dbtools.crest.swingui.logical.TVInheritanceRelation" oid="6458B49E-7F42-B1C4-7E6E-A3BEC25B6CFE" otype="Hierarchy relation" vid_source="84E9FA74-AC20-09C0-F118-B8575993E90B" vid_target="B82DDF7B-E90D-F438-748A-F2C708E6A0CD">
<hideElementsInCurrentOnly>false</hideElementsInCurrentOnly>
<backgroundColor>-65536</backgroundColor>
<lineWidth>1</lineWidth>
</Connector>
<Connector class="oracle.dbtools.crest.swingui.logical.TVRelation" oid="6573203A-FD7B-F090-8893-FFDBAB02DEC6" otype="Relation" vid_source="84E9FA74-AC20-09C0-F118-B8575993E90B" vid_target="4E6A6C8E-7BF3-58FA-8C33-329A103058DA">
<hideElementsInCurrentOnly>false</hideElementsInCurrentOnly>
<backgroundColor>-16777216</backgroundColor>
<lineWidth>1</lineWidth>
<points>
<point x="1737" y="682"/>
<point x="1382" y="956"/>
</points>
</Connector>
<Connector class="oracle.dbtools.crest.swingui.logical.TVRelation" oid="7411AAEC-CE0F-38D2-703E-BC4CF2B3C1CE" otype="Relation" vid_source="87E2EA11-4ECC-5F74-A8A1-AD628368AB14" vid_target="0D41A0F6-2C5A-9524-5731-D303FDBD13C3">
<hideElementsInCurrentOnly>false</hideElementsInCurrentOnly>
<backgroundColor>-16777216</backgroundColor>
<lineWidth>1</lineWidth>
<points>
<point x="2013" y="480"/>
<point x="1855" y="298"/>
</points>
</Connector>
<Connector class="oracle.dbtools.crest.swingui.logical.TVRelation" oid="903C699C-4383-C781-0A36-F0CBC914E863" otype="Relation" vid_source="38940191-5634-E8CF-970C-32E6AD5674AC" vid_target="38940191-5634-E8CF-970C-32E6AD5674AC">
<hideElementsInCurrentOnly>false</hideElementsInCurrentOnly>
<backgroundColor>-16777216</backgroundColor>
<lineWidth>1</lineWidth>
<points>
<point x="2049" y="794"/>
<point x="2099" y="794"/>
<point x="2099" y="873"/>
<point x="1970" y="873"/>
<point x="1970" y="823"/>
</points>
</Connector>
<Connector class="oracle.dbtools.crest.swingui.logical.TVRelation" oid="9601962A-819F-3923-2EF6-F255195A240D" otype="Relation" vid_source="805D674C-6F1A-1995-E2A3-3390BE97C10A" vid_target="7B3616B2-0B59-1EAA-AFA0-6790F0E35CE6">
<hideElementsInCurrentOnly>false</hideElementsInCurrentOnly>
<backgroundColor>-16777216</backgroundColor>
<lineWidth>1</lineWidth>
<points>
<point x="2211" y="834"/>
<point x="2113" y="833"/>
</points>
</Connector>
<Connector class="oracle.dbtools.crest.swingui.logical.TVInheritanceRelation" oid="AEC88F0C-D923-EC96-2ABD-7301EDC7C5C8" otype="Hierarchy relation" vid_source="805D674C-6F1A-1995-E2A3-3390BE97C10A" vid_target="7B3616B2-0B59-1EAA-AFA0-6790F0E35CE6">
<hideElementsInCurrentOnly>false</hideElementsInCurrentOnly>
<backgroundColor>-65536</backgroundColor>
<lineWidth>1</lineWidth>
</Connector>
<Connector class="oracle.dbtools.crest.swingui.logical.TVRelation" oid="C94E6A46-BDFD-20F0-2A0B-33D129DFCAE3" otype="Relation" vid_source="C1BEE954-ED59-75CC-702E-FACE832C5614" vid_target="84E9FA74-AC20-09C0-F118-B8575993E90B">
<hideElementsInCurrentOnly>false</hideElementsInCurrentOnly>
<backgroundColor>-16777216</backgroundColor>
<lineWidth>1</lineWidth>
<points>
<point x="1002" y="585"/>
<point x="1737" y="585"/>
</points>
</Connector>
<Connector class="oracle.dbtools.crest.swingui.logical.TVInheritanceRelation" oid="CCFCE635-B146-12C9-B9A9-19D07A3207CA" otype="Hierarchy relation" vid_source="805D674C-6F1A-1995-E2A3-3390BE97C10A" vid_target="84E9FA74-AC20-09C0-F118-B8575993E90B">
<hideElementsInCurrentOnly>false</hideElementsInCurrentOnly>
<backgroundColor>-65536</backgroundColor>
<lineWidth>1</lineWidth>
</Connector>
<Connector class="oracle.dbtools.crest.swingui.logical.TVRelation" oid="E0C0F1EA-F8D5-3541-291E-4AAE03EB7F22" otype="Relation" vid_source="C1BEE954-ED59-75CC-702E-FACE832C5614" vid_target="1AD3C9F8-594A-5C07-80C4-82924FCBCD78">
<hideElementsInCurrentOnly>false</hideElementsInCurrentOnly>
<backgroundColor>-16777216</backgroundColor>
<lineWidth>1</lineWidth>
<points>
<point x="805" y="634"/>
<point x="805" y="802"/>
</points>
</Connector>
<Connector class="oracle.dbtools.crest.swingui.logical.TVRelation" oid="E26C2D9A-4531-BDA1-BA0A-C87663000949" otype="Relation" vid_source="84E9FA74-AC20-09C0-F118-B8575993E90B" vid_target="1AD3C9F8-594A-5C07-80C4-82924FCBCD78">
<hideElementsInCurrentOnly>false</hideElementsInCurrentOnly>
<backgroundColor>-16777216</backgroundColor>
<lineWidth>1</lineWidth>
<points>
<point x="1737" y="632"/>
<point x="992" y="853"/>
</points>
</Connector>
<Connector class="oracle.dbtools.crest.swingui.logical.TVInheritanceRelation" oid="E514EFD1-434D-F2E9-74E2-3E3607BE4761" otype="Hierarchy relation" vid_source="84E9FA74-AC20-09C0-F118-B8575993E90B" vid_target="2EF8E505-87A6-B19D-27A8-8D24C7F56654">
<hideElementsInCurrentOnly>false</hideElementsInCurrentOnly>
<backgroundColor>-65536</backgroundColor>
<lineWidth>1</lineWidth>
</Connector>
<Connector class="oracle.dbtools.crest.swingui.logical.TVRelation" oid="E6A7ACC3-6E04-8DF4-F452-E8D5D3E31B9C" otype="Relation" vid_source="72A71422-E06B-1EAD-045B-DF51D56E3F7B" vid_target="C1BEE954-ED59-75CC-702E-FACE832C5614">
<hideElementsInCurrentOnly>false</hideElementsInCurrentOnly>
<backgroundColor>-16777216</backgroundColor>
<lineWidth>1</lineWidth>
<points>
<point x="833" y="302"/>
<point x="833" y="432"/>
</points>
</Connector>
<Connector class="oracle.dbtools.crest.swingui.logical.TVInheritanceRelation" oid="EB8B4521-07ED-4559-727C-560003D629A5" otype="Hierarchy relation" vid_source="7B3616B2-0B59-1EAA-AFA0-6790F0E35CE6" vid_target="38940191-5634-E8CF-970C-32E6AD5674AC">
<hideElementsInCurrentOnly>false</hideElementsInCurrentOnly>
<backgroundColor>-65536</backgroundColor>
<lineWidth>1</lineWidth>
</Connector>
<Connector class="oracle.dbtools.crest.swingui.logical.TVRelation" oid="F12CF415-775E-0A2C-2634-41AD62CBE7C0" otype="Relation" vid_source="7B3616B2-0B59-1EAA-AFA0-6790F0E35CE6" vid_target="6A133612-8E3A-BCA5-2843-3BE024C9B3E3">
<hideElementsInCurrentOnly>false</hideElementsInCurrentOnly>
<backgroundColor>-16777216</backgroundColor>
<lineWidth>1</lineWidth>
<points>
<point x="2113" y="898"/>
<point x="1947" y="898"/>
</points>
</Connector>
<Connector class="oracle.dbtools.crest.swingui.logical.TVInheritanceRelation" oid="F23C877B-2FF2-F187-F17C-505CF42AAACC" otype="Hierarchy relation" vid_source="7B3616B2-0B59-1EAA-AFA0-6790F0E35CE6" vid_target="6A133612-8E3A-BCA5-2843-3BE024C9B3E3">
<hideElementsInCurrentOnly>false</hideElementsInCurrentOnly>
<backgroundColor>-65536</backgroundColor>
<lineWidth>1</lineWidth>
</Connector>
<Connector class="oracle.dbtools.crest.swingui.logical.TVRelation" oid="FA92EC83-96A2-7694-3180-F70706F471D6" otype="Relation" vid_source="0D41A0F6-2C5A-9524-5731-D303FDBD13C3" vid_target="6617019F-474D-28F9-5C72-0A674C272220">
<hideElementsInCurrentOnly>false</hideElementsInCurrentOnly>
<backgroundColor>-16777216</backgroundColor>
<lineWidth>1</lineWidth>
<points>
<point x="1623" y="204"/>
<point x="1497" y="204"/>
</points>
</Connector>
</connectors>
</Diagram>