<?xml version = '1.0' encoding = 'UTF-8'?>
<relationalModel class="oracle.dbtools.crest.model.design.relational.RelationalDesign" name="Relational_1" id="3C180099-B98B-914C-E843-52A2C04C4588" mainViewID="7DA5DF4C-DDC6-2D9E-DBDB-D043478726B4">
<createdBy>renatoaravena</createdBy>
<createdTime>2025-09-02 01:23:11 UTC</createdTime>
<ownerDesignName>Entrega3BaseDeDatos</ownerDesignName>
<shouldBeOpen>false</shouldBeOpen>
<selectedRDBMSSite>32076570-2523-435C-2E92-BF29817DFF70</selectedRDBMSSite>
</relationalModel>