<?xml version = '1.0' encoding = 'UTF-8'?>
<TableProxyOraclev20c class="oracle.dbtools.crest.model.design.storage.oracle.v20c.TableProxyOraclev20c" name="salud" directorySegmentName="seg_0" id="8A187FB7-C2A6-4F50-FAFF-A4B2EF1BCDB4">
<createdBy>renatoaravena</createdBy>
<createdTime>2025-10-13 02:07:10 UTC</createdTime>
<ownerDesignName>BaseDeDatosEFT</ownerDesignName>
<partitionedRowMovement>DISABLE</partitionedRowMovement>
<temporaryChanged>false</temporaryChanged>
<accessDriverType>oracle_loader</accessDriverType>
<rejectLimit></rejectLimit>
<columnProxies itemClass="oracle.dbtools.crest.model.design.storage.oracle.v12c.ColumnProxyOraclev12c">
<ColumnProxy name="nombre_salud" id="2832F96E-574F-94BA-6DE5-B86DA7956D2F">
<createdBy>renatoaravena</createdBy>
<createdTime>2025-10-13 02:07:10 UTC</createdTime>
<ownerDesignName>BaseDeDatosEFT</ownerDesignName>
</ColumnProxy>
<ColumnProxy name="id_salud" id="73E5C025-CA48-2AB5-DD25-DFA451B4769A">
<createdBy>renatoaravena</createdBy>
<createdTime>2025-10-13 02:07:10 UTC</createdTime>
<ownerDesignName>BaseDeDatosEFT</ownerDesignName>
<autoIncrementDDL>IDENTITY_CLAUSE</autoIncrementDDL>
</ColumnProxy>
</columnProxies>
<primaryKeys>
<PrimaryKey class="oracle.dbtools.crest.model.design.storage.oracle.v10g.PKProxyOraclev10g" name="pk_salud" id="892739DF-974F-1CF3-B077-C6C705F614EB">
<createdBy>renatoaravena</createdBy>
<createdTime>2025-10-13 02:07:10 UTC</createdTime>
<ownerDesignName>BaseDeDatosEFT</ownerDesignName>
<indexSort>SORTED</indexSort>
</PrimaryKey>
</primaryKeys>
<uniqueKeys>
<UniqueKey class="oracle.dbtools.crest.model.design.storage.oracle.v10g.UniqueOraclev10g" name="un_salud_nombre" id="761F153C-4BB8-D6E2-FAD6-3100CF6A4796">
<createdBy>renatoaravena</createdBy>
<createdTime>2025-10-13 02:07:10 UTC</createdTime>
<ownerDesignName>BaseDeDatosEFT</ownerDesignName>
<indexSort>SORTED</indexSort>
</UniqueKey>
</uniqueKeys>
</TableProxyOraclev20c>