<?xml version = '1.0' encoding = 'UTF-8'?>
<Table class="oracle.dbtools.crest.model.design.relational.Table" directorySegmentName="seg_0" id="07A8727D-F3D2-FA2A-F35E-DB5CEF639D1D" name="afp">
<sourceDDLFile>MER_E_Cristaleria_Andina.sql</sourceDDLFile>
<createdBy>renatoaravena</createdBy>
<createdTime>2025-10-13 02:07:10 UTC</createdTime>
<ownerDesignName>BaseDeDatosEFT</ownerDesignName>
<allowColumnReorder>false</allowColumnReorder>
<existDependencyGenerateInDDl>true</existDependencyGenerateInDDl>
<parsed>true</parsed>
<columns itemClass="oracle.dbtools.crest.model.design.relational.Column">
<Column name="id_afp" id="A5524B27-A5F0-3680-D15E-CA514FC616B6">
<sourceDDLFile>MER_E_Cristaleria_Andina.sql</sourceDDLFile>
<createdBy>renatoaravena</createdBy>
<createdTime>2025-10-13 02:07:10 UTC</createdTime>
<ownerDesignName>BaseDeDatosEFT</ownerDesignName>
<use>0</use>
<logicalDatatype>LOGDT019</logicalDatatype>
<domain>CA802392-879D-A60E-291F-E07553A3C017</domain>
<ownDataTypeParameters>,,</ownDataTypeParameters>
<autoIncrementColumn>true</autoIncrementColumn>
<identityColumn>true</identityColumn>
<autoIncrementGenerateAlways>true</autoIncrementGenerateAlways>
<autoIncrementCycle>false</autoIncrementCycle>
<autoIncrementOrder>false</autoIncrementOrder>
</Column>
<Column name="nombre_afp" id="AF70ABE4-1514-1A26-A14A-9074CF21559D">
<sourceDDLFile>MER_E_Cristaleria_Andina.sql</sourceDDLFile>
<createdBy>renatoaravena</createdBy>
<createdTime>2025-10-13 02:07:10 UTC</createdTime>
<ownerDesignName>BaseDeDatosEFT</ownerDesignName>
<use>0</use>
<logicalDatatype>LOGDT024</logicalDatatype>
<domain>8E31E435-BE2D-A6AA-4CA2-68B5E8F183CD</domain>
<ownDataTypeParameters>,,</ownDataTypeParameters>
<autoIncrementCycle>false</autoIncrementCycle>
</Column>
</columns>
<indexes itemClass="oracle.dbtools.crest.model.design.relational.Index">
<ind_PK_UK id="6E8F38FB-46AA-30BA-670C-7021805BE8FC" name="pk_afp">
<sourceDDLFile>MER_E_Cristaleria_Andina.sql</sourceDDLFile>
<createdBy>renatoaravena</createdBy>
<createdTime>2025-10-13 02:07:10 UTC</createdTime>
<ownerDesignName>BaseDeDatosEFT</ownerDesignName>
<pk>true</pk>
<indexState>Primary Constraint</indexState>
<isSurrogateKey>false</isSurrogateKey>
<indexColumnUsage>
<colUsage columnID="A5524B27-A5F0-3680-D15E-CA514FC616B6"/>
</indexColumnUsage>
</ind_PK_UK>
<ind_PK_UK id="E4182199-CED7-2C4E-E914-4B042CEB5C26" name="un_afp_nombre">
<sourceDDLFile>MER_E_Cristaleria_Andina.sql</sourceDDLFile>
<createdBy>renatoaravena</createdBy>
<createdTime>2025-10-13 02:07:10 UTC</createdTime>
<ownerDesignName>BaseDeDatosEFT</ownerDesignName>
<indexState>Unique Constraint</indexState>
<isSurrogateKey>false</isSurrogateKey>
<indexColumnUsage>
<colUsage columnID="AF70ABE4-1514-1A26-A14A-9074CF21559D"/>
</indexColumnUsage>
</ind_PK_UK>
</indexes>
</Table>