<?xml version = '1.0' encoding = 'UTF-8'?>
<Diagram class="oracle.dbtools.crest.swingui.relational.DPVRelational" name="Relational_1" id="C6E02075-383F-3040-835D-7047811F29AF">
<createdBy>renatoaravena</createdBy>
<modifiedBy>renatoaravena</modifiedBy>
<createdTime>2025-08-19 02:04:20 UTC</createdTime>
<autoRoute>false</autoRoute>
<boxInbox>true</boxInbox>
<showLegend>false</showLegend>
<showLabels>false</showLabels>
<showRelAttributes>false</showRelAttributes>
<gridEnabled>false</gridEnabled>
<showGrid>false</showGrid>
<diagramColor>-1</diagramColor>
<display>false</display>
<notation>1</notation>
<objectViews>
<OView class="oracle.dbtools.crest.swingui.relational.TVTable" oid="51D5755E-11A1-EF37-7A9E-61670C4F5E27" otype="Table" vid="30CE45F7-6FDC-0E97-122C-CF2CF66B9AB7">
<hideElementsInCurrentOnly>false</hideElementsInCurrentOnly>
<bounds x="859" y="307" width="259" height="152"/>
</OView>
<OView class="oracle.dbtools.crest.swingui.relational.TVTable" oid="9865E28D-40B2-6460-07EC-5E8B5B990076" otype="Table" vid="17633BBB-0CE1-9502-719A-E02F4A1D237F">
<hideElementsInCurrentOnly>false</hideElementsInCurrentOnly>
<bounds x="541" y="304" width="247" height="156"/>
</OView>
<OView class="oracle.dbtools.crest.swingui.relational.TVTable" oid="E41239AE-5445-4472-1E54-6FEAC082EC5A" otype="Table" vid="1FDFBD8D-0464-D5DA-5085-5E88C06541A7">
<hideElementsInCurrentOnly>false</hideElementsInCurrentOnly>
<bounds x="229" y="307" width="247" height="158"/>
</OView>
</objectViews>
</Diagram>