<?xml version = '1.0' encoding = 'UTF-8'?>
<Relation class="oracle.dbtools.crest.model.design.logical.Relation" name="fk_asignacion_turno" directorySegmentName="seg_0" id="1408F12A-98B0-2BF3-0DF9-1095A0A61A5A">
<createdBy>renatoaravena</createdBy>
<createdTime>2025-10-13 02:12:50 UTC</createdTime>
<generatorID>6A8C1815-584C-0129-3E00-8E158BC1D571</generatorID>
<ownerDesignName>BaseDeDatosEFT</ownerDesignName>
<engineerTo>
<item key="D790768E-D2C3-1567-40BC-AC9528424510" value="true"/>
<item key="A6AC035E-4658-4050-F7E2-5456EF39F274" value="true"/>
<item key="42608730-0147-47F1-1A35-C03F0F9D5EA9" value="true"/>
<item key="C7D0942A-9EA4-B3FC-EE99-B1A39958C271" value="true"/>
</engineerTo>
<sourcePk>AC5E7545-FC24-E5B7-A47E-E483AE8D6F7B</sourcePk>
<identifying>false</identifying>
<optionalSource>true</optionalSource>
<optionalTarget>false</optionalTarget>
<sourceCardinality>1</sourceCardinality>
<sourceEntity>2E82139F-0BD2-88A7-B839-CAF17016F17A</sourceEntity>
<targetCardinalityString>*</targetCardinalityString>
<targetEntity>6D8B64A1-B2ED-88B7-E4D4-30C67D2BF9FF</targetEntity>
<transferable>true</transferable>
<deleteRule>NO ACTION</deleteRule>
</Relation>