<?xml version = '1.0' encoding = 'UTF-8'?>
<Relation class="oracle.dbtools.crest.model.design.logical.Relation" name="fk_tecnico_empleadov1" directorySegmentName="seg_0" id="7E7DA1C7-55C7-98A3-2271-819CEE3D0A6F">
<createdBy>renatoaravena</createdBy>
<createdTime>2025-10-13 02:12:50 UTC</createdTime>
<generatorID>7C1B12D9-4F2F-B723-BD21-0C6A2852275D</generatorID>
<ownerDesignName>BaseDeDatosEFT</ownerDesignName>
<engineerTo>
<item key="D790768E-D2C3-1567-40BC-AC9528424510" value="true"/>
<item key="A6AC035E-4658-4050-F7E2-5456EF39F274" value="true"/>
<item key="42608730-0147-47F1-1A35-C03F0F9D5EA9" value="true"/>
<item key="C7D0942A-9EA4-B3FC-EE99-B1A39958C271" value="true"/>
</engineerTo>
<sourcePk>8FBD64E4-F28C-1A4F-74AF-E1F360414A49</sourcePk>
<dominantRole>50C879B4-6117-58FB-2DFB-553567EBAAC5</dominantRole>
<identifying>true</identifying>
<optionalSource>true</optionalSource>
<optionalTarget>false</optionalTarget>
<sourceCardinality>1</sourceCardinality>
<sourceEntity>50C879B4-6117-58FB-2DFB-553567EBAAC5</sourceEntity>
<targetCardinalityString>1</targetCardinalityString>
<targetEntity>61D2362D-912E-AD66-3F57-84C674708C6F</targetEntity>
<transferable>true</transferable>
<deleteRule>NO ACTION</deleteRule>
</Relation>