<?xml version = '1.0' encoding = 'UTF-8'?>
<Relation class="oracle.dbtools.crest.model.design.logical.Relation" name="fk_comuna_region" directorySegmentName="seg_0" id="95C6B50B-0444-5A52-2D67-238E038DEBFD">
<createdBy>renatoaravena</createdBy>
<createdTime>2025-10-13 02:12:50 UTC</createdTime>
<generatorID>D84B72B2-87C9-7B53-68C9-1622425BB0A0</generatorID>
<ownerDesignName>BaseDeDatosEFT</ownerDesignName>
<engineerTo>
<item key="D790768E-D2C3-1567-40BC-AC9528424510" value="true"/>
<item key="A6AC035E-4658-4050-F7E2-5456EF39F274" value="true"/>
<item key="42608730-0147-47F1-1A35-C03F0F9D5EA9" value="true"/>
<item key="C7D0942A-9EA4-B3FC-EE99-B1A39958C271" value="true"/>
</engineerTo>
<sourcePk>FE8F08F4-4713-4FED-1F61-37A0E7E57F3A</sourcePk>
<identifying>false</identifying>
<optionalSource>true</optionalSource>
<optionalTarget>false</optionalTarget>
<sourceCardinality>1</sourceCardinality>
<sourceEntity>C35CFD92-B7AA-67AE-26D9-0012A1B35646</sourceEntity>
<targetCardinalityString>*</targetCardinalityString>
<targetEntity>28AFF4A9-E72C-0408-CBC4-B7E732F6D2E7</targetEntity>
<transferable>true</transferable>
<deleteRule>NO ACTION</deleteRule>
</Relation>