<?xml version = '1.0' encoding = 'UTF-8'?>
<Relation class="oracle.dbtools.crest.model.design.logical.Relation" name="fk_empleado_jefe" directorySegmentName="seg_0" id="E6EA5CE5-63DA-FD6C-92C6-E99728DC2BCC">
<createdBy>renatoaravena</createdBy>
<createdTime>2025-10-13 02:12:50 UTC</createdTime>
<generatorID>C41715F1-3626-8326-1772-FB8976B14432</generatorID>
<ownerDesignName>BaseDeDatosEFT</ownerDesignName>
<engineerTo>
<item key="D790768E-D2C3-1567-40BC-AC9528424510" value="true"/>
<item key="A6AC035E-4658-4050-F7E2-5456EF39F274" value="true"/>
<item key="42608730-0147-47F1-1A35-C03F0F9D5EA9" value="true"/>
<item key="C7D0942A-9EA4-B3FC-EE99-B1A39958C271" value="true"/>
</engineerTo>
<targetPk>8FBD64E4-F28C-1A4F-74AF-E1F360414A49</targetPk>
<identifying>false</identifying>
<optionalSource>true</optionalSource>
<optionalTarget>true</optionalTarget>
<sourceCardinality>1</sourceCardinality>
<sourceEntity>50C879B4-6117-58FB-2DFB-553567EBAAC5</sourceEntity>
<targetCardinalityString>*</targetCardinalityString>
<targetEntity>50C879B4-6117-58FB-2DFB-553567EBAAC5</targetEntity>
<transferable>true</transferable>
<deleteRule>NO ACTION</deleteRule>
</Relation>