<?xml version = '1.0' encoding = 'UTF-8'?>
<Relation class="oracle.dbtools.crest.model.design.logical.Relation" name="fk_orden_maquina" directorySegmentName="seg_0" id="F065F7ED-89FF-B1AC-FB63-AAFD43EC7A40">
<createdBy>renatoaravena</createdBy>
<createdTime>2025-10-13 02:12:50 UTC</createdTime>
<generatorID>BED2D034-6578-6072-01AC-A5BE75CAABC0</generatorID>
<ownerDesignName>BaseDeDatosEFT</ownerDesignName>
<engineerTo>
<item key="D790768E-D2C3-1567-40BC-AC9528424510" value="true"/>
<item key="A6AC035E-4658-4050-F7E2-5456EF39F274" value="true"/>
<item key="42608730-0147-47F1-1A35-C03F0F9D5EA9" value="true"/>
<item key="C7D0942A-9EA4-B3FC-EE99-B1A39958C271" value="true"/>
</engineerTo>
<sourcePk>D29C8453-2AEA-0970-7734-4314EE3515D5</sourcePk>
<identifying>false</identifying>
<optionalSource>true</optionalSource>
<optionalTarget>false</optionalTarget>
<sourceCardinality>1</sourceCardinality>
<sourceEntity>20F9208B-E4E3-FD09-296C-0662A41232F3</sourceEntity>
<targetCardinalityString>*</targetCardinalityString>
<targetEntity>B53C45E5-092B-2D20-3D0C-2B110ECBB334</targetEntity>
<transferable>true</transferable>
<deleteRule>NO ACTION</deleteRule>
</Relation>