<?xml version = '1.0' encoding = 'UTF-8'?>
<Relation class="oracle.dbtools.crest.model.design.logical.Relation" name="fk_maquina_tipo" directorySegmentName="seg_0" id="F1F8C3BB-A2CD-A7E6-EAAF-8B895A3F662A">
<createdBy>renatoaravena</createdBy>
<createdTime>2025-10-13 02:12:50 UTC</createdTime>
<generatorID>B6194760-6D5B-0D76-19C6-153DFAD75D4A</generatorID>
<ownerDesignName>BaseDeDatosEFT</ownerDesignName>
<engineerTo>
<item key="D790768E-D2C3-1567-40BC-AC9528424510" value="true"/>
<item key="A6AC035E-4658-4050-F7E2-5456EF39F274" value="true"/>
<item key="42608730-0147-47F1-1A35-C03F0F9D5EA9" value="true"/>
<item key="C7D0942A-9EA4-B3FC-EE99-B1A39958C271" value="true"/>
</engineerTo>
<sourcePk>4C5F140E-0F37-2BE2-03A7-7F3F9330EBDF</sourcePk>
<identifying>false</identifying>
<optionalSource>true</optionalSource>
<optionalTarget>false</optionalTarget>
<sourceCardinality>1</sourceCardinality>
<sourceEntity>14FF45B4-6B24-A115-AD18-D69A5DE1BBF8</sourceEntity>
<targetCardinalityString>*</targetCardinalityString>
<targetEntity>20F9208B-E4E3-FD09-296C-0662A41232F3</targetEntity>
<transferable>true</transferable>
<deleteRule>NO ACTION</deleteRule>
</Relation>