<?xml version = '1.0' encoding = 'UTF-8'?>
<TableProxyOraclev20c class="oracle.dbtools.crest.model.design.storage.oracle.v20c.TableProxyOraclev20c" name="asignacion_turnov1" directorySegmentName="seg_0" id="45AF1755-15A8-FFE9-1E65-88878ADB7AAE">
<createdBy>renatoaravena</createdBy>
<createdTime>2025-10-13 02:04:12 UTC</createdTime>
<ownerDesignName>BaseDeDatosEFT</ownerDesignName>
<partitionedRowMovement>DISABLE</partitionedRowMovement>
<temporaryChanged>false</temporaryChanged>
<accessDriverType>oracle_loader</accessDriverType>
<rejectLimit></rejectLimit>
<columnProxies itemClass="oracle.dbtools.crest.model.design.storage.oracle.v12c.ColumnProxyOraclev12c">
<ColumnProxy name="id_turno" id="089D0A1D-6A1C-754A-7E53-0FF0CD33FAF2">
<createdBy>renatoaravena</createdBy>
<createdTime>2025-10-13 02:04:12 UTC</createdTime>
<ownerDesignName>BaseDeDatosEFT</ownerDesignName>
</ColumnProxy>
<ColumnProxy name="id_empleado" id="6B5539ED-45DF-ACDD-B961-0E41D1B9E5F7">
<createdBy>renatoaravena</createdBy>
<createdTime>2025-10-13 02:04:12 UTC</createdTime>
<ownerDesignName>BaseDeDatosEFT</ownerDesignName>
</ColumnProxy>
<ColumnProxy name="fecha" id="8555C46B-FC3C-781E-0024-EB073F2218A5">
<createdBy>renatoaravena</createdBy>
<createdTime>2025-10-13 02:04:12 UTC</createdTime>
<ownerDesignName>BaseDeDatosEFT</ownerDesignName>
</ColumnProxy>
<ColumnProxy name="rol_turno" id="AC08C561-DCE0-642B-4E55-479C32032420">
<createdBy>renatoaravena</createdBy>
<createdTime>2025-10-13 02:04:12 UTC</createdTime>
<ownerDesignName>BaseDeDatosEFT</ownerDesignName>
</ColumnProxy>
<ColumnProxy name="id_asignacion" id="C7C0FFCC-9D28-933E-1B42-9A5F62FCAF0E">
<createdBy>renatoaravena</createdBy>
<createdTime>2025-10-13 02:04:12 UTC</createdTime>
<ownerDesignName>BaseDeDatosEFT</ownerDesignName>
</ColumnProxy>
<ColumnProxy name="id_maquina" id="F24ABF0F-51CC-01F9-38D0-D0776C947384">
<createdBy>renatoaravena</createdBy>
<createdTime>2025-10-13 02:04:12 UTC</createdTime>
<ownerDesignName>BaseDeDatosEFT</ownerDesignName>
</ColumnProxy>
</columnProxies>
<foreignKeys>
<ForeignKey class="oracle.dbtools.crest.model.design.storage.oracle.v10g.FKProxyOraclev10g" name="fk_asig_turno" id="357BE8D6-5E30-8E2F-8CED-9B79E56C6075">
<createdBy>renatoaravena</createdBy>
<createdTime>2025-10-13 02:04:12 UTC</createdTime>
<ownerDesignName>BaseDeDatosEFT</ownerDesignName>
</ForeignKey>
<ForeignKey class="oracle.dbtools.crest.model.design.storage.oracle.v10g.FKProxyOraclev10g" name="fk_asig_empleado" id="87287425-B550-D40B-D7ED-0BB5B5116D62">
<createdBy>renatoaravena</createdBy>
<createdTime>2025-10-13 02:04:12 UTC</createdTime>
<ownerDesignName>BaseDeDatosEFT</ownerDesignName>
</ForeignKey>
</foreignKeys>
<primaryKeys>
<PrimaryKey class="oracle.dbtools.crest.model.design.storage.oracle.v10g.PKProxyOraclev10g" name="asignacion_turnov1_PK" id="6CBAE490-44F4-DAD9-EDA9-2F7C20DCF3BF">
<createdBy>renatoaravena</createdBy>
<createdTime>2025-10-13 02:04:12 UTC</createdTime>
<ownerDesignName>BaseDeDatosEFT</ownerDesignName>
<indexSort>SORTED</indexSort>
</PrimaryKey>
</primaryKeys>
<uniqueKeys>
<UniqueKey class="oracle.dbtools.crest.model.design.storage.oracle.v10g.UniqueOraclev10g" name="unq_asig" id="BC2D09CE-74EC-7D94-80F2-F98BDCB62AF7">
<createdBy>renatoaravena</createdBy>
<createdTime>2025-10-13 02:04:12 UTC</createdTime>
<ownerDesignName>BaseDeDatosEFT</ownerDesignName>
<indexSort>SORTED</indexSort>
</UniqueKey>
</uniqueKeys>
</TableProxyOraclev20c>