<?xml version = '1.0' encoding = 'UTF-8'?>
<Diagram class="oracle.dbtools.crest.swingui.logical.DPVLogical" name="Logical" id="C4AC784C-B729-809D-A98F-D009B1DA86F9">
<createdBy>renatoaravena</createdBy>
<modifiedBy>renatoaravena</modifiedBy>
<createdTime>2025-08-19 02:05:48 UTC</createdTime>
<autoRoute>false</autoRoute>
<boxInbox>true</boxInbox>
<showLegend>false</showLegend>
<showLabels>false</showLabels>
<showRelAttributes>false</showRelAttributes>
<gridEnabled>false</gridEnabled>
<showGrid>false</showGrid>
<diagramColor>-1</diagramColor>
<display>false</display>
<notation>0</notation>
<objectViews>
<OView class="oracle.dbtools.crest.swingui.logical.TVEntity" oid="0A569830-A26E-0225-FB21-C3BE4D8AEC1F" otype="Entity" vid="1A87598D-C48E-E719-B80A-219E5E6B4F75">
<hideElementsInCurrentOnly>false</hideElementsInCurrentOnly>
<bounds x="599" y="697" width="250" height="151"/>
</OView>
<OView class="oracle.dbtools.crest.swingui.logical.TVEntity" oid="46F23F22-B0C6-1ED3-C610-4529100351DA" otype="Entity" vid="40069991-2789-80F6-6A88-31B653D864F7">
<hideElementsInCurrentOnly>false</hideElementsInCurrentOnly>
<bounds x="417" y="316" width="188" height="54"/>
</OView>
<OView class="oracle.dbtools.crest.swingui.logical.TVEntity" oid="9E85224A-FCF2-08AC-5698-A352C4BAB7CB" otype="Entity" vid="AF2AEAD5-E05E-FC47-4049-F0E183B9F261">
<hideElementsInCurrentOnly>false</hideElementsInCurrentOnly>
<bounds x="342" y="488" width="244" height="146"/>
</OView>
<OView class="oracle.dbtools.crest.swingui.logical.TVEntity" oid="CF88211E-486B-ABF3-1E02-B7FFB2FABDAD" otype="Entity" vid="6F040ACD-3E99-C402-6B43-C4087AA173F0">
<hideElementsInCurrentOnly>false</hideElementsInCurrentOnly>
<bounds x="700" y="243" width="221" height="144"/>
</OView>
<OView class="oracle.dbtools.crest.swingui.logical.TVEntity" oid="D5A33AD9-D4A8-DB67-3464-A6991A4A7A48" otype="Entity" vid="F4E914AB-F3C6-AA3B-2365-E1664137173A">
<hideElementsInCurrentOnly>false</hideElementsInCurrentOnly>
<bounds x="659" y="452" width="247" height="158"/>
</OView>
<OView class="oracle.dbtools.crest.swingui.logical.TVEntity" oid="DFB71CEB-E067-F65F-4C62-B8F6FB246961" otype="Entity" vid="2F000606-79F5-2AAA-93B5-55C14C1B3978">
<hideElementsInCurrentOnly>false</hideElementsInCurrentOnly>
<bounds x="273" y="233" width="344" height="149"/>
</OView>
<OView class="oracle.dbtools.crest.swingui.logical.TVEntity" oid="EA7F78D0-C6A4-25BF-15DC-6E6469E74157" otype="Entity" vid="19E6A013-4FD8-161C-E693-A7D7C854E757">
<hideElementsInCurrentOnly>false</hideElementsInCurrentOnly>
<bounds x="127" y="758" width="259" height="153"/>
</OView>
<OView class="oracle.dbtools.crest.swingui.logical.TVEntity" oid="F22A7B3A-771D-5A7C-D035-01409642FE64" otype="Entity" vid="B9D6D0AC-4BDD-917E-077C-CB068622BE32">
<hideElementsInCurrentOnly>false</hideElementsInCurrentOnly>
<bounds x="422" y="253" width="185" height="54"/>
</OView>
</objectViews>
<connectors>
<Connector class="oracle.dbtools.crest.swingui.logical.TVInheritanceRelation" oid="145BC3A1-452B-08CB-DEA6-7CF83C6E976D" otype="Hierarchy relation" vid_source="2F000606-79F5-2AAA-93B5-55C14C1B3978" vid_target="40069991-2789-80F6-6A88-31B653D864F7">
<hideElementsInCurrentOnly>false</hideElementsInCurrentOnly>
<backgroundColor>-65536</backgroundColor>
<lineWidth>1</lineWidth>
</Connector>
<Connector class="oracle.dbtools.crest.swingui.logical.TVInheritanceRelation" oid="2169B1A3-610D-1E47-6D3B-2D3A4247B3AD" otype="Hierarchy relation" vid_source="2F000606-79F5-2AAA-93B5-55C14C1B3978" vid_target="B9D6D0AC-4BDD-917E-077C-CB068622BE32">
<hideElementsInCurrentOnly>false</hideElementsInCurrentOnly>
<backgroundColor>-65536</backgroundColor>
<lineWidth>1</lineWidth>
</Connector>
<Connector class="oracle.dbtools.crest.swingui.logical.TVRelation" oid="4FA41364-C916-0405-E336-465EFE05DE7C" otype="Relation" vid_source="F4E914AB-F3C6-AA3B-2365-E1664137173A" vid_target="6F040ACD-3E99-C402-6B43-C4087AA173F0">
<hideElementsInCurrentOnly>false</hideElementsInCurrentOnly>
<backgroundColor>-16777216</backgroundColor>
<lineWidth>1</lineWidth>
<points>
<point x="803" y="452"/>
<point x="803" y="387"/>
</points>
</Connector>
<Connector class="oracle.dbtools.crest.swingui.logical.TVRelation" oid="65779610-E10F-76DF-A973-1EDFAB4EC730" otype="Relation" vid_source="2F000606-79F5-2AAA-93B5-55C14C1B3978" vid_target="AF2AEAD5-E05E-FC47-4049-F0E183B9F261">
<hideElementsInCurrentOnly>false</hideElementsInCurrentOnly>
<backgroundColor>-16777216</backgroundColor>
<lineWidth>1</lineWidth>
<points>
<point x="464" y="382"/>
<point x="464" y="488"/>
</points>
</Connector>
<Connector class="oracle.dbtools.crest.swingui.logical.TVRelation" oid="AF916E33-44A2-1EEF-36F4-F1279D872E93" otype="Relation" vid_source="19E6A013-4FD8-161C-E693-A7D7C854E757" vid_target="AF2AEAD5-E05E-FC47-4049-F0E183B9F261">
<hideElementsInCurrentOnly>false</hideElementsInCurrentOnly>
<backgroundColor>-16777216</backgroundColor>
<lineWidth>1</lineWidth>
<points>
<point x="364" y="758"/>
<point x="457" y="634"/>
</points>
</Connector>
<Connector class="oracle.dbtools.crest.swingui.logical.TVRelation" oid="BDF3217F-59D3-9702-6321-8C2292823E74" otype="Relation" vid_source="F4E914AB-F3C6-AA3B-2365-E1664137173A" vid_target="AF2AEAD5-E05E-FC47-4049-F0E183B9F261">
<hideElementsInCurrentOnly>false</hideElementsInCurrentOnly>
<backgroundColor>-16777216</backgroundColor>
<lineWidth>1</lineWidth>
<points>
<point x="659" y="549"/>
<point x="586" y="549"/>
</points>
</Connector>
<Connector class="oracle.dbtools.crest.swingui.logical.TVRelation" oid="ECBDE25C-1A12-4093-2FED-9ED357ECFC6C" otype="Relation" vid_source="1A87598D-C48E-E719-B80A-219E5E6B4F75" vid_target="19E6A013-4FD8-161C-E693-A7D7C854E757">
<hideElementsInCurrentOnly>false</hideElementsInCurrentOnly>
<backgroundColor>-16777216</backgroundColor>
<lineWidth>1</lineWidth>
<points>
<point x="599" y="767"/>
<point x="386" y="836"/>
</points>
</Connector>
<Connector class="oracle.dbtools.crest.swingui.logical.TVRelation" oid="FE26A8C1-B048-C89D-4827-97E96F111591" otype="Relation" vid_source="2F000606-79F5-2AAA-93B5-55C14C1B3978" vid_target="19E6A013-4FD8-161C-E693-A7D7C854E757">
<hideElementsInCurrentOnly>false</hideElementsInCurrentOnly>
<backgroundColor>-16777216</backgroundColor>
<lineWidth>1</lineWidth>
<points>
<point x="329" y="382"/>
<point x="256" y="758"/>
</points>
</Connector>
</connectors>
</Diagram>