<?xml version = '1.0' encoding = 'UTF-8'?>
<Entity class="oracle.dbtools.crest.model.design.logical.Entity" directorySegmentName="seg_0" id="483740BC-ADF8-8DB4-BAB6-94A32B9580CC" name="TIPO_ATENCION">
<createdBy>renatoaravena</createdBy>
<createdTime>2025-09-16 01:25:15 UTC</createdTime>
<ownerDesignName>BASEDATOSSUMATIVA</ownerDesignName>
<engineerTo>
<item key="505E659E-3BDC-9FF4-68A8-FFBEE7EA92F6" value="true"/>
</engineerTo>
<adequatelyNormalized>NO</adequatelyNormalized>
<expectedVolumes>0</expectedVolumes>
<fwdEngineeringStrategyName>Single Table</fwdEngineeringStrategyName>
<growthPercent>0</growthPercent>
<growthType>Year</growthType>
<maxVolumes>9999999</maxVolumes>
<minVolumes>0</minVolumes>
<normalForm>Third</normalForm>
<attributes itemClass="oracle.dbtools.crest.model.design.logical.Attribute">
<Attribute name="id_tipo_atencion" id="698E1761-D612-26DD-7C12-F2A3CC96173B">
<createdBy>renatoaravena</createdBy>
<createdTime>2025-09-16 01:25:27 UTC</createdTime>
<ownerDesignName>BASEDATOSSUMATIVA</ownerDesignName>
<engineerTo>
<item key="505E659E-3BDC-9FF4-68A8-FFBEE7EA92F6" value="true"/>
</engineerTo>
<useDomainConstraints>false</useDomainConstraints>
<use>1</use>
<logicalDatatype>LOGDT019</logicalDatatype>
<ownDataTypeParameters>,,</ownDataTypeParameters>
</Attribute>
<Attribute name="nombre_tipo_atencion" id="4A29EE04-D081-4684-11CF-3C7FE87C920B">
<createdBy>renatoaravena</createdBy>
<createdTime>2025-09-16 01:25:27 UTC</createdTime>
<ownerDesignName>BASEDATOSSUMATIVA</ownerDesignName>
<engineerTo>
<item key="505E659E-3BDC-9FF4-68A8-FFBEE7EA92F6" value="true"/>
</engineerTo>
<useDomainConstraints>false</useDomainConstraints>
<use>1</use>
<logicalDatatype>LOGDT024</logicalDatatype>
<ownDataTypeParameters>,,</ownDataTypeParameters>
</Attribute>
</attributes>
<identifiers itemClass="oracle.dbtools.crest.model.design.logical.CandidateKey">
<identifier id="401727C8-1E66-95C2-72EF-34B193943755" name="TIPO_ATENCION PK">
<createdBy>renatoaravena</createdBy>
<createdTime>2025-09-16 01:25:47 UTC</createdTime>
<ownerDesignName>BASEDATOSSUMATIVA</ownerDesignName>
<engineerTo>
<item key="505E659E-3BDC-9FF4-68A8-FFBEE7EA92F6" value="true"/>
</engineerTo>
<pk>true</pk>
<usedAttributes>
<attributeRef>698E1761-D612-26DD-7C12-F2A3CC96173B</attributeRef>
</usedAttributes>
</identifier>
</identifiers>
</Entity>