<?xml version = '1.0' encoding = 'UTF-8'?>
<Entity class="oracle.dbtools.crest.model.design.logical.Entity" directorySegmentName="seg_0" id="7D0804E3-E6CE-4273-02CE-E6C8FCABFC58" name="ESPECIALIDAD">
<createdBy>renatoaravena</createdBy>
<createdTime>2025-09-16 00:25:09 UTC</createdTime>
<ownerDesignName>BASEDATOSSUMATIVA</ownerDesignName>
<engineerTo>
<item key="505E659E-3BDC-9FF4-68A8-FFBEE7EA92F6" value="true"/>
</engineerTo>
<adequatelyNormalized>NO</adequatelyNormalized>
<expectedVolumes>0</expectedVolumes>
<fwdEngineeringStrategyName>Single Table</fwdEngineeringStrategyName>
<growthPercent>0</growthPercent>
<growthType>Year</growthType>
<maxVolumes>9999999</maxVolumes>
<minVolumes>0</minVolumes>
<normalForm>Third</normalForm>
<attributes itemClass="oracle.dbtools.crest.model.design.logical.Attribute">
<Attribute name="id_esp" id="AA1463EA-769D-3DEB-A50B-35BE771B04BD">
<createdBy>renatoaravena</createdBy>
<createdTime>2025-09-16 00:25:17 UTC</createdTime>
<ownerDesignName>BASEDATOSSUMATIVA</ownerDesignName>
<engineerTo>
<item key="505E659E-3BDC-9FF4-68A8-FFBEE7EA92F6" value="true"/>
</engineerTo>
<useDomainConstraints>false</useDomainConstraints>
<use>1</use>
<logicalDatatype>LOGDT019</logicalDatatype>
<ownDataTypeParameters>,,</ownDataTypeParameters>
</Attribute>
<Attribute name="nombre_especialidad" id="E3BD0C95-EA00-4351-923F-4B6FECD93E8B">
<createdBy>renatoaravena</createdBy>
<createdTime>2025-09-16 00:25:18 UTC</createdTime>
<ownerDesignName>BASEDATOSSUMATIVA</ownerDesignName>
<engineerTo>
<item key="505E659E-3BDC-9FF4-68A8-FFBEE7EA92F6" value="true"/>
</engineerTo>
<useDomainConstraints>false</useDomainConstraints>
<use>1</use>
<logicalDatatype>LOGDT024</logicalDatatype>
<ownDataTypeParameters>,,</ownDataTypeParameters>
</Attribute>
</attributes>
<identifiers itemClass="oracle.dbtools.crest.model.design.logical.CandidateKey">
<identifier id="D625A9A4-B25B-21A6-F136-1C0679AED0D8" name="ESPECIALIDAD PK">
<createdBy>renatoaravena</createdBy>
<createdTime>2025-09-16 00:25:30 UTC</createdTime>
<ownerDesignName>BASEDATOSSUMATIVA</ownerDesignName>
<engineerTo>
<item key="505E659E-3BDC-9FF4-68A8-FFBEE7EA92F6" value="true"/>
</engineerTo>
<pk>true</pk>
<usedAttributes>
<attributeRef>AA1463EA-769D-3DEB-A50B-35BE771B04BD</attributeRef>
</usedAttributes>
</identifier>
</identifiers>
</Entity>