<?xml version = '1.0' encoding = 'UTF-8'?>
<Entity class="oracle.dbtools.crest.model.design.logical.Entity" directorySegmentName="seg_0" id="9892548B-C9C4-102F-DE6A-5294F737EBFA" name="MEDICO">
<createdBy>renatoaravena</createdBy>
<createdTime>2025-09-16 00:26:27 UTC</createdTime>
<ownerDesignName>BASEDATOSSUMATIVA</ownerDesignName>
<engineerTo>
<item key="505E659E-3BDC-9FF4-68A8-FFBEE7EA92F6" value="true"/>
</engineerTo>
<adequatelyNormalized>NO</adequatelyNormalized>
<expectedVolumes>0</expectedVolumes>
<fwdEngineeringStrategyName>Single Table</fwdEngineeringStrategyName>
<growthPercent>0</growthPercent>
<growthType>Year</growthType>
<maxVolumes>9999999</maxVolumes>
<minVolumes>0</minVolumes>
<normalForm>Third</normalForm>
<attributes itemClass="oracle.dbtools.crest.model.design.logical.Attribute">
<Attribute name="rut_medico" id="54F45BBF-DCBB-8740-544F-23A524E25760">
<createdBy>renatoaravena</createdBy>
<createdTime>2025-09-16 00:26:35 UTC</createdTime>
<ownerDesignName>BASEDATOSSUMATIVA</ownerDesignName>
<engineerTo>
<item key="505E659E-3BDC-9FF4-68A8-FFBEE7EA92F6" value="true"/>
</engineerTo>
<useDomainConstraints>false</useDomainConstraints>
<use>1</use>
<logicalDatatype>LOGDT019</logicalDatatype>
<ownDataTypeParameters>,,</ownDataTypeParameters>
</Attribute>
<Attribute name="nombre_medico" id="795FFD7C-009F-3156-5263-11154E777750">
<createdBy>renatoaravena</createdBy>
<createdTime>2025-09-16 00:26:35 UTC</createdTime>
<ownerDesignName>BASEDATOSSUMATIVA</ownerDesignName>
<engineerTo>
<item key="505E659E-3BDC-9FF4-68A8-FFBEE7EA92F6" value="true"/>
</engineerTo>
<useDomainConstraints>false</useDomainConstraints>
<use>1</use>
<logicalDatatype>LOGDT024</logicalDatatype>
<dataTypeSize>30</dataTypeSize>
<ownDataTypeParameters>30,,</ownDataTypeParameters>
</Attribute>
<Attribute name="fecha_ingreso" id="D69CC3FF-E616-0944-6D4A-0111CBC76134">
<createdBy>renatoaravena</createdBy>
<createdTime>2025-09-16 00:26:35 UTC</createdTime>
<ownerDesignName>BASEDATOSSUMATIVA</ownerDesignName>
<engineerTo>
<item key="505E659E-3BDC-9FF4-68A8-FFBEE7EA92F6" value="true"/>
</engineerTo>
<useDomainConstraints>false</useDomainConstraints>
<use>1</use>
<logicalDatatype>LOGDT007</logicalDatatype>
<ownDataTypeParameters>,,</ownDataTypeParameters>
</Attribute>
<Attribute name="id_esp" id="2A162F80-0C20-AFAB-F787-4D6B59224B32">
<createdBy>renatoaravena</createdBy>
<createdTime>2025-09-16 01:12:34 UTC</createdTime>
<generatorID>DF2B04D6-0409-14F2-598D-B7D2F2FCDB21</generatorID>
<ownerDesignName>BASEDATOSSUMATIVA</ownerDesignName>
<engineerTo>
<item key="505E659E-3BDC-9FF4-68A8-FFBEE7EA92F6" value="true"/>
</engineerTo>
<referedAttribute>AA1463EA-769D-3DEB-A50B-35BE771B04BD</referedAttribute>
<useDomainConstraints>false</useDomainConstraints>
<use>1</use>
<logicalDatatype>LOGDT019</logicalDatatype>
<ownDataTypeParameters>,,</ownDataTypeParameters>
</Attribute>
<Attribute name="id_afp" id="2DE6C80D-AA25-3FA1-EDF2-B4982BCE9DF4">
<createdBy>renatoaravena</createdBy>
<createdTime>2025-09-16 01:12:41 UTC</createdTime>
<generatorID>AABEEEDB-4D87-D7F0-117D-7451394EB970</generatorID>
<ownerDesignName>BASEDATOSSUMATIVA</ownerDesignName>
<engineerTo>
<item key="505E659E-3BDC-9FF4-68A8-FFBEE7EA92F6" value="true"/>
</engineerTo>
<referedAttribute>D88774E2-2048-5793-97E3-AC274C4A8CCC</referedAttribute>
<useDomainConstraints>false</useDomainConstraints>
<use>1</use>
<logicalDatatype>LOGDT019</logicalDatatype>
<ownDataTypeParameters>,,</ownDataTypeParameters>
</Attribute>
<Attribute name="id_institucion_salud" id="F7D628D3-90CE-6E33-268C-6482B066C1F6">
<createdBy>renatoaravena</createdBy>
<createdTime>2025-09-16 01:12:47 UTC</createdTime>
<generatorID>174A54CA-8F44-1F12-1AC2-132DE1AB321B</generatorID>
<ownerDesignName>BASEDATOSSUMATIVA</ownerDesignName>
<engineerTo>
<item key="505E659E-3BDC-9FF4-68A8-FFBEE7EA92F6" value="true"/>
</engineerTo>
<referedAttribute>77018F78-CC71-9B56-2645-6E9E88901F98</referedAttribute>
<useDomainConstraints>false</useDomainConstraints>
<use>1</use>
<logicalDatatype>LOGDT019</logicalDatatype>
<ownDataTypeParameters>,,</ownDataTypeParameters>
</Attribute>
<Attribute name="rut_medico1" id="AEA26E70-6336-F630-5294-0F7738B515E1">
<createdBy>renatoaravena</createdBy>
<createdTime>2025-09-16 01:27:17 UTC</createdTime>
<generatorID>A0FD4128-4D79-781C-580B-1BBEBFF7E58B</generatorID>
<ownerDesignName>BASEDATOSSUMATIVA</ownerDesignName>
<engineerTo>
<item key="505E659E-3BDC-9FF4-68A8-FFBEE7EA92F6" value="true"/>
</engineerTo>
<nullsAllowed>true</nullsAllowed>
<referedAttribute>54F45BBF-DCBB-8740-544F-23A524E25760</referedAttribute>
<useDomainConstraints>false</useDomainConstraints>
<use>1</use>
<logicalDatatype>LOGDT019</logicalDatatype>
<ownDataTypeParameters>,,</ownDataTypeParameters>
</Attribute>
</attributes>
<identifiers itemClass="oracle.dbtools.crest.model.design.logical.CandidateKey">
<identifier id="9E1A3A91-2A83-53E8-E9EA-A35BD5302DB7" name="MEDICO PK">
<createdBy>renatoaravena</createdBy>
<createdTime>2025-09-16 00:26:47 UTC</createdTime>
<ownerDesignName>BASEDATOSSUMATIVA</ownerDesignName>
<engineerTo>
<item key="505E659E-3BDC-9FF4-68A8-FFBEE7EA92F6" value="true"/>
</engineerTo>
<pk>true</pk>
<usedAttributes>
<attributeRef>54F45BBF-DCBB-8740-544F-23A524E25760</attributeRef>
</usedAttributes>
</identifier>
</identifiers>
</Entity>