<?xml version = '1.0' encoding = 'UTF-8'?>
<Entity class="oracle.dbtools.crest.model.design.logical.Entity" directorySegmentName="seg_0" id="D1FD576E-3A49-4857-09C6-1E267F671B5B" name="INSTITUCION_SALUD">
<createdBy>renatoaravena</createdBy>
<createdTime>2025-09-16 00:58:38 UTC</createdTime>
<ownerDesignName>BASEDATOSSUMATIVA</ownerDesignName>
<engineerTo>
<item key="505E659E-3BDC-9FF4-68A8-FFBEE7EA92F6" value="true"/>
</engineerTo>
<adequatelyNormalized>NO</adequatelyNormalized>
<expectedVolumes>0</expectedVolumes>
<fwdEngineeringStrategyName>Single Table</fwdEngineeringStrategyName>
<growthPercent>0</growthPercent>
<growthType>Year</growthType>
<maxVolumes>9999999</maxVolumes>
<minVolumes>0</minVolumes>
<normalForm>Third</normalForm>
<attributes itemClass="oracle.dbtools.crest.model.design.logical.Attribute">
<Attribute name="id_institucion_salud" id="77018F78-CC71-9B56-2645-6E9E88901F98">
<createdBy>renatoaravena</createdBy>
<createdTime>2025-09-16 00:58:48 UTC</createdTime>
<ownerDesignName>BASEDATOSSUMATIVA</ownerDesignName>
<engineerTo>
<item key="505E659E-3BDC-9FF4-68A8-FFBEE7EA92F6" value="true"/>
</engineerTo>
<useDomainConstraints>false</useDomainConstraints>
<use>1</use>
<logicalDatatype>LOGDT019</logicalDatatype>
<ownDataTypeParameters>,,</ownDataTypeParameters>
</Attribute>
<Attribute name="nombre_institucion" id="109A0A96-05E2-B1D1-2EFB-3E9D5C481824">
<createdBy>renatoaravena</createdBy>
<createdTime>2025-09-16 00:59:21 UTC</createdTime>
<ownerDesignName>BASEDATOSSUMATIVA</ownerDesignName>
<engineerTo>
<item key="505E659E-3BDC-9FF4-68A8-FFBEE7EA92F6" value="true"/>
</engineerTo>
<useDomainConstraints>false</useDomainConstraints>
<use>1</use>
<logicalDatatype>LOGDT024</logicalDatatype>
<ownDataTypeParameters>,,</ownDataTypeParameters>
</Attribute>
<Attribute name="tipo" id="30DDB8F8-321C-132F-C5BB-82722909F9C8">
<createdBy>renatoaravena</createdBy>
<createdTime>2025-09-16 00:59:46 UTC</createdTime>
<ownerDesignName>BASEDATOSSUMATIVA</ownerDesignName>
<engineerTo>
<item key="505E659E-3BDC-9FF4-68A8-FFBEE7EA92F6" value="true"/>
</engineerTo>
<useDomainConstraints>false</useDomainConstraints>
<use>1</use>
<logicalDatatype>LOGDT024</logicalDatatype>
<ownDataTypeParameters>,,</ownDataTypeParameters>
</Attribute>
</attributes>
<identifiers itemClass="oracle.dbtools.crest.model.design.logical.CandidateKey">
<identifier id="D4E6DD04-6BBB-DAB0-2A99-3BAC5A4A6237" name="INSTITUCION_SALUD PK">
<createdBy>renatoaravena</createdBy>
<createdTime>2025-09-16 00:59:20 UTC</createdTime>
<ownerDesignName>BASEDATOSSUMATIVA</ownerDesignName>
<engineerTo>
<item key="505E659E-3BDC-9FF4-68A8-FFBEE7EA92F6" value="true"/>
</engineerTo>
<pk>true</pk>
<usedAttributes>
<attributeRef>77018F78-CC71-9B56-2645-6E9E88901F98</attributeRef>
</usedAttributes>
</identifier>
</identifiers>
</Entity>