<?xml version = '1.0' encoding = 'UTF-8'?>
<Entity class="oracle.dbtools.crest.model.design.logical.Entity" directorySegmentName="seg_0" id="DBB6C72F-3584-4B52-D724-764762EACC47" name="ATENCION_MEDICA">
<createdBy>renatoaravena</createdBy>
<createdTime>2025-09-16 00:14:19 UTC</createdTime>
<ownerDesignName>BASEDATOSSUMATIVA</ownerDesignName>
<engineerTo>
<item key="505E659E-3BDC-9FF4-68A8-FFBEE7EA92F6" value="true"/>
</engineerTo>
<adequatelyNormalized>NO</adequatelyNormalized>
<expectedVolumes>0</expectedVolumes>
<fwdEngineeringStrategyName>Single Table</fwdEngineeringStrategyName>
<growthPercent>0</growthPercent>
<growthType>Year</growthType>
<maxVolumes>9999999</maxVolumes>
<minVolumes>0</minVolumes>
<normalForm>Third</normalForm>
<attributes itemClass="oracle.dbtools.crest.model.design.logical.Attribute">
<Attribute name="id_atencion" id="B4AED1C5-696A-2168-1B4A-6C23AD13352D">
<createdBy>renatoaravena</createdBy>
<createdTime>2025-09-16 00:14:37 UTC</createdTime>
<ownerDesignName>BASEDATOSSUMATIVA</ownerDesignName>
<engineerTo>
<item key="505E659E-3BDC-9FF4-68A8-FFBEE7EA92F6" value="true"/>
</engineerTo>
<useDomainConstraints>false</useDomainConstraints>
<use>1</use>
<logicalDatatype>LOGDT019</logicalDatatype>
<ownDataTypeParameters>,,</ownDataTypeParameters>
</Attribute>
<Attribute name="fecha_atencion" id="2C9DAA64-1234-6118-297D-00402F6D145F">
<createdBy>renatoaravena</createdBy>
<createdTime>2025-09-16 00:14:39 UTC</createdTime>
<ownerDesignName>BASEDATOSSUMATIVA</ownerDesignName>
<engineerTo>
<item key="505E659E-3BDC-9FF4-68A8-FFBEE7EA92F6" value="true"/>
</engineerTo>
<useDomainConstraints>false</useDomainConstraints>
<use>1</use>
<logicalDatatype>LOGDT008</logicalDatatype>
<ownDataTypeParameters>,,</ownDataTypeParameters>
</Attribute>
<Attribute name="diagnostico" id="33B1866A-385B-6F73-A94A-B21E689F4CA9">
<createdBy>renatoaravena</createdBy>
<createdTime>2025-09-16 01:02:21 UTC</createdTime>
<ownerDesignName>BASEDATOSSUMATIVA</ownerDesignName>
<engineerTo>
<item key="505E659E-3BDC-9FF4-68A8-FFBEE7EA92F6" value="true"/>
</engineerTo>
<nullsAllowed>true</nullsAllowed>
<useDomainConstraints>false</useDomainConstraints>
<use>1</use>
<logicalDatatype>LOGDT024</logicalDatatype>
<ownDataTypeParameters>,,</ownDataTypeParameters>
</Attribute>
<Attribute name="rut_paciente" id="191B750D-9956-D78A-E6EA-255169A7264D">
<createdBy>renatoaravena</createdBy>
<createdTime>2025-09-16 01:08:01 UTC</createdTime>
<generatorID>66E784A2-CA89-77BC-0477-A518D567EFA4</generatorID>
<ownerDesignName>BASEDATOSSUMATIVA</ownerDesignName>
<engineerTo>
<item key="505E659E-3BDC-9FF4-68A8-FFBEE7EA92F6" value="true"/>
</engineerTo>
<referedAttribute>E5B8F3D0-021E-8BDD-E5E3-974E09216411</referedAttribute>
<useDomainConstraints>false</useDomainConstraints>
<use>1</use>
<logicalDatatype>LOGDT019</logicalDatatype>
<ownDataTypeParameters>,,</ownDataTypeParameters>
</Attribute>
<Attribute name="rut_medico" id="093B1395-36DA-342A-55CD-34337B0D2511">
<createdBy>renatoaravena</createdBy>
<createdTime>2025-09-16 01:11:15 UTC</createdTime>
<generatorID>18E902AB-0F03-3253-DFFD-5CC4E1016D5E</generatorID>
<ownerDesignName>BASEDATOSSUMATIVA</ownerDesignName>
<engineerTo>
<item key="505E659E-3BDC-9FF4-68A8-FFBEE7EA92F6" value="true"/>
</engineerTo>
<referedAttribute>54F45BBF-DCBB-8740-544F-23A524E25760</referedAttribute>
<useDomainConstraints>false</useDomainConstraints>
<use>1</use>
<logicalDatatype>LOGDT019</logicalDatatype>
<ownDataTypeParameters>,,</ownDataTypeParameters>
</Attribute>
<Attribute name="modalidad" id="490F0727-8B23-6F0E-92BF-690E876D1F35">
<createdBy>renatoaravena</createdBy>
<createdTime>2025-09-16 01:24:23 UTC</createdTime>
<ownerDesignName>BASEDATOSSUMATIVA</ownerDesignName>
<engineerTo>
<item key="505E659E-3BDC-9FF4-68A8-FFBEE7EA92F6" value="true"/>
</engineerTo>
<useDomainConstraints>false</useDomainConstraints>
<use>1</use>
<logicalDatatype>LOGDT024</logicalDatatype>
<ownDataTypeParameters>,,</ownDataTypeParameters>
</Attribute>
<Attribute name="id_tipo_atencion" id="55AF88F9-2AD9-93BF-E739-682B57E56276">
<createdBy>renatoaravena</createdBy>
<createdTime>2025-09-16 01:28:08 UTC</createdTime>
<generatorID>44A27CDF-6207-FFA3-4084-C7AA7907BEBB</generatorID>
<ownerDesignName>BASEDATOSSUMATIVA</ownerDesignName>
<engineerTo>
<item key="505E659E-3BDC-9FF4-68A8-FFBEE7EA92F6" value="true"/>
</engineerTo>
<referedAttribute>698E1761-D612-26DD-7C12-F2A3CC96173B</referedAttribute>
<useDomainConstraints>false</useDomainConstraints>
<use>1</use>
<logicalDatatype>LOGDT019</logicalDatatype>
<ownDataTypeParameters>,,</ownDataTypeParameters>
</Attribute>
<Attribute name="id_esp" id="D1E46BEE-86AE-06BD-F66C-01E1C4F34146">
<createdBy>renatoaravena</createdBy>
<createdTime>2025-09-16 01:28:32 UTC</createdTime>
<generatorID>8F6ED8C2-C089-15FB-0765-BC996C233B4B</generatorID>
<ownerDesignName>BASEDATOSSUMATIVA</ownerDesignName>
<engineerTo>
<item key="505E659E-3BDC-9FF4-68A8-FFBEE7EA92F6" value="true"/>
</engineerTo>
<referedAttribute>AA1463EA-769D-3DEB-A50B-35BE771B04BD</referedAttribute>
<useDomainConstraints>false</useDomainConstraints>
<use>1</use>
<logicalDatatype>LOGDT019</logicalDatatype>
<ownDataTypeParameters>,,</ownDataTypeParameters>
</Attribute>
</attributes>
<identifiers itemClass="oracle.dbtools.crest.model.design.logical.CandidateKey">
<identifier id="F762B2F0-CB1F-D34C-F309-BB934D54E658" name="ATENCION_MEDICA PK">
<createdBy>renatoaravena</createdBy>
<createdTime>2025-09-16 00:15:05 UTC</createdTime>
<ownerDesignName>BASEDATOSSUMATIVA</ownerDesignName>
<engineerTo>
<item key="505E659E-3BDC-9FF4-68A8-FFBEE7EA92F6" value="true"/>
</engineerTo>
<pk>true</pk>
<usedAttributes>
<attributeRef>B4AED1C5-696A-2168-1B4A-6C23AD13352D</attributeRef>
</usedAttributes>
</identifier>
</identifiers>
</Entity>