<?xml version = '1.0' encoding = 'UTF-8'?>
<Entity class="oracle.dbtools.crest.model.design.logical.Entity" directorySegmentName="seg_0" id="DBCEA5A3-DE01-7E94-B295-C3BF69F2FA9C" name="PAGO_ATENCION">
<createdBy>renatoaravena</createdBy>
<createdTime>2025-09-16 00:23:02 UTC</createdTime>
<ownerDesignName>BASEDATOSSUMATIVA</ownerDesignName>
<engineerTo>
<item key="505E659E-3BDC-9FF4-68A8-FFBEE7EA92F6" value="true"/>
</engineerTo>
<adequatelyNormalized>NO</adequatelyNormalized>
<expectedVolumes>0</expectedVolumes>
<fwdEngineeringStrategyName>Single Table</fwdEngineeringStrategyName>
<growthPercent>0</growthPercent>
<growthType>Year</growthType>
<maxVolumes>9999999</maxVolumes>
<minVolumes>0</minVolumes>
<normalForm>Third</normalForm>
<attributes itemClass="oracle.dbtools.crest.model.design.logical.Attribute">
<Attribute name="id_pago" id="0CE3A3A2-B752-AFC8-9BE1-CD8C623F576E">
<createdBy>renatoaravena</createdBy>
<createdTime>2025-09-16 00:23:20 UTC</createdTime>
<ownerDesignName>BASEDATOSSUMATIVA</ownerDesignName>
<engineerTo>
<item key="505E659E-3BDC-9FF4-68A8-FFBEE7EA92F6" value="true"/>
</engineerTo>
<useDomainConstraints>false</useDomainConstraints>
<use>1</use>
<logicalDatatype>LOGDT019</logicalDatatype>
<ownDataTypeParameters>,,</ownDataTypeParameters>
</Attribute>
<Attribute name="monto" id="2A44AB86-84B3-6073-7C41-2721F467FEBA">
<createdBy>renatoaravena</createdBy>
<createdTime>2025-09-16 00:23:21 UTC</createdTime>
<ownerDesignName>BASEDATOSSUMATIVA</ownerDesignName>
<engineerTo>
<item key="505E659E-3BDC-9FF4-68A8-FFBEE7EA92F6" value="true"/>
</engineerTo>
<useDomainConstraints>false</useDomainConstraints>
<use>1</use>
<logicalDatatype>LOGDT019</logicalDatatype>
<ownDataTypeParameters>,,</ownDataTypeParameters>
</Attribute>
<Attribute name="estado" id="FC5009FD-0716-BFB7-5194-59CA10339D48">
<createdBy>renatoaravena</createdBy>
<createdTime>2025-09-16 01:23:43 UTC</createdTime>
<ownerDesignName>BASEDATOSSUMATIVA</ownerDesignName>
<engineerTo>
<item key="505E659E-3BDC-9FF4-68A8-FFBEE7EA92F6" value="true"/>
</engineerTo>
<useDomainConstraints>false</useDomainConstraints>
<use>1</use>
<logicalDatatype>LOGDT024</logicalDatatype>
<ownDataTypeParameters>,,</ownDataTypeParameters>
</Attribute>
<Attribute name="id_atencion" id="75B23CD1-944C-C519-05F9-792B3C48D2F2">
<createdBy>renatoaravena</createdBy>
<createdTime>2025-09-16 01:11:46 UTC</createdTime>
<generatorID>E16823FD-C9F7-C1BF-7946-21832616CC6C</generatorID>
<ownerDesignName>BASEDATOSSUMATIVA</ownerDesignName>
<engineerTo>
<item key="505E659E-3BDC-9FF4-68A8-FFBEE7EA92F6" value="true"/>
</engineerTo>
<referedAttribute>B4AED1C5-696A-2168-1B4A-6C23AD13352D</referedAttribute>
<useDomainConstraints>false</useDomainConstraints>
<use>1</use>
<logicalDatatype>LOGDT019</logicalDatatype>
<ownDataTypeParameters>,,</ownDataTypeParameters>
</Attribute>
<Attribute name="id_tipo_pago" id="7CA7F35E-A235-54ED-BBCF-FAE1164D6ADE">
<createdBy>renatoaravena</createdBy>
<createdTime>2025-09-16 01:29:01 UTC</createdTime>
<generatorID>20ED27D5-CAC8-4DB5-C73B-D03BC0837D6D</generatorID>
<ownerDesignName>BASEDATOSSUMATIVA</ownerDesignName>
<engineerTo>
<item key="505E659E-3BDC-9FF4-68A8-FFBEE7EA92F6" value="true"/>
</engineerTo>
<referedAttribute>47093D26-B815-7C6E-69F0-7D802D804FDE</referedAttribute>
<useDomainConstraints>false</useDomainConstraints>
<use>1</use>
<logicalDatatype>LOGDT019</logicalDatatype>
<ownDataTypeParameters>,,</ownDataTypeParameters>
</Attribute>
</attributes>
<identifiers itemClass="oracle.dbtools.crest.model.design.logical.CandidateKey">
<identifier id="9E139C98-6139-CF13-19D3-7AEC20D88CD1" name="PAGO_ATENCION PK">
<createdBy>renatoaravena</createdBy>
<createdTime>2025-09-16 00:24:53 UTC</createdTime>
<ownerDesignName>BASEDATOSSUMATIVA</ownerDesignName>
<engineerTo>
<item key="505E659E-3BDC-9FF4-68A8-FFBEE7EA92F6" value="true"/>
</engineerTo>
<pk>true</pk>
<usedAttributes>
<attributeRef>0CE3A3A2-B752-AFC8-9BE1-CD8C623F576E</attributeRef>
</usedAttributes>
</identifier>
</identifiers>
</Entity>