<?xml version = '1.0' encoding = 'UTF-8'?>
<Table class="oracle.dbtools.crest.model.design.relational.Table" directorySegmentName="seg_0" id="1664BF39-61C4-E2E3-D956-5AFC7483634D" name="planta">
<sourceDDLFile>MER_E_Cristaleria_Andina.sql</sourceDDLFile>
<createdBy>renatoaravena</createdBy>
<createdTime>2025-10-13 02:04:12 UTC</createdTime>
<ownerDesignName>BaseDeDatosEFT</ownerDesignName>
<allowColumnReorder>false</allowColumnReorder>
<existDependencyGenerateInDDl>true</existDependencyGenerateInDDl>
<parsed>true</parsed>
<columns itemClass="oracle.dbtools.crest.model.design.relational.Column">
<Column name="id_planta" id="615E3A1E-88DF-E2D7-93DA-049B17BEAA16">
<sourceDDLFile>MER_E_Cristaleria_Andina.sql</sourceDDLFile>
<createdBy>renatoaravena</createdBy>
<createdTime>2025-10-13 02:04:12 UTC</createdTime>
<ownerDesignName>BaseDeDatosEFT</ownerDesignName>
<use>0</use>
<logicalDatatype>LOGDT019</logicalDatatype>
<domain>CA802392-879D-A60E-291F-E07553A3C017</domain>
<ownDataTypeParameters>,,</ownDataTypeParameters>
<autoIncrementColumn>true</autoIncrementColumn>
<identityColumn>true</identityColumn>
<autoIncrementGenerateAlways>true</autoIncrementGenerateAlways>
<autoIncrementCycle>false</autoIncrementCycle>
<autoIncrementOrder>false</autoIncrementOrder>
</Column>
<Column name="nombre_planta" id="A6E1E5CB-018B-CB0D-4718-5C6BB3CEA1EF">
<sourceDDLFile>MER_E_Cristaleria_Andina.sql</sourceDDLFile>
<createdBy>renatoaravena</createdBy>
<createdTime>2025-10-13 02:04:12 UTC</createdTime>
<ownerDesignName>BaseDeDatosEFT</ownerDesignName>
<use>0</use>
<logicalDatatype>LOGDT024</logicalDatatype>
<domain>E1F450BB-7FC8-7F45-7B8C-E274F4B5E851</domain>
<ownDataTypeParameters>,,</ownDataTypeParameters>
<autoIncrementCycle>false</autoIncrementCycle>
</Column>
<Column name="direccion" id="508C1F9A-1082-5FF6-EE3E-3661757B45B9">
<sourceDDLFile>MER_E_Cristaleria_Andina.sql</sourceDDLFile>
<createdBy>renatoaravena</createdBy>
<createdTime>2025-10-13 02:04:12 UTC</createdTime>
<ownerDesignName>BaseDeDatosEFT</ownerDesignName>
<use>0</use>
<logicalDatatype>LOGDT024</logicalDatatype>
<domain>07A845BC-77E6-30E8-2DA4-21216A402407</domain>
<ownDataTypeParameters>,,</ownDataTypeParameters>
<autoIncrementCycle>false</autoIncrementCycle>
</Column>
<Column name="id_comuna" id="30459823-8F1B-5749-CEC4-7E7C60A3C1F6">
<sourceDDLFile>MER_E_Cristaleria_Andina.sql</sourceDDLFile>
<createdBy>renatoaravena</createdBy>
<createdTime>2025-10-13 02:04:12 UTC</createdTime>
<ownerDesignName>BaseDeDatosEFT</ownerDesignName>
<use>0</use>
<logicalDatatype>LOGDT019</logicalDatatype>
<domain>CA802392-879D-A60E-291F-E07553A3C017</domain>
<ownDataTypeParameters>,,</ownDataTypeParameters>
<autoIncrementCycle>false</autoIncrementCycle>
<associations>
<colAssociation fkAssociation="5332AC08-6F47-133A-D38A-78E2CFD0630E" referredColumn="75CD9DC4-76CA-E7B3-5714-A717A5CA9D0B"/>
</associations>
</Column>
</columns>
<indexes itemClass="oracle.dbtools.crest.model.design.relational.Index">
<ind_PK_UK id="6E00F2D8-4912-21BE-27A3-7F927764515D" name="pk_planta">
<sourceDDLFile>MER_E_Cristaleria_Andina.sql</sourceDDLFile>
<createdBy>renatoaravena</createdBy>
<createdTime>2025-10-13 02:04:12 UTC</createdTime>
<ownerDesignName>BaseDeDatosEFT</ownerDesignName>
<pk>true</pk>
<indexState>Primary Constraint</indexState>
<isSurrogateKey>false</isSurrogateKey>
<indexColumnUsage>
<colUsage columnID="615E3A1E-88DF-E2D7-93DA-049B17BEAA16"/>
</indexColumnUsage>
</ind_PK_UK>
<ind_PK_UK id="1D0ACB55-94C6-A37B-E409-7FA1EAE3D0A2" name="fk_planta_comuna">
<createdBy>renatoaravena</createdBy>
<createdTime>2025-10-13 02:04:12 UTC</createdTime>
<ownerDesignName>BaseDeDatosEFT</ownerDesignName>
<indexState>Foreign Key</indexState>
<isSurrogateKey>false</isSurrogateKey>
<indexColumnUsage>
<colUsage columnID="30459823-8F1B-5749-CEC4-7E7C60A3C1F6"/>
</indexColumnUsage>
</ind_PK_UK>
</indexes>
</Table>