<?xml version = '1.0' encoding = 'UTF-8'?>
<Table class="oracle.dbtools.crest.model.design.relational.Table" directorySegmentName="seg_0" id="36589E3E-ED8D-EC1F-7674-B9C7898FE8B4" name="afp">
<sourceDDLFile>MER_E_Cristaleria_Andina.sql</sourceDDLFile>
<createdBy>renatoaravena</createdBy>
<createdTime>2025-10-13 02:04:12 UTC</createdTime>
<ownerDesignName>BaseDeDatosEFT</ownerDesignName>
<allowColumnReorder>false</allowColumnReorder>
<existDependencyGenerateInDDl>true</existDependencyGenerateInDDl>
<parsed>true</parsed>
<columns itemClass="oracle.dbtools.crest.model.design.relational.Column">
<Column name="id_afp" id="44B44EE5-CFB1-0D71-4984-7729CD4D96A9">
<sourceDDLFile>MER_E_Cristaleria_Andina.sql</sourceDDLFile>
<createdBy>renatoaravena</createdBy>
<createdTime>2025-10-13 02:04:12 UTC</createdTime>
<ownerDesignName>BaseDeDatosEFT</ownerDesignName>
<use>0</use>
<logicalDatatype>LOGDT019</logicalDatatype>
<domain>CA802392-879D-A60E-291F-E07553A3C017</domain>
<ownDataTypeParameters>,,</ownDataTypeParameters>
<autoIncrementColumn>true</autoIncrementColumn>
<identityColumn>true</identityColumn>
<autoIncrementGenerateAlways>true</autoIncrementGenerateAlways>
<autoIncrementCycle>false</autoIncrementCycle>
<autoIncrementOrder>false</autoIncrementOrder>
</Column>
<Column name="nombre_afp" id="39273F84-42C9-75C2-1B21-A7B33A0C4781">
<sourceDDLFile>MER_E_Cristaleria_Andina.sql</sourceDDLFile>
<createdBy>renatoaravena</createdBy>
<createdTime>2025-10-13 02:04:12 UTC</createdTime>
<ownerDesignName>BaseDeDatosEFT</ownerDesignName>
<use>0</use>
<logicalDatatype>LOGDT024</logicalDatatype>
<domain>8E31E435-BE2D-A6AA-4CA2-68B5E8F183CD</domain>
<ownDataTypeParameters>,,</ownDataTypeParameters>
<autoIncrementCycle>false</autoIncrementCycle>
</Column>
</columns>
<indexes itemClass="oracle.dbtools.crest.model.design.relational.Index">
<ind_PK_UK id="7B61ABB9-B971-0EA8-F013-584692B642AC" name="pk_afp">
<sourceDDLFile>MER_E_Cristaleria_Andina.sql</sourceDDLFile>
<createdBy>renatoaravena</createdBy>
<createdTime>2025-10-13 02:04:12 UTC</createdTime>
<ownerDesignName>BaseDeDatosEFT</ownerDesignName>
<pk>true</pk>
<indexState>Primary Constraint</indexState>
<isSurrogateKey>false</isSurrogateKey>
<indexColumnUsage>
<colUsage columnID="44B44EE5-CFB1-0D71-4984-7729CD4D96A9"/>
</indexColumnUsage>
</ind_PK_UK>
<ind_PK_UK id="FCC8FDE3-9A40-FD83-CEC2-DC920098D205" name="un_afp_nombre">
<sourceDDLFile>MER_E_Cristaleria_Andina.sql</sourceDDLFile>
<createdBy>renatoaravena</createdBy>
<createdTime>2025-10-13 02:04:12 UTC</createdTime>
<ownerDesignName>BaseDeDatosEFT</ownerDesignName>
<indexState>Unique Constraint</indexState>
<isSurrogateKey>false</isSurrogateKey>
<indexColumnUsage>
<colUsage columnID="39273F84-42C9-75C2-1B21-A7B33A0C4781"/>
</indexColumnUsage>
</ind_PK_UK>
</indexes>
</Table>