<?xml version = '1.0' encoding = 'UTF-8'?>
<Table class="oracle.dbtools.crest.model.design.relational.Table" directorySegmentName="seg_0" id="45AF1755-15A8-FFE9-1E65-88878ADB7AAE" name="asignacion_turnov1">
<sourceDDLFile>MER_E_Cristaleria_Andina.sql</sourceDDLFile>
<createdBy>renatoaravena</createdBy>
<createdTime>2025-10-13 02:04:12 UTC</createdTime>
<ownerDesignName>BaseDeDatosEFT</ownerDesignName>
<allowColumnReorder>false</allowColumnReorder>
<existDependencyGenerateInDDl>true</existDependencyGenerateInDDl>
<parsed>true</parsed>
<columns itemClass="oracle.dbtools.crest.model.design.relational.Column">
<Column name="id_asignacion" id="C7C0FFCC-9D28-933E-1B42-9A5F62FCAF0E">
<sourceDDLFile>MER_E_Cristaleria_Andina.sql</sourceDDLFile>
<createdBy>renatoaravena</createdBy>
<createdTime>2025-10-13 02:04:12 UTC</createdTime>
<ownerDesignName>BaseDeDatosEFT</ownerDesignName>
<use>0</use>
<logicalDatatype>LOGDT019</logicalDatatype>
<domain>CA802392-879D-A60E-291F-E07553A3C017</domain>
<ownDataTypeParameters>,,</ownDataTypeParameters>
<autoIncrementCycle>false</autoIncrementCycle>
</Column>
<Column name="fecha" id="8555C46B-FC3C-781E-0024-EB073F2218A5">
<sourceDDLFile>MER_E_Cristaleria_Andina.sql</sourceDDLFile>
<createdBy>renatoaravena</createdBy>
<createdTime>2025-10-13 02:04:12 UTC</createdTime>
<ownerDesignName>BaseDeDatosEFT</ownerDesignName>
<use>0</use>
<logicalDatatype>LOGDT007</logicalDatatype>
<domain>067811E3-8681-4506-A7DD-7403709A071F</domain>
<ownDataTypeParameters>,,</ownDataTypeParameters>
<autoIncrementCycle>false</autoIncrementCycle>
</Column>
<Column name="id_empleado" id="6B5539ED-45DF-ACDD-B961-0E41D1B9E5F7">
<sourceDDLFile>MER_E_Cristaleria_Andina.sql</sourceDDLFile>
<createdBy>renatoaravena</createdBy>
<createdTime>2025-10-13 02:04:12 UTC</createdTime>
<ownerDesignName>BaseDeDatosEFT</ownerDesignName>
<use>0</use>
<logicalDatatype>LOGDT019</logicalDatatype>
<domain>CA802392-879D-A60E-291F-E07553A3C017</domain>
<ownDataTypeParameters>,,</ownDataTypeParameters>
<autoIncrementCycle>false</autoIncrementCycle>
<associations>
<colAssociation fkAssociation="59C5BC4C-D6DD-B1DC-AB65-D98FB5C7FA9E" referredColumn="5730CED0-60AF-86E3-9588-ABE6F33ED820"/>
</associations>
</Column>
<Column name="id_turno" id="089D0A1D-6A1C-754A-7E53-0FF0CD33FAF2">
<sourceDDLFile>MER_E_Cristaleria_Andina.sql</sourceDDLFile>
<createdBy>renatoaravena</createdBy>
<createdTime>2025-10-13 02:04:12 UTC</createdTime>
<ownerDesignName>BaseDeDatosEFT</ownerDesignName>
<use>0</use>
<logicalDatatype>LOGDT019</logicalDatatype>
<domain>CA802392-879D-A60E-291F-E07553A3C017</domain>
<ownDataTypeParameters>,,</ownDataTypeParameters>
<autoIncrementCycle>false</autoIncrementCycle>
<associations>
<colAssociation fkAssociation="0DA9511C-BB2E-78FE-97CB-4AA4C0BF8757" referredColumn="F3E6C133-6F6C-7C91-0FFC-E8F13459D55A"/>
</associations>
</Column>
<Column name="id_maquina" id="F24ABF0F-51CC-01F9-38D0-D0776C947384">
<sourceDDLFile>MER_E_Cristaleria_Andina.sql</sourceDDLFile>
<createdBy>renatoaravena</createdBy>
<createdTime>2025-10-13 02:04:12 UTC</createdTime>
<ownerDesignName>BaseDeDatosEFT</ownerDesignName>
<use>0</use>
<logicalDatatype>LOGDT019</logicalDatatype>
<domain>CA802392-879D-A60E-291F-E07553A3C017</domain>
<ownDataTypeParameters>,,</ownDataTypeParameters>
<autoIncrementCycle>false</autoIncrementCycle>
</Column>
<Column name="rol_turno" id="AC08C561-DCE0-642B-4E55-479C32032420">
<sourceDDLFile>MER_E_Cristaleria_Andina.sql</sourceDDLFile>
<createdBy>renatoaravena</createdBy>
<createdTime>2025-10-13 02:04:12 UTC</createdTime>
<ownerDesignName>BaseDeDatosEFT</ownerDesignName>
<nullsAllowed>true</nullsAllowed>
<use>0</use>
<logicalDatatype>LOGDT024</logicalDatatype>
<domain>8E31E435-BE2D-A6AA-4CA2-68B5E8F183CD</domain>
<ownDataTypeParameters>,,</ownDataTypeParameters>
<autoIncrementCycle>false</autoIncrementCycle>
</Column>
</columns>
<indexes itemClass="oracle.dbtools.crest.model.design.relational.Index">
<ind_PK_UK id="6CBAE490-44F4-DAD9-EDA9-2F7C20DCF3BF" name="asignacion_turnov1_PK">
<sourceDDLFile>MER_E_Cristaleria_Andina.sql</sourceDDLFile>
<createdBy>renatoaravena</createdBy>
<createdTime>2025-10-13 02:04:12 UTC</createdTime>
<ownerDesignName>BaseDeDatosEFT</ownerDesignName>
<pk>true</pk>
<indexState>Primary Constraint</indexState>
<isSurrogateKey>false</isSurrogateKey>
<indexColumnUsage>
<colUsage columnID="C7C0FFCC-9D28-933E-1B42-9A5F62FCAF0E"/>
</indexColumnUsage>
</ind_PK_UK>
<ind_PK_UK id="BC2D09CE-74EC-7D94-80F2-F98BDCB62AF7" name="unq_asig">
<sourceDDLFile>MER_E_Cristaleria_Andina.sql</sourceDDLFile>
<createdBy>renatoaravena</createdBy>
<createdTime>2025-10-13 02:04:12 UTC</createdTime>
<ownerDesignName>BaseDeDatosEFT</ownerDesignName>
<indexState>Unique Constraint</indexState>
<isSurrogateKey>false</isSurrogateKey>
<indexColumnUsage>
<colUsage columnID="6B5539ED-45DF-ACDD-B961-0E41D1B9E5F7"/>
<colUsage columnID="8555C46B-FC3C-781E-0024-EB073F2218A5"/>
</indexColumnUsage>
</ind_PK_UK>
<ind_PK_UK id="87287425-B550-D40B-D7ED-0BB5B5116D62" name="fk_asig_empleado">
<createdBy>renatoaravena</createdBy>
<createdTime>2025-10-13 02:04:12 UTC</createdTime>
<ownerDesignName>BaseDeDatosEFT</ownerDesignName>
<indexState>Foreign Key</indexState>
<isSurrogateKey>false</isSurrogateKey>
<indexColumnUsage>
<colUsage columnID="6B5539ED-45DF-ACDD-B961-0E41D1B9E5F7"/>
</indexColumnUsage>
</ind_PK_UK>
<ind_PK_UK id="357BE8D6-5E30-8E2F-8CED-9B79E56C6075" name="fk_asig_turno">
<createdBy>renatoaravena</createdBy>
<createdTime>2025-10-13 02:04:12 UTC</createdTime>
<ownerDesignName>BaseDeDatosEFT</ownerDesignName>
<indexState>Foreign Key</indexState>
<isSurrogateKey>false</isSurrogateKey>
<indexColumnUsage>
<colUsage columnID="089D0A1D-6A1C-754A-7E53-0FF0CD33FAF2"/>
</indexColumnUsage>
</ind_PK_UK>
</indexes>
</Table>