<?xml version = '1.0' encoding = 'UTF-8'?>
<Relation class="oracle.dbtools.crest.model.design.logical.InheritanceRelation" name="Hierarchy_2" directorySegmentName="seg_0" id="145BC3A1-452B-08CB-DEA6-7CF83C6E976D">
<createdBy>renatoaravena</createdBy>
<createdTime>2025-08-26 03:05:39 UTC</createdTime>
<ownerDesignName>Entrega2BaseDeDatos</ownerDesignName>
<engineerTo>
<item key="4BB2E06E-728F-1164-A3E1-32FA0911BEC4" value="true"/>
</engineerTo>
<identifying>false</identifying>
<nameOnSource>Super Type</nameOnSource>
<nameOnTarget>Sub Type</nameOnTarget>
<optionalSource>true</optionalSource>
<optionalTarget>true</optionalTarget>
<sourceEntity>DFB71CEB-E067-F65F-4C62-B8F6FB246961</sourceEntity>
<targetEntity>46F23F22-B0C6-1ED3-C610-4529100351DA</targetEntity>
<transferable>true</transferable>
<deleteRule>NO ACTION</deleteRule>
</Relation>