<?xml version = '1.0' encoding = 'UTF-8'?>
<Relation class="oracle.dbtools.crest.model.design.logical.InheritanceRelation" name="Hierarchy_1" directorySegmentName="seg_0" id="2169B1A3-610D-1E47-6D3B-2D3A4247B3AD">
<createdBy>renatoaravena</createdBy>
<createdTime>2025-08-26 03:05:32 UTC</createdTime>
<ownerDesignName>Entrega2BaseDeDatos</ownerDesignName>
<engineerTo>
<item key="4BB2E06E-728F-1164-A3E1-32FA0911BEC4" value="true"/>
</engineerTo>
<identifying>false</identifying>
<nameOnSource>Super Type</nameOnSource>
<nameOnTarget>Sub Type</nameOnTarget>
<optionalSource>true</optionalSource>
<optionalTarget>true</optionalTarget>
<sourceEntity>DFB71CEB-E067-F65F-4C62-B8F6FB246961</sourceEntity>
<targetEntity>F22A7B3A-771D-5A7C-D035-01409642FE64</targetEntity>
<transferable>true</transferable>
<deleteRule>NO ACTION</deleteRule>
</Relation>