<?xml version = '1.0' encoding = 'UTF-8'?>
<Table class="oracle.dbtools.crest.model.design.relational.Table" directorySegmentName="seg_0" id="25AF289F-7A62-7281-3377-074FEEE1A26F" name="operario">
<sourceDDLFile>DDL.SQL</sourceDDLFile>
<createdBy>renatoaravena</createdBy>
<createdTime>2025-10-13 01:46:14 UTC</createdTime>
<ownerDesignName>BaseDeDatosEFT</ownerDesignName>
<allowColumnReorder>false</allowColumnReorder>
<existDependencyGenerateInDDl>true</existDependencyGenerateInDDl>
<parsed>true</parsed>
<columns itemClass="oracle.dbtools.crest.model.design.relational.Column">
<Column name="id_empleado" id="EA2E76A3-94EC-A6C6-A459-D242D62129C0">
<sourceDDLFile>DDL.SQL</sourceDDLFile>
<createdBy>renatoaravena</createdBy>
<createdTime>2025-10-13 01:46:14 UTC</createdTime>
<ownerDesignName>BaseDeDatosEFT</ownerDesignName>
<use>0</use>
<logicalDatatype>LOGDT019</logicalDatatype>
<domain>CA802392-879D-A60E-291F-E07553A3C017</domain>
<ownDataTypeParameters>,,</ownDataTypeParameters>
<autoIncrementCycle>false</autoIncrementCycle>
<associations>
<colAssociation fkAssociation="3ED4DDB1-83FF-B25A-43B0-AFEAF2D85DB8" referredColumn="EE2B301B-0B88-C6AE-B668-6B5346827C8C"/>
</associations>
</Column>
<Column name="categoria_proceso" id="05A44BEE-D922-F7C7-AFF6-30B83C3871BD">
<sourceDDLFile>DDL.SQL</sourceDDLFile>
<createdBy>renatoaravena</createdBy>
<createdTime>2025-10-13 01:46:14 UTC</createdTime>
<ownerDesignName>BaseDeDatosEFT</ownerDesignName>
<use>0</use>
<logicalDatatype>LOGDT024</logicalDatatype>
<domain>09D50736-387D-2AFB-20C5-79947A4A6DEE</domain>
<ownDataTypeParameters>,,</ownDataTypeParameters>
<autoIncrementCycle>false</autoIncrementCycle>
</Column>
<Column name="certificacion" id="8E4C3589-9A04-533F-D2C7-35F20C6C9BBD">
<sourceDDLFile>DDL.SQL</sourceDDLFile>
<createdBy>renatoaravena</createdBy>
<createdTime>2025-10-13 01:46:14 UTC</createdTime>
<ownerDesignName>BaseDeDatosEFT</ownerDesignName>
<nullsAllowed>true</nullsAllowed>
<use>0</use>
<logicalDatatype>LOGDT024</logicalDatatype>
<domain>3D055E70-4295-2A0F-30E9-BAEB5E553BDB</domain>
<ownDataTypeParameters>,,</ownDataTypeParameters>
<autoIncrementCycle>false</autoIncrementCycle>
</Column>
<Column name="horas_estandar" id="45170E23-5D8C-14C6-BA1D-60E9ED3E10F2">
<sourceDDLFile>DDL.SQL</sourceDDLFile>
<createdBy>renatoaravena</createdBy>
<createdTime>2025-10-13 01:46:14 UTC</createdTime>
<ownerDesignName>BaseDeDatosEFT</ownerDesignName>
<nullsAllowed>true</nullsAllowed>
<use>0</use>
<logicalDatatype>LOGDT019</logicalDatatype>
<domain>3E06C31E-A3BE-B69C-D9FB-D974999D70E0</domain>
<defaultValue>8</defaultValue>
<ownDataTypeParameters>,,</ownDataTypeParameters>
<autoIncrementCycle>false</autoIncrementCycle>
</Column>
</columns>
<indexes itemClass="oracle.dbtools.crest.model.design.relational.Index">
<ind_PK_UK id="83D7FBBA-7C8F-30F5-9E3F-880761B4B31C" name="operario_PK">
<sourceDDLFile>DDL.SQL</sourceDDLFile>
<createdBy>renatoaravena</createdBy>
<createdTime>2025-10-13 01:46:14 UTC</createdTime>
<ownerDesignName>BaseDeDatosEFT</ownerDesignName>
<pk>true</pk>
<indexState>Primary Constraint</indexState>
<isSurrogateKey>false</isSurrogateKey>
<indexColumnUsage>
<colUsage columnID="EA2E76A3-94EC-A6C6-A459-D242D62129C0"/>
</indexColumnUsage>
</ind_PK_UK>
<ind_PK_UK id="9A0F0CF3-5C6F-7BE5-82A8-378BDDCBA246" name="fk_operario_empleado">
<createdBy>renatoaravena</createdBy>
<createdTime>2025-10-13 01:46:14 UTC</createdTime>
<ownerDesignName>BaseDeDatosEFT</ownerDesignName>
<indexState>Foreign Key</indexState>
<isSurrogateKey>false</isSurrogateKey>
<indexColumnUsage>
<colUsage columnID="EA2E76A3-94EC-A6C6-A459-D242D62129C0"/>
</indexColumnUsage>
</ind_PK_UK>
</indexes>
</Table>