<?xml version = '1.0' encoding = 'UTF-8'?>
<Table class="oracle.dbtools.crest.model.design.relational.Table" directorySegmentName="seg_0" id="2754095D-99EE-B457-A7D3-1F282058C7AF" name="maquina">
<sourceDDLFile>DDL.SQL</sourceDDLFile>
<createdBy>renatoaravena</createdBy>
<createdTime>2025-10-13 01:46:14 UTC</createdTime>
<ownerDesignName>BaseDeDatosEFT</ownerDesignName>
<allowColumnReorder>false</allowColumnReorder>
<existDependencyGenerateInDDl>true</existDependencyGenerateInDDl>
<parsed>true</parsed>
<columns itemClass="oracle.dbtools.crest.model.design.relational.Column">
<Column name="numero_maquina" id="5A59AD23-0B2F-1A1A-9731-9D254ACB64F3">
<sourceDDLFile>DDL.SQL</sourceDDLFile>
<createdBy>renatoaravena</createdBy>
<createdTime>2025-10-13 01:46:14 UTC</createdTime>
<ownerDesignName>BaseDeDatosEFT</ownerDesignName>
<use>0</use>
<logicalDatatype>LOGDT019</logicalDatatype>
<domain>CA802392-879D-A60E-291F-E07553A3C017</domain>
<ownDataTypeParameters>,,</ownDataTypeParameters>
<autoIncrementCycle>false</autoIncrementCycle>
</Column>
<Column name="id_planta" id="7D45AD63-0050-2E59-BD91-DDC782DCBB86">
<sourceDDLFile>DDL.SQL</sourceDDLFile>
<createdBy>renatoaravena</createdBy>
<createdTime>2025-10-13 01:46:14 UTC</createdTime>
<ownerDesignName>BaseDeDatosEFT</ownerDesignName>
<use>0</use>
<logicalDatatype>LOGDT019</logicalDatatype>
<domain>CA802392-879D-A60E-291F-E07553A3C017</domain>
<ownDataTypeParameters>,,</ownDataTypeParameters>
<autoIncrementCycle>false</autoIncrementCycle>
<associations>
<colAssociation fkAssociation="1FE89E33-7D6E-C4C1-0A42-6EA2BE37A928" referredColumn="8516022C-AD43-4B8D-80D3-02FCAD8E74B9"/>
</associations>
</Column>
<Column name="nombre_maquina" id="C6020732-9CAA-B9A4-13F3-FD16AC351343">
<sourceDDLFile>DDL.SQL</sourceDDLFile>
<createdBy>renatoaravena</createdBy>
<createdTime>2025-10-13 01:46:14 UTC</createdTime>
<ownerDesignName>BaseDeDatosEFT</ownerDesignName>
<use>0</use>
<logicalDatatype>LOGDT024</logicalDatatype>
<domain>E1F450BB-7FC8-7F45-7B8C-E274F4B5E851</domain>
<ownDataTypeParameters>,,</ownDataTypeParameters>
<autoIncrementCycle>false</autoIncrementCycle>
</Column>
<Column name="estado_activo" id="4149CCAB-6778-5671-3E95-76EEE43689DC">
<sourceDDLFile>DDL.SQL</sourceDDLFile>
<createdBy>renatoaravena</createdBy>
<createdTime>2025-10-13 01:46:14 UTC</createdTime>
<ownerDesignName>BaseDeDatosEFT</ownerDesignName>
<nullsAllowed>true</nullsAllowed>
<useDomainConstraints>false</useDomainConstraints>
<use>0</use>
<logicalDatatype>LOGDT025</logicalDatatype>
<domain>EEDF1D4A-B682-11BC-6181-4CFD9AA4AD2D</domain>
<listOfValues>
<valueDef value="N" description=""/>
<valueDef value="S" description=""/>
</listOfValues>
<defaultValue>&apos;S&apos;</defaultValue>
<ownDataTypeParameters>,,</ownDataTypeParameters>
<autoIncrementCycle>false</autoIncrementCycle>
</Column>
<Column name="id_tipo_maquina" id="A6060E27-D2B3-C701-00EB-9D69D168BF5F">
<sourceDDLFile>DDL.SQL</sourceDDLFile>
<createdBy>renatoaravena</createdBy>
<createdTime>2025-10-13 01:46:14 UTC</createdTime>
<ownerDesignName>BaseDeDatosEFT</ownerDesignName>
<use>0</use>
<logicalDatatype>LOGDT019</logicalDatatype>
<domain>CA802392-879D-A60E-291F-E07553A3C017</domain>
<ownDataTypeParameters>,,</ownDataTypeParameters>
<autoIncrementCycle>false</autoIncrementCycle>
<associations>
<colAssociation fkAssociation="CB055773-4B8B-F145-9A1A-DAA88A22DC4F" referredColumn="D853F056-8E73-13B1-CB7F-EE0D0981F31E"/>
</associations>
</Column>
</columns>
<indexes itemClass="oracle.dbtools.crest.model.design.relational.Index">
<ind_PK_UK id="B41E9FD7-F958-EE27-EE91-C80AC7F3C30B" name="pk_maquina">
<sourceDDLFile>DDL.SQL</sourceDDLFile>
<createdBy>renatoaravena</createdBy>
<createdTime>2025-10-13 01:46:14 UTC</createdTime>
<ownerDesignName>BaseDeDatosEFT</ownerDesignName>
<pk>true</pk>
<indexState>Primary Constraint</indexState>
<isSurrogateKey>false</isSurrogateKey>
<indexColumnUsage>
<colUsage columnID="5A59AD23-0B2F-1A1A-9731-9D254ACB64F3"/>
<colUsage columnID="7D45AD63-0050-2E59-BD91-DDC782DCBB86"/>
</indexColumnUsage>
</ind_PK_UK>
<ind_PK_UK id="7891A369-F0C5-BBD3-31BA-3C260FF51884" name="fk_maquina_planta">
<createdBy>renatoaravena</createdBy>
<createdTime>2025-10-13 01:46:14 UTC</createdTime>
<ownerDesignName>BaseDeDatosEFT</ownerDesignName>
<indexState>Foreign Key</indexState>
<isSurrogateKey>false</isSurrogateKey>
<indexColumnUsage>
<colUsage columnID="7D45AD63-0050-2E59-BD91-DDC782DCBB86"/>
</indexColumnUsage>
</ind_PK_UK>
<ind_PK_UK id="283BECBC-214C-57CD-41F3-038652562679" name="fk_maquina_tipo">
<createdBy>renatoaravena</createdBy>
<createdTime>2025-10-13 01:46:14 UTC</createdTime>
<ownerDesignName>BaseDeDatosEFT</ownerDesignName>
<indexState>Foreign Key</indexState>
<isSurrogateKey>false</isSurrogateKey>
<indexColumnUsage>
<colUsage columnID="A6060E27-D2B3-C701-00EB-9D69D168BF5F"/>
</indexColumnUsage>
</ind_PK_UK>
</indexes>
</Table>