<?xml version = '1.0' encoding = 'UTF-8'?>
<Table class="oracle.dbtools.crest.model.design.relational.Table" directorySegmentName="seg_0" id="51D5755E-11A1-EF37-7A9E-61670C4F5E27" name="Vuelo">
<createdBy>renatoaravena</createdBy>
<createdTime>2025-08-19 02:36:30 UTC</createdTime>
<generatorID>EA7F78D0-C6A4-25BF-15DC-6E6469E74157</generatorID>
<ownerDesignName>Entrega2BaseDeDatos</ownerDesignName>
<allowColumnReorder>false</allowColumnReorder>
<existDependencyGenerateInDDl>true</existDependencyGenerateInDDl>
<parsed>true</parsed>
<columns itemClass="oracle.dbtools.crest.model.design.relational.Column">
<Column name="fecha_despegue" id="06B4B831-4820-225C-59D2-3554E7BE7664">
<createdBy>renatoaravena</createdBy>
<createdTime>2025-08-19 02:36:30 UTC</createdTime>
<generatorID>0DB37185-1A52-E6A4-8AA7-7E372757B962</generatorID>
<ownerDesignName>Entrega2BaseDeDatos</ownerDesignName>
<useDomainConstraints>false</useDomainConstraints>
<use>1</use>
<logicalDatatype>LOGDT007</logicalDatatype>
<ownDataTypeParameters>,,</ownDataTypeParameters>
<autoIncrementCycle>false</autoIncrementCycle>
</Column>
<Column name="fecha_llegada_destino" id="E34042AB-CE21-317A-8CE0-E74892CF8A35">
<createdBy>renatoaravena</createdBy>
<createdTime>2025-08-19 02:36:30 UTC</createdTime>
<generatorID>D95F053C-8005-E7F1-34C7-E0A04DE952E4</generatorID>
<ownerDesignName>Entrega2BaseDeDatos</ownerDesignName>
<useDomainConstraints>false</useDomainConstraints>
<use>1</use>
<logicalDatatype>LOGDT007</logicalDatatype>
<ownDataTypeParameters>,,</ownDataTypeParameters>
<autoIncrementCycle>false</autoIncrementCycle>
</Column>
<Column name="numero_vuelo" id="394B043B-528D-A144-1216-1208DD1BA75A">
<createdBy>renatoaravena</createdBy>
<createdTime>2025-08-19 02:36:30 UTC</createdTime>
<generatorID>DE3CA377-C590-9EC0-EF03-908EEE0D6100</generatorID>
<ownerDesignName>Entrega2BaseDeDatos</ownerDesignName>
<useDomainConstraints>false</useDomainConstraints>
<use>1</use>
<logicalDatatype>LOGDT019</logicalDatatype>
<ownDataTypeParameters>,,</ownDataTypeParameters>
<autoIncrementCycle>false</autoIncrementCycle>
</Column>
<Column name="hora_salida" id="1869DAD7-BEDD-4E75-0EC3-497BFF60004D">
<createdBy>renatoaravena</createdBy>
<createdTime>2025-08-19 02:36:30 UTC</createdTime>
<generatorID>9A963568-0AF8-2AAD-3461-F334E7434CB8</generatorID>
<ownerDesignName>Entrega2BaseDeDatos</ownerDesignName>
<useDomainConstraints>false</useDomainConstraints>
<use>1</use>
<logicalDatatype>LOGDT014</logicalDatatype>
<ownDataTypeParameters>,,</ownDataTypeParameters>
<autoIncrementCycle>false</autoIncrementCycle>
</Column>
</columns>
<indexes itemClass="oracle.dbtools.crest.model.design.relational.Index">
<ind_PK_UK id="BA92A054-01B3-113F-B62D-9D34FDF08392" name="Vuelo_PK">
<createdBy>renatoaravena</createdBy>
<createdTime>2025-08-19 02:36:30 UTC</createdTime>
<generatorID>5CD7FD00-7A06-5910-E97B-7F867FBCB795</generatorID>
<ownerDesignName>Entrega2BaseDeDatos</ownerDesignName>
<pk>true</pk>
<indexState>Primary Constraint</indexState>
<isSurrogateKey>false</isSurrogateKey>
<indexColumnUsage>
<colUsage columnID="394B043B-528D-A144-1216-1208DD1BA75A"/>
</indexColumnUsage>
</ind_PK_UK>
</indexes>
</Table>