<?xml version = '1.0' encoding = 'UTF-8'?>
<FKIndexAssociation class="oracle.dbtools.crest.model.design.relational.FKIndexAssociation" directorySegmentName="seg_0" id="007068AE-AD78-6FD4-77C7-5F5F189D87A3" containerWithKeyObject="A408572C-2218-8663-F2D5-86DB263D409D" localFKIndex="53621EFF-E8B1-81C5-2251-CCBD9DE89359" name="fk_jefe_empleado">
<sourceDDLFile>MER_E_Cristaleria_Andina.sql</sourceDDLFile>
<createdBy>renatoaravena</createdBy>
<createdTime>2025-10-13 02:07:10 UTC</createdTime>
<ownerDesignName>BaseDeDatosEFT</ownerDesignName>
<referredTableLongName>empleado</referredTableLongName>
<deleteRule>NO ACTION</deleteRule>
<referredTableID>4E9DB384-0AB3-EC26-ED9B-2B49812DF065</referredTableID>
<keyObject>4AD2A7CF-92D1-7D4A-B1C3-3081090BEC60</keyObject>
<referredKeyID>4AD2A7CF-92D1-7D4A-B1C3-3081090BEC60</referredKeyID>
<mandatory>true</mandatory>
<refColNames>id_empleado</refColNames>
<transferable>true</transferable>
<rely>false</rely>
<columnDependencyConstraintGenerateInDDL>true</columnDependencyConstraintGenerateInDDL>
</FKIndexAssociation>