<?xml version = '1.0' encoding = 'UTF-8'?>
<FKIndexAssociation class="oracle.dbtools.crest.model.design.relational.FKIndexAssociation" directorySegmentName="seg_0" id="276E71C9-131C-9B32-ED33-3CD218C791B1" containerWithKeyObject="F3341F28-2581-F766-6B71-B1E8119130C7" localFKIndex="711666A7-7F63-8DB8-EB71-76EB36563CCE" name="fk_orden_tecnico">
<sourceDDLFile>MER_E_Cristaleria_Andina.sql</sourceDDLFile>
<createdBy>renatoaravena</createdBy>
<createdTime>2025-10-13 02:07:10 UTC</createdTime>
<ownerDesignName>BaseDeDatosEFT</ownerDesignName>
<referredTableLongName>tecnico_mantencion</referredTableLongName>
<deleteRule>NO ACTION</deleteRule>
<referredTableID>56F05587-06C1-C313-C973-9C7186534838</referredTableID>
<keyObject>618B44AF-6BDD-0D22-FF1A-FFA34245DA2C</keyObject>
<referredKeyID>618B44AF-6BDD-0D22-FF1A-FFA34245DA2C</referredKeyID>
<mandatory>true</mandatory>
<refColNames>id_empleado</refColNames>
<transferable>true</transferable>
<rely>false</rely>
<columnDependencyConstraintGenerateInDDL>true</columnDependencyConstraintGenerateInDDL>
</FKIndexAssociation>