<?xml version = '1.0' encoding = 'UTF-8'?>
<FKIndexAssociation class="oracle.dbtools.crest.model.design.relational.FKIndexAssociation" directorySegmentName="seg_0" id="68217FA0-48CE-FCA8-8AE2-082583DEF1C3" containerWithKeyObject="4E9DB384-0AB3-EC26-ED9B-2B49812DF065" localFKIndex="469FDF5E-1145-9B07-D2CD-26CB272D6AE2" name="fk_empleado_afp">
<sourceDDLFile>MER_E_Cristaleria_Andina.sql</sourceDDLFile>
<createdBy>renatoaravena</createdBy>
<createdTime>2025-10-13 02:07:10 UTC</createdTime>
<ownerDesignName>BaseDeDatosEFT</ownerDesignName>
<referredTableLongName>afp</referredTableLongName>
<deleteRule>NO ACTION</deleteRule>
<referredTableID>07A8727D-F3D2-FA2A-F35E-DB5CEF639D1D</referredTableID>
<keyObject>6E8F38FB-46AA-30BA-670C-7021805BE8FC</keyObject>
<referredKeyID>6E8F38FB-46AA-30BA-670C-7021805BE8FC</referredKeyID>
<mandatory>true</mandatory>
<refColNames>id_afp</refColNames>
<transferable>true</transferable>
<rely>false</rely>
<columnDependencyConstraintGenerateInDDL>true</columnDependencyConstraintGenerateInDDL>
</FKIndexAssociation>