<?xml version = '1.0' encoding = 'UTF-8'?>
<FKIndexAssociation class="oracle.dbtools.crest.model.design.relational.FKIndexAssociation" directorySegmentName="seg_0" id="6A8C1815-584C-0129-3E00-8E158BC1D571" containerWithKeyObject="4448A232-A9C6-A106-D351-70F818E964E1" localFKIndex="75DC185A-0EFF-125D-AF20-0EEF4DBFFFF9" name="fk_asignacion_turno">
<sourceDDLFile>MER_E_Cristaleria_Andina.sql</sourceDDLFile>
<createdBy>renatoaravena</createdBy>
<createdTime>2025-10-13 02:07:10 UTC</createdTime>
<ownerDesignName>BaseDeDatosEFT</ownerDesignName>
<referredTableLongName>turno</referredTableLongName>
<deleteRule>NO ACTION</deleteRule>
<referredTableID>B339B27C-4FF1-FF1D-F8EF-7199459DB8B9</referredTableID>
<keyObject>123FC733-E633-F3B2-5D5E-A01992754A0B</keyObject>
<referredKeyID>123FC733-E633-F3B2-5D5E-A01992754A0B</referredKeyID>
<mandatory>true</mandatory>
<refColNames>id_turno</refColNames>
<transferable>true</transferable>
<rely>false</rely>
<columnDependencyConstraintGenerateInDDL>true</columnDependencyConstraintGenerateInDDL>
</FKIndexAssociation>