<?xml version = '1.0' encoding = 'UTF-8'?>
<FKIndexAssociation class="oracle.dbtools.crest.model.design.relational.FKIndexAssociation" directorySegmentName="seg_0" id="72806F48-F8DD-B577-B07C-355AC7DBDFB1" containerWithKeyObject="01FA8B36-A328-A218-601D-9310A704671C" localFKIndex="7AC3FBCB-A852-FED2-F330-CDCC6710E194" name="fk_planta_comuna">
<sourceDDLFile>MER_E_Cristaleria_Andina.sql</sourceDDLFile>
<createdBy>renatoaravena</createdBy>
<createdTime>2025-10-13 02:07:10 UTC</createdTime>
<ownerDesignName>BaseDeDatosEFT</ownerDesignName>
<referredTableLongName>comuna</referredTableLongName>
<deleteRule>NO ACTION</deleteRule>
<referredTableID>A79600FE-9986-A51D-4AF3-641C8522E780</referredTableID>
<keyObject>F2FCD2F8-6A00-2120-CAA7-A22FA0033BAC</keyObject>
<referredKeyID>F2FCD2F8-6A00-2120-CAA7-A22FA0033BAC</referredKeyID>
<mandatory>true</mandatory>
<refColNames>id_comuna</refColNames>
<transferable>true</transferable>
<rely>false</rely>
<columnDependencyConstraintGenerateInDDL>true</columnDependencyConstraintGenerateInDDL>
</FKIndexAssociation>