<?xml version = '1.0' encoding = 'UTF-8'?>
<FKIndexAssociation class="oracle.dbtools.crest.model.design.relational.FKIndexAssociation" directorySegmentName="seg_0" id="7C1B12D9-4F2F-B723-BD21-0C6A2852275D" containerWithKeyObject="B6680CB5-AFE7-1C4F-00B3-E97C6AE77EDA" localFKIndex="71D245C9-D845-F50A-6770-5999D68308D3" name="fk_tecnico_empleadov1">
<sourceDDLFile>MER_E_Cristaleria_Andina.sql</sourceDDLFile>
<createdBy>renatoaravena</createdBy>
<createdTime>2025-10-13 02:07:10 UTC</createdTime>
<ownerDesignName>BaseDeDatosEFT</ownerDesignName>
<referredTableLongName>empleado</referredTableLongName>
<deleteRule>NO ACTION</deleteRule>
<referredTableID>4E9DB384-0AB3-EC26-ED9B-2B49812DF065</referredTableID>
<keyObject>4AD2A7CF-92D1-7D4A-B1C3-3081090BEC60</keyObject>
<referredKeyID>4AD2A7CF-92D1-7D4A-B1C3-3081090BEC60</referredKeyID>
<mandatory>true</mandatory>
<refColNames>id_empleado</refColNames>
<transferable>true</transferable>
<rely>false</rely>
<columnDependencyConstraintGenerateInDDL>true</columnDependencyConstraintGenerateInDDL>
</FKIndexAssociation>