<?xml version = '1.0' encoding = 'UTF-8'?>
<FKIndexAssociation class="oracle.dbtools.crest.model.design.relational.FKIndexAssociation" directorySegmentName="seg_0" id="86EBCBAC-6E23-8169-1E11-2C8C1CD1E10C" containerWithKeyObject="4E9DB384-0AB3-EC26-ED9B-2B49812DF065" localFKIndex="66A571F1-EEC3-6278-A1B8-4C4E9C0B80AF" name="fk_empleado_salud">
<sourceDDLFile>MER_E_Cristaleria_Andina.sql</sourceDDLFile>
<createdBy>renatoaravena</createdBy>
<createdTime>2025-10-13 02:07:10 UTC</createdTime>
<ownerDesignName>BaseDeDatosEFT</ownerDesignName>
<referredTableLongName>salud</referredTableLongName>
<deleteRule>NO ACTION</deleteRule>
<referredTableID>8A187FB7-C2A6-4F50-FAFF-A4B2EF1BCDB4</referredTableID>
<keyObject>892739DF-974F-1CF3-B077-C6C705F614EB</keyObject>
<referredKeyID>892739DF-974F-1CF3-B077-C6C705F614EB</referredKeyID>
<mandatory>true</mandatory>
<refColNames>id_salud</refColNames>
<transferable>true</transferable>
<rely>false</rely>
<columnDependencyConstraintGenerateInDDL>true</columnDependencyConstraintGenerateInDDL>
</FKIndexAssociation>