<?xml version = '1.0' encoding = 'UTF-8'?>
<FKIndexAssociation class="oracle.dbtools.crest.model.design.relational.FKIndexAssociation" directorySegmentName="seg_0" id="90470B36-3B90-FC10-43D4-062CB2E9BE56" containerWithKeyObject="9DC7AF0D-C1CE-82AC-6B0B-E4813D6524D4" localFKIndex="50A94E39-2260-A0DE-6C75-7EAC3C2796B7" name="fk_maquina_planta">
<sourceDDLFile>MER_E_Cristaleria_Andina.sql</sourceDDLFile>
<createdBy>renatoaravena</createdBy>
<createdTime>2025-10-13 02:07:10 UTC</createdTime>
<ownerDesignName>BaseDeDatosEFT</ownerDesignName>
<referredTableLongName>planta</referredTableLongName>
<deleteRule>NO ACTION</deleteRule>
<referredTableID>01FA8B36-A328-A218-601D-9310A704671C</referredTableID>
<keyObject>1C1D2FD3-2E7B-30E1-7001-4FAF10865888</keyObject>
<referredKeyID>1C1D2FD3-2E7B-30E1-7001-4FAF10865888</referredKeyID>
<mandatory>true</mandatory>
<refColNames>id_planta</refColNames>
<transferable>true</transferable>
<rely>false</rely>
<columnDependencyConstraintGenerateInDDL>true</columnDependencyConstraintGenerateInDDL>
</FKIndexAssociation>