<?xml version = '1.0' encoding = 'UTF-8'?>
<FKIndexAssociation class="oracle.dbtools.crest.model.design.relational.FKIndexAssociation" directorySegmentName="seg_0" id="B6194760-6D5B-0D76-19C6-153DFAD75D4A" containerWithKeyObject="9DC7AF0D-C1CE-82AC-6B0B-E4813D6524D4" localFKIndex="67AF8026-F8E6-4936-F9CB-C430A4028081" name="fk_maquina_tipo">
<sourceDDLFile>MER_E_Cristaleria_Andina.sql</sourceDDLFile>
<createdBy>renatoaravena</createdBy>
<createdTime>2025-10-13 02:07:10 UTC</createdTime>
<ownerDesignName>BaseDeDatosEFT</ownerDesignName>
<referredTableLongName>tipo_maquina</referredTableLongName>
<deleteRule>NO ACTION</deleteRule>
<referredTableID>E1D75F3F-C791-7785-D343-3BF8AA41C5B1</referredTableID>
<keyObject>3382F871-1E6D-2298-E1A9-6317621EBAFA</keyObject>
<referredKeyID>3382F871-1E6D-2298-E1A9-6317621EBAFA</referredKeyID>
<mandatory>true</mandatory>
<refColNames>id_tipo_maquina</refColNames>
<transferable>true</transferable>
<rely>false</rely>
<columnDependencyConstraintGenerateInDDL>true</columnDependencyConstraintGenerateInDDL>
</FKIndexAssociation>