<?xml version = '1.0' encoding = 'UTF-8'?>
<FKIndexAssociation class="oracle.dbtools.crest.model.design.relational.FKIndexAssociation" directorySegmentName="seg_0" id="BC1E0DC1-710C-B8FB-49FC-B656089F51D4" containerWithKeyObject="4E9DB384-0AB3-EC26-ED9B-2B49812DF065" localFKIndex="9C8F91EA-8B32-DBE2-39CE-6802D0FB1662" name="fk_empleado_planta">
<sourceDDLFile>MER_E_Cristaleria_Andina.sql</sourceDDLFile>
<createdBy>renatoaravena</createdBy>
<createdTime>2025-10-13 02:07:10 UTC</createdTime>
<ownerDesignName>BaseDeDatosEFT</ownerDesignName>
<referredTableLongName>planta</referredTableLongName>
<deleteRule>NO ACTION</deleteRule>
<referredTableID>01FA8B36-A328-A218-601D-9310A704671C</referredTableID>
<keyObject>1C1D2FD3-2E7B-30E1-7001-4FAF10865888</keyObject>
<referredKeyID>1C1D2FD3-2E7B-30E1-7001-4FAF10865888</referredKeyID>
<mandatory>true</mandatory>
<refColNames>id_planta</refColNames>
<transferable>true</transferable>
<rely>false</rely>
<columnDependencyConstraintGenerateInDDL>true</columnDependencyConstraintGenerateInDDL>
</FKIndexAssociation>