<?xml version = '1.0' encoding = 'UTF-8'?>
<FKIndexAssociation class="oracle.dbtools.crest.model.design.relational.FKIndexAssociation" directorySegmentName="seg_0" id="BED2D034-6578-6072-01AC-A5BE75CAABC0" containerWithKeyObject="F3341F28-2581-F766-6B71-B1E8119130C7" localFKIndex="A2512D52-8F4E-996F-976C-0E110DCE59A0" name="fk_orden_maquina">
<sourceDDLFile>MER_E_Cristaleria_Andina.sql</sourceDDLFile>
<createdBy>renatoaravena</createdBy>
<createdTime>2025-10-13 02:07:10 UTC</createdTime>
<ownerDesignName>BaseDeDatosEFT</ownerDesignName>
<referredTableLongName>maquina</referredTableLongName>
<deleteRule>NO ACTION</deleteRule>
<referredTableID>9DC7AF0D-C1CE-82AC-6B0B-E4813D6524D4</referredTableID>
<keyObject>9DFF8C82-A169-D67F-7437-D9F95E930B8C</keyObject>
<referredKeyID>9DFF8C82-A169-D67F-7437-D9F95E930B8C</referredKeyID>
<mandatory>true</mandatory>
<refColNames>numero_maquina,id_planta</refColNames>
<transferable>true</transferable>
<rely>false</rely>
<columnDependencyConstraintGenerateInDDL>true</columnDependencyConstraintGenerateInDDL>
</FKIndexAssociation>