<?xml version = '1.0' encoding = 'UTF-8'?>
<FKIndexAssociation class="oracle.dbtools.crest.model.design.relational.FKIndexAssociation" directorySegmentName="seg_0" id="C41715F1-3626-8326-1772-FB8976B14432" containerWithKeyObject="4E9DB384-0AB3-EC26-ED9B-2B49812DF065" localFKIndex="3519DEB0-A9BD-BB43-C488-5EF4E48B1758" name="fk_empleado_jefe">
<sourceDDLFile>MER_E_Cristaleria_Andina.sql</sourceDDLFile>
<createdBy>renatoaravena</createdBy>
<createdTime>2025-10-13 02:07:10 UTC</createdTime>
<ownerDesignName>BaseDeDatosEFT</ownerDesignName>
<referredTableLongName>empleado</referredTableLongName>
<deleteRule>NO ACTION</deleteRule>
<referredTableID>4E9DB384-0AB3-EC26-ED9B-2B49812DF065</referredTableID>
<keyObject>4AD2A7CF-92D1-7D4A-B1C3-3081090BEC60</keyObject>
<referredKeyID>4AD2A7CF-92D1-7D4A-B1C3-3081090BEC60</referredKeyID>
<mandatory>false</mandatory>
<refColNames>id_empleado</refColNames>
<transferable>true</transferable>
<rely>false</rely>
<columnDependencyConstraintGenerateInDDL>true</columnDependencyConstraintGenerateInDDL>
</FKIndexAssociation>