<?xml version = '1.0' encoding = 'UTF-8'?>
<FKIndexAssociation class="oracle.dbtools.crest.model.design.relational.FKIndexAssociation" directorySegmentName="seg_0" id="D84B72B2-87C9-7B53-68C9-1622425BB0A0" containerWithKeyObject="A79600FE-9986-A51D-4AF3-641C8522E780" localFKIndex="AC62A8B5-3AF4-9D9D-608B-BC2880C7BE86" name="fk_comuna_region">
<sourceDDLFile>MER_E_Cristaleria_Andina.sql</sourceDDLFile>
<createdBy>renatoaravena</createdBy>
<createdTime>2025-10-13 02:07:10 UTC</createdTime>
<ownerDesignName>BaseDeDatosEFT</ownerDesignName>
<referredTableLongName>region</referredTableLongName>
<deleteRule>NO ACTION</deleteRule>
<referredTableID>DB37346A-B1CD-D65F-6B9A-A034C40C3EE8</referredTableID>
<keyObject>DB460B4A-DDAC-F380-CB3E-8173FE75F7C7</keyObject>
<referredKeyID>DB460B4A-DDAC-F380-CB3E-8173FE75F7C7</referredKeyID>
<mandatory>true</mandatory>
<refColNames>id_region</refColNames>
<transferable>true</transferable>
<rely>false</rely>
<columnDependencyConstraintGenerateInDDL>true</columnDependencyConstraintGenerateInDDL>
</FKIndexAssociation>