<?xml version = '1.0' encoding = 'UTF-8'?>
<FKIndexAssociation class="oracle.dbtools.crest.model.design.relational.FKIndexAssociation" directorySegmentName="seg_0" id="E87E0DE1-1099-1B1E-94CF-5E92456623EA" containerWithKeyObject="4448A232-A9C6-A106-D351-70F818E964E1" localFKIndex="DD8EF650-CA07-997F-BB81-24661210A346" name="fk_asignacion_maquina">
<sourceDDLFile>MER_E_Cristaleria_Andina.sql</sourceDDLFile>
<createdBy>renatoaravena</createdBy>
<createdTime>2025-10-13 02:07:10 UTC</createdTime>
<ownerDesignName>BaseDeDatosEFT</ownerDesignName>
<referredTableLongName>maquina</referredTableLongName>
<deleteRule>NO ACTION</deleteRule>
<referredTableID>9DC7AF0D-C1CE-82AC-6B0B-E4813D6524D4</referredTableID>
<keyObject>9DFF8C82-A169-D67F-7437-D9F95E930B8C</keyObject>
<referredKeyID>9DFF8C82-A169-D67F-7437-D9F95E930B8C</referredKeyID>
<mandatory>true</mandatory>
<refColNames>numero_maquina,id_planta</refColNames>
<transferable>true</transferable>
<rely>false</rely>
<columnDependencyConstraintGenerateInDDL>true</columnDependencyConstraintGenerateInDDL>
</FKIndexAssociation>