<?xml version = '1.0' encoding = 'UTF-8'?>
<FKIndexAssociation class="oracle.dbtools.crest.model.design.relational.FKIndexAssociation" directorySegmentName="seg_0" id="F763DF21-903C-6069-B740-B783E59E36E9" containerWithKeyObject="4448A232-A9C6-A106-D351-70F818E964E1" localFKIndex="D474C3AF-0C4C-33FE-EDC0-7E201FB53222" name="fk_asignacion_empleado">
<sourceDDLFile>MER_E_Cristaleria_Andina.sql</sourceDDLFile>
<createdBy>renatoaravena</createdBy>
<createdTime>2025-10-13 02:07:10 UTC</createdTime>
<ownerDesignName>BaseDeDatosEFT</ownerDesignName>
<referredTableLongName>empleado</referredTableLongName>
<deleteRule>NO ACTION</deleteRule>
<referredTableID>4E9DB384-0AB3-EC26-ED9B-2B49812DF065</referredTableID>
<keyObject>4AD2A7CF-92D1-7D4A-B1C3-3081090BEC60</keyObject>
<referredKeyID>4AD2A7CF-92D1-7D4A-B1C3-3081090BEC60</referredKeyID>
<mandatory>true</mandatory>
<refColNames>id_empleado</refColNames>
<transferable>true</transferable>
<rely>false</rely>
<columnDependencyConstraintGenerateInDDL>true</columnDependencyConstraintGenerateInDDL>
</FKIndexAssociation>