<?xml version = '1.0' encoding = 'UTF-8'?>
<FKIndexAssociation class="oracle.dbtools.crest.model.design.relational.FKIndexAssociation" directorySegmentName="seg_0" id="FECA4E76-E42F-EE37-3E2B-452F8A937435" containerWithKeyObject="1B173EFD-DC27-89FA-C60C-26E15C735884" localFKIndex="89F39B47-AB50-12AE-3341-AAA8A7B8FDF7" name="fk_operario_empleado">
<sourceDDLFile>MER_E_Cristaleria_Andina.sql</sourceDDLFile>
<createdBy>renatoaravena</createdBy>
<createdTime>2025-10-13 02:07:10 UTC</createdTime>
<ownerDesignName>BaseDeDatosEFT</ownerDesignName>
<referredTableLongName>empleado</referredTableLongName>
<deleteRule>NO ACTION</deleteRule>
<referredTableID>4E9DB384-0AB3-EC26-ED9B-2B49812DF065</referredTableID>
<keyObject>4AD2A7CF-92D1-7D4A-B1C3-3081090BEC60</keyObject>
<referredKeyID>4AD2A7CF-92D1-7D4A-B1C3-3081090BEC60</referredKeyID>
<mandatory>true</mandatory>
<refColNames>id_empleado</refColNames>
<transferable>true</transferable>
<rely>false</rely>
<columnDependencyConstraintGenerateInDDL>true</columnDependencyConstraintGenerateInDDL>
</FKIndexAssociation>