<?xml version = '1.0' encoding = 'UTF-8'?>
<FKIndexAssociation class="oracle.dbtools.crest.model.design.relational.FKIndexAssociation" directorySegmentName="seg_0" id="0838DA84-19A7-0FCD-DF4C-F67E3C5972AE" containerWithKeyObject="A5562E4A-59A3-6496-2DFF-4FD038B5F449" localFKIndex="CB28E5FA-4727-D32F-3A53-1C066263E4A7" name="COMUNA_REGION_FK">
<createdBy>renatoaravena</createdBy>
<createdTime>2025-09-16 01:32:12 UTC</createdTime>
<generatorID>B4E1E9CE-B11E-C939-85B0-B0F82C867298</generatorID>
<ownerDesignName>BASEDATOSSUMATIVA</ownerDesignName>
<referredTableLongName>REGION</referredTableLongName>
<deleteRule>NO ACTION</deleteRule>
<referredTableID>2B804929-B9C5-1CCC-A48E-7DA3710B2D9A</referredTableID>
<keyObject>74541164-13E3-26C5-BF26-CC091D8D3EEE</keyObject>
<referredKeyID>74541164-13E3-26C5-BF26-CC091D8D3EEE</referredKeyID>
<mandatory>true</mandatory>
<refColNames>id_region</refColNames>
<transferable>true</transferable>
<rely>false</rely>
<columnDependencyConstraintGenerateInDDL>true</columnDependencyConstraintGenerateInDDL>
</FKIndexAssociation>