<?xml version = '1.0' encoding = 'UTF-8'?>
<FKIndexAssociation class="oracle.dbtools.crest.model.design.relational.FKIndexAssociation" directorySegmentName="seg_0" id="123395B3-C026-5C43-1AAC-2D30530C2EB3" containerWithKeyObject="03DDF71A-6599-DA91-189F-45786539D0A6" localFKIndex="4BAB7B3A-45BA-BBFB-9332-CBF5AC294738" name="MEDICO_AFP_FK">
<createdBy>renatoaravena</createdBy>
<createdTime>2025-09-16 01:32:12 UTC</createdTime>
<generatorID>AABEEEDB-4D87-D7F0-117D-7451394EB970</generatorID>
<ownerDesignName>BASEDATOSSUMATIVA</ownerDesignName>
<referredTableLongName>AFP</referredTableLongName>
<deleteRule>NO ACTION</deleteRule>
<referredTableID>EF917B5B-F218-86C0-A9FD-66C7D31D1CD2</referredTableID>
<keyObject>66DF453F-AD71-1533-42B3-C465FA4B9C7F</keyObject>
<referredKeyID>66DF453F-AD71-1533-42B3-C465FA4B9C7F</referredKeyID>
<mandatory>true</mandatory>
<refColNames>id_afp</refColNames>
<transferable>true</transferable>
<rely>false</rely>
<columnDependencyConstraintGenerateInDDL>true</columnDependencyConstraintGenerateInDDL>
</FKIndexAssociation>