<?xml version = '1.0' encoding = 'UTF-8'?>
<FKIndexAssociation class="oracle.dbtools.crest.model.design.relational.FKIndexAssociation" directorySegmentName="seg_0" id="3786DD42-34F9-7B19-E161-3AA045D3AC91" containerWithKeyObject="00E3D400-4630-4AAB-33A0-1F8C2E5A6498" localFKIndex="B8AD6AA6-3FBC-F01A-03BD-73A5BA6FEAC3" name="PAGO_ATENCION_TIPO_PAGO_FK">
<createdBy>renatoaravena</createdBy>
<createdTime>2025-09-16 01:32:12 UTC</createdTime>
<generatorID>20ED27D5-CAC8-4DB5-C73B-D03BC0837D6D</generatorID>
<ownerDesignName>BASEDATOSSUMATIVA</ownerDesignName>
<referredTableLongName>TIPO_PAGO</referredTableLongName>
<deleteRule>NO ACTION</deleteRule>
<referredTableID>13826FE7-3DA8-09E5-1C2E-D9F1DD070D63</referredTableID>
<keyObject>DE117289-33BB-2745-646B-B910EC18C495</keyObject>
<referredKeyID>DE117289-33BB-2745-646B-B910EC18C495</referredKeyID>
<mandatory>true</mandatory>
<refColNames>id_tipo_pago</refColNames>
<transferable>true</transferable>
<rely>false</rely>
<columnDependencyConstraintGenerateInDDL>true</columnDependencyConstraintGenerateInDDL>
</FKIndexAssociation>