<?xml version = '1.0' encoding = 'UTF-8'?>
<FKIndexAssociation class="oracle.dbtools.crest.model.design.relational.FKIndexAssociation" directorySegmentName="seg_0" id="43188D23-EB23-6E8A-2735-B24FFF09C146" containerWithKeyObject="03DDF71A-6599-DA91-189F-45786539D0A6" localFKIndex="29ECA194-5376-1B24-60DD-15F9CA4E2A38" name="MEDICO_MEDICO_FK">
<createdBy>renatoaravena</createdBy>
<createdTime>2025-09-16 01:32:12 UTC</createdTime>
<generatorID>A0FD4128-4D79-781C-580B-1BBEBFF7E58B</generatorID>
<ownerDesignName>BASEDATOSSUMATIVA</ownerDesignName>
<referredTableLongName>MEDICO</referredTableLongName>
<deleteRule>NO ACTION</deleteRule>
<referredTableID>03DDF71A-6599-DA91-189F-45786539D0A6</referredTableID>
<keyObject>19F9D421-C37D-7A93-1E6C-E2FB5EE0DC90</keyObject>
<referredKeyID>19F9D421-C37D-7A93-1E6C-E2FB5EE0DC90</referredKeyID>
<mandatory>true</mandatory>
<refColNames>rut_medico</refColNames>
<transferable>true</transferable>
<rely>false</rely>
<columnDependencyConstraintGenerateInDDL>true</columnDependencyConstraintGenerateInDDL>
</FKIndexAssociation>