<?xml version = '1.0' encoding = 'UTF-8'?>
<FKIndexAssociation class="oracle.dbtools.crest.model.design.relational.FKIndexAssociation" directorySegmentName="seg_0" id="5509AFF2-20B6-D584-A95B-AC022F187150" containerWithKeyObject="6016AB51-DEA5-BE4A-462D-B7A3B5E166A8" localFKIndex="0899F2BE-B70A-50EB-26F1-90FC32B9AC02" name="ATENCION_MEDICA_TIPO_ATENCION_FK">
<createdBy>renatoaravena</createdBy>
<createdTime>2025-09-16 01:32:12 UTC</createdTime>
<generatorID>44A27CDF-6207-FFA3-4084-C7AA7907BEBB</generatorID>
<ownerDesignName>BASEDATOSSUMATIVA</ownerDesignName>
<referredTableLongName>TIPO_ATENCION</referredTableLongName>
<deleteRule>NO ACTION</deleteRule>
<referredTableID>75BED72A-0E38-EE2A-609F-EF46AAECC05E</referredTableID>
<keyObject>BCBD39D8-7AF8-3E02-C50C-D1C50B7920C4</keyObject>
<referredKeyID>BCBD39D8-7AF8-3E02-C50C-D1C50B7920C4</referredKeyID>
<mandatory>true</mandatory>
<refColNames>id_tipo_atencion</refColNames>
<transferable>true</transferable>
<rely>false</rely>
<columnDependencyConstraintGenerateInDDL>true</columnDependencyConstraintGenerateInDDL>
</FKIndexAssociation>