<?xml version = '1.0' encoding = 'UTF-8'?>
<FKIndexAssociation class="oracle.dbtools.crest.model.design.relational.FKIndexAssociation" directorySegmentName="seg_0" id="870CE953-66BB-459B-1C7E-1D86365A9AFD" containerWithKeyObject="6016AB51-DEA5-BE4A-462D-B7A3B5E166A8" localFKIndex="9CA47800-900B-1A36-1070-70A8B1A3B499" name="ATENCION_MEDICA_ESPECIALIDAD_FK">
<createdBy>renatoaravena</createdBy>
<createdTime>2025-09-16 01:32:12 UTC</createdTime>
<generatorID>8F6ED8C2-C089-15FB-0765-BC996C233B4B</generatorID>
<ownerDesignName>BASEDATOSSUMATIVA</ownerDesignName>
<referredTableLongName>ESPECIALIDAD</referredTableLongName>
<deleteRule>NO ACTION</deleteRule>
<referredTableID>9F9E6511-7C90-8948-42E6-71C506E9687E</referredTableID>
<keyObject>A6072FA9-F77A-0AE3-C5C3-E48988E773CF</keyObject>
<referredKeyID>A6072FA9-F77A-0AE3-C5C3-E48988E773CF</referredKeyID>
<mandatory>true</mandatory>
<refColNames>id_esp</refColNames>
<transferable>true</transferable>
<rely>false</rely>
<columnDependencyConstraintGenerateInDDL>true</columnDependencyConstraintGenerateInDDL>
</FKIndexAssociation>