<?xml version = '1.0' encoding = 'UTF-8'?>
<FKIndexAssociation class="oracle.dbtools.crest.model.design.relational.FKIndexAssociation" directorySegmentName="seg_0" id="B041D4F9-9B38-8781-6689-15A07A6EB787" containerWithKeyObject="03DDF71A-6599-DA91-189F-45786539D0A6" localFKIndex="9DF3EF5A-D204-26F8-F9CF-D5C00A407F3B" name="MEDICO_INSTITUCION_SALUD_FK">
<createdBy>renatoaravena</createdBy>
<createdTime>2025-09-16 01:32:12 UTC</createdTime>
<generatorID>174A54CA-8F44-1F12-1AC2-132DE1AB321B</generatorID>
<ownerDesignName>BASEDATOSSUMATIVA</ownerDesignName>
<referredTableLongName>INSTITUCION_SALUD</referredTableLongName>
<deleteRule>NO ACTION</deleteRule>
<referredTableID>24C1A4ED-930F-7059-BB42-6E9950D663CC</referredTableID>
<keyObject>455779F3-79EE-689C-EE7A-AEEF1900E7C4</keyObject>
<referredKeyID>455779F3-79EE-689C-EE7A-AEEF1900E7C4</referredKeyID>
<mandatory>true</mandatory>
<refColNames>id_institucion_salud</refColNames>
<transferable>true</transferable>
<rely>false</rely>
<columnDependencyConstraintGenerateInDDL>true</columnDependencyConstraintGenerateInDDL>
</FKIndexAssociation>