<?xml version = '1.0' encoding = 'UTF-8'?>
<FKIndexAssociation class="oracle.dbtools.crest.model.design.relational.FKIndexAssociation" directorySegmentName="seg_0" id="B9CC11A7-DBA7-DF80-2C6C-C95B5A874222" containerWithKeyObject="00E3D400-4630-4AAB-33A0-1F8C2E5A6498" localFKIndex="48CC0FBA-C39B-4371-20BC-3B3F671B1D61" name="PAGO_ATENCION_ATENCION_MEDICA_FK">
<createdBy>renatoaravena</createdBy>
<createdTime>2025-09-16 01:32:12 UTC</createdTime>
<generatorID>E16823FD-C9F7-C1BF-7946-21832616CC6C</generatorID>
<ownerDesignName>BASEDATOSSUMATIVA</ownerDesignName>
<referredTableLongName>ATENCION_MEDICA</referredTableLongName>
<deleteRule>NO ACTION</deleteRule>
<referredTableID>6016AB51-DEA5-BE4A-462D-B7A3B5E166A8</referredTableID>
<keyObject>D3A88AA7-8EA6-606C-3ED1-2D5368380844</keyObject>
<referredKeyID>D3A88AA7-8EA6-606C-3ED1-2D5368380844</referredKeyID>
<mandatory>true</mandatory>
<refColNames>id_atencion</refColNames>
<transferable>true</transferable>
<rely>false</rely>
<columnDependencyConstraintGenerateInDDL>true</columnDependencyConstraintGenerateInDDL>
</FKIndexAssociation>