<?xml version = '1.0' encoding = 'UTF-8'?>
<FKIndexAssociation class="oracle.dbtools.crest.model.design.relational.FKIndexAssociation" directorySegmentName="seg_0" id="BEAD5B5C-8D93-1037-805F-489E2B36A47D" containerWithKeyObject="03DDF71A-6599-DA91-189F-45786539D0A6" localFKIndex="ABC98D8B-C9C1-872E-47CC-421F881F3105" name="MEDICO_ESPECIALIDAD_FK">
<createdBy>renatoaravena</createdBy>
<createdTime>2025-09-16 01:32:12 UTC</createdTime>
<generatorID>DF2B04D6-0409-14F2-598D-B7D2F2FCDB21</generatorID>
<ownerDesignName>BASEDATOSSUMATIVA</ownerDesignName>
<referredTableLongName>ESPECIALIDAD</referredTableLongName>
<deleteRule>NO ACTION</deleteRule>
<referredTableID>9F9E6511-7C90-8948-42E6-71C506E9687E</referredTableID>
<keyObject>A6072FA9-F77A-0AE3-C5C3-E48988E773CF</keyObject>
<referredKeyID>A6072FA9-F77A-0AE3-C5C3-E48988E773CF</referredKeyID>
<mandatory>true</mandatory>
<refColNames>id_esp</refColNames>
<transferable>true</transferable>
<rely>false</rely>
<columnDependencyConstraintGenerateInDDL>true</columnDependencyConstraintGenerateInDDL>
</FKIndexAssociation>