<?xml version = '1.0' encoding = 'UTF-8'?>
<FKIndexAssociation class="oracle.dbtools.crest.model.design.relational.FKIndexAssociation" directorySegmentName="seg_0" id="DF11EB9A-C236-9452-DC28-2EB743D46369" containerWithKeyObject="6016AB51-DEA5-BE4A-462D-B7A3B5E166A8" localFKIndex="3E6AE8D5-18F8-86B4-9E7D-5B2D3E883E40" name="ATENCION_MEDICA_MEDICO_FK">
<createdBy>renatoaravena</createdBy>
<createdTime>2025-09-16 01:32:12 UTC</createdTime>
<generatorID>18E902AB-0F03-3253-DFFD-5CC4E1016D5E</generatorID>
<ownerDesignName>BASEDATOSSUMATIVA</ownerDesignName>
<referredTableLongName>MEDICO</referredTableLongName>
<deleteRule>NO ACTION</deleteRule>
<referredTableID>03DDF71A-6599-DA91-189F-45786539D0A6</referredTableID>
<keyObject>19F9D421-C37D-7A93-1E6C-E2FB5EE0DC90</keyObject>
<referredKeyID>19F9D421-C37D-7A93-1E6C-E2FB5EE0DC90</referredKeyID>
<mandatory>true</mandatory>
<refColNames>rut_medico</refColNames>
<transferable>true</transferable>
<rely>false</rely>
<columnDependencyConstraintGenerateInDDL>true</columnDependencyConstraintGenerateInDDL>
</FKIndexAssociation>