<?xml version = '1.0' encoding = 'UTF-8'?>
<FKIndexAssociation class="oracle.dbtools.crest.model.design.relational.FKIndexAssociation" directorySegmentName="seg_0" id="EAB3EA61-CE3D-E4E9-90FD-0A3B4F94CD9E" containerWithKeyObject="6D3EB86B-CADD-9EF4-4A63-FB4DC12A3E57" localFKIndex="BDE11E56-4E6E-C764-5E40-2DD53927D50F" name="PACIENTE_COMUNA_FK">
<createdBy>renatoaravena</createdBy>
<createdTime>2025-09-16 01:32:12 UTC</createdTime>
<generatorID>BFE04A77-5214-3F7D-229F-8D05EEF09F9F</generatorID>
<ownerDesignName>BASEDATOSSUMATIVA</ownerDesignName>
<referredTableLongName>COMUNA</referredTableLongName>
<deleteRule>NO ACTION</deleteRule>
<referredTableID>A5562E4A-59A3-6496-2DFF-4FD038B5F449</referredTableID>
<keyObject>A35B9D2E-2A74-B6E3-40BA-2DE5EBB94308</keyObject>
<referredKeyID>A35B9D2E-2A74-B6E3-40BA-2DE5EBB94308</referredKeyID>
<mandatory>true</mandatory>
<refColNames>id_comuna</refColNames>
<transferable>true</transferable>
<rely>false</rely>
<columnDependencyConstraintGenerateInDDL>true</columnDependencyConstraintGenerateInDDL>
</FKIndexAssociation>