<?xml version = '1.0' encoding = 'UTF-8'?>
<FKIndexAssociation class="oracle.dbtools.crest.model.design.relational.FKIndexAssociation" directorySegmentName="seg_0" id="F324EC85-A82F-0EE0-614E-F13851E0BA44" containerWithKeyObject="6016AB51-DEA5-BE4A-462D-B7A3B5E166A8" localFKIndex="98D8C3E6-136C-F280-4B8D-3600178B212A" name="ATENCION_MEDICA_PACIENTE_FK">
<createdBy>renatoaravena</createdBy>
<createdTime>2025-09-16 01:32:12 UTC</createdTime>
<generatorID>66E784A2-CA89-77BC-0477-A518D567EFA4</generatorID>
<ownerDesignName>BASEDATOSSUMATIVA</ownerDesignName>
<referredTableLongName>PACIENTE</referredTableLongName>
<deleteRule>NO ACTION</deleteRule>
<referredTableID>6D3EB86B-CADD-9EF4-4A63-FB4DC12A3E57</referredTableID>
<keyObject>9D55EE2E-3757-3276-FFEA-0F1F57B4F911</keyObject>
<referredKeyID>9D55EE2E-3757-3276-FFEA-0F1F57B4F911</referredKeyID>
<mandatory>true</mandatory>
<refColNames>rut_paciente</refColNames>
<transferable>true</transferable>
<rely>false</rely>
<columnDependencyConstraintGenerateInDDL>true</columnDependencyConstraintGenerateInDDL>
</FKIndexAssociation>