<?xml version = '1.0' encoding = 'UTF-8'?>
<TableProxyOraclev20c class="oracle.dbtools.crest.model.design.storage.oracle.v20c.TableProxyOraclev20c" name="operario" directorySegmentName="seg_0" id="25AF289F-7A62-7281-3377-074FEEE1A26F">
<createdBy>renatoaravena</createdBy>
<createdTime>2025-10-13 01:46:14 UTC</createdTime>
<ownerDesignName>BaseDeDatosEFT</ownerDesignName>
<partitionedRowMovement>DISABLE</partitionedRowMovement>
<temporaryChanged>false</temporaryChanged>
<accessDriverType>oracle_loader</accessDriverType>
<rejectLimit></rejectLimit>
<columnProxies itemClass="oracle.dbtools.crest.model.design.storage.oracle.v12c.ColumnProxyOraclev12c">
<ColumnProxy name="categoria_proceso" id="05A44BEE-D922-F7C7-AFF6-30B83C3871BD">
<createdBy>renatoaravena</createdBy>
<createdTime>2025-10-13 01:46:14 UTC</createdTime>
<ownerDesignName>BaseDeDatosEFT</ownerDesignName>
</ColumnProxy>
<ColumnProxy name="horas_estandar" id="45170E23-5D8C-14C6-BA1D-60E9ED3E10F2">
<createdBy>renatoaravena</createdBy>
<createdTime>2025-10-13 01:46:14 UTC</createdTime>
<ownerDesignName>BaseDeDatosEFT</ownerDesignName>
<defaultValue>8</defaultValue>
</ColumnProxy>
<ColumnProxy name="certificacion" id="8E4C3589-9A04-533F-D2C7-35F20C6C9BBD">
<createdBy>renatoaravena</createdBy>
<createdTime>2025-10-13 01:46:14 UTC</createdTime>
<ownerDesignName>BaseDeDatosEFT</ownerDesignName>
</ColumnProxy>
<ColumnProxy name="id_empleado" id="EA2E76A3-94EC-A6C6-A459-D242D62129C0">
<createdBy>renatoaravena</createdBy>
<createdTime>2025-10-13 01:46:14 UTC</createdTime>
<ownerDesignName>BaseDeDatosEFT</ownerDesignName>
</ColumnProxy>
</columnProxies>
<foreignKeys>
<ForeignKey class="oracle.dbtools.crest.model.design.storage.oracle.v10g.FKProxyOraclev10g" name="fk_operario_empleado" id="9A0F0CF3-5C6F-7BE5-82A8-378BDDCBA246">
<createdBy>renatoaravena</createdBy>
<createdTime>2025-10-13 01:46:14 UTC</createdTime>
<ownerDesignName>BaseDeDatosEFT</ownerDesignName>
</ForeignKey>
</foreignKeys>
<primaryKeys>
<PrimaryKey class="oracle.dbtools.crest.model.design.storage.oracle.v10g.PKProxyOraclev10g" name="operario_PK" id="83D7FBBA-7C8F-30F5-9E3F-880761B4B31C">
<createdBy>renatoaravena</createdBy>
<createdTime>2025-10-13 01:46:14 UTC</createdTime>
<ownerDesignName>BaseDeDatosEFT</ownerDesignName>
<indexSort>SORTED</indexSort>
</PrimaryKey>
</primaryKeys>
</TableProxyOraclev20c>