<?xml version = '1.0' encoding = 'UTF-8'?>
<TableProxyOraclev20c class="oracle.dbtools.crest.model.design.storage.oracle.v20c.TableProxyOraclev20c" name="salud" directorySegmentName="seg_0" id="3991BA70-0DF3-3F20-96A9-444AA612605C">
<createdBy>renatoaravena</createdBy>
<createdTime>2025-10-13 01:46:14 UTC</createdTime>
<ownerDesignName>BaseDeDatosEFT</ownerDesignName>
<partitionedRowMovement>DISABLE</partitionedRowMovement>
<temporaryChanged>false</temporaryChanged>
<accessDriverType>oracle_loader</accessDriverType>
<rejectLimit></rejectLimit>
<columnProxies itemClass="oracle.dbtools.crest.model.design.storage.oracle.v12c.ColumnProxyOraclev12c">
<ColumnProxy name="id_salud" id="62E19031-AF00-E6F7-E80B-8FE7ABADC5E0">
<createdBy>renatoaravena</createdBy>
<createdTime>2025-10-13 01:46:14 UTC</createdTime>
<ownerDesignName>BaseDeDatosEFT</ownerDesignName>
<autoIncrementDDL>IDENTITY_CLAUSE</autoIncrementDDL>
</ColumnProxy>
<ColumnProxy name="nombre_salud" id="64D796AD-8829-E13D-7333-67E9356D6C6B">
<createdBy>renatoaravena</createdBy>
<createdTime>2025-10-13 01:46:14 UTC</createdTime>
<ownerDesignName>BaseDeDatosEFT</ownerDesignName>
</ColumnProxy>
</columnProxies>
<primaryKeys>
<PrimaryKey class="oracle.dbtools.crest.model.design.storage.oracle.v10g.PKProxyOraclev10g" name="pk_salud" id="C7EB9DB4-F1A9-77B8-9056-9FCC16988626">
<createdBy>renatoaravena</createdBy>
<createdTime>2025-10-13 01:46:14 UTC</createdTime>
<ownerDesignName>BaseDeDatosEFT</ownerDesignName>
<indexSort>SORTED</indexSort>
</PrimaryKey>
</primaryKeys>
<uniqueKeys>
<UniqueKey class="oracle.dbtools.crest.model.design.storage.oracle.v10g.UniqueOraclev10g" name="un_salud_nombre" id="D87971EB-7D1F-3AB1-078E-79A5EFA66CA9">
<createdBy>renatoaravena</createdBy>
<createdTime>2025-10-13 01:46:14 UTC</createdTime>
<ownerDesignName>BaseDeDatosEFT</ownerDesignName>
<indexSort>SORTED</indexSort>
</UniqueKey>
</uniqueKeys>
</TableProxyOraclev20c>