<?xml version = '1.0' encoding = 'UTF-8'?>
<TableProxyOraclev20c class="oracle.dbtools.crest.model.design.storage.oracle.v20c.TableProxyOraclev20c" name="turno" directorySegmentName="seg_0" id="B701FC22-C8E8-C32D-8F73-0EA9B3A1330C">
<createdBy>renatoaravena</createdBy>
<createdTime>2025-10-13 01:46:14 UTC</createdTime>
<ownerDesignName>BaseDeDatosEFT</ownerDesignName>
<partitionedRowMovement>DISABLE</partitionedRowMovement>
<temporaryChanged>false</temporaryChanged>
<accessDriverType>oracle_loader</accessDriverType>
<rejectLimit></rejectLimit>
<columnProxies itemClass="oracle.dbtools.crest.model.design.storage.oracle.v12c.ColumnProxyOraclev12c">
<ColumnProxy name="hora_termino" id="48F7F106-1AD4-8065-48D0-BFFA017F2D48">
<createdBy>renatoaravena</createdBy>
<createdTime>2025-10-13 01:46:14 UTC</createdTime>
<ownerDesignName>BaseDeDatosEFT</ownerDesignName>
</ColumnProxy>
<ColumnProxy name="id_turno" id="4A8C7782-284D-C9ED-78B4-32D552E85100">
<createdBy>renatoaravena</createdBy>
<createdTime>2025-10-13 01:46:14 UTC</createdTime>
<ownerDesignName>BaseDeDatosEFT</ownerDesignName>
<autoIncrementDDL>IDENTITY_CLAUSE</autoIncrementDDL>
</ColumnProxy>
<ColumnProxy name="nombre_turno" id="6227AB9B-511C-BDAF-052D-C165155C97AE">
<createdBy>renatoaravena</createdBy>
<createdTime>2025-10-13 01:46:14 UTC</createdTime>
<ownerDesignName>BaseDeDatosEFT</ownerDesignName>
</ColumnProxy>
<ColumnProxy name="hora_inicio" id="C6D87D92-A756-4228-AFFA-93BDC91E9830">
<createdBy>renatoaravena</createdBy>
<createdTime>2025-10-13 01:46:14 UTC</createdTime>
<ownerDesignName>BaseDeDatosEFT</ownerDesignName>
</ColumnProxy>
</columnProxies>
<primaryKeys>
<PrimaryKey class="oracle.dbtools.crest.model.design.storage.oracle.v10g.PKProxyOraclev10g" name="pk_turno" id="7D2CD9BD-D400-CBC8-9E12-508FFB977BBF">
<createdBy>renatoaravena</createdBy>
<createdTime>2025-10-13 01:46:14 UTC</createdTime>
<ownerDesignName>BaseDeDatosEFT</ownerDesignName>
<indexSort>SORTED</indexSort>
</PrimaryKey>
</primaryKeys>
<uniqueKeys>
<UniqueKey class="oracle.dbtools.crest.model.design.storage.oracle.v10g.UniqueOraclev10g" name="un_turno_nombre" id="9EB37961-4912-E808-A9BE-8A874DC95F65">
<createdBy>renatoaravena</createdBy>
<createdTime>2025-10-13 01:46:14 UTC</createdTime>
<ownerDesignName>BaseDeDatosEFT</ownerDesignName>
<indexSort>SORTED</indexSort>
</UniqueKey>
</uniqueKeys>
</TableProxyOraclev20c>